{
	"format_version": "1.8.0",
	"animations": {
		"animation.dottler.ground_idle": {
			"loop": true,
			"bones": {
				"torso": {
					"rotation": ["0+math.sin(q.anim_time*90*12/5-90)*2", 0, "0+math.sin(q.anim_time*90*2)*3"]
				},
				"whisterd1": {
					"rotation": [0, 0, "0+math.sin(q.anim_time*90*2-60)*1"]
				},
				"whisterd2": {
					"rotation": [0, 0, "0+math.sin(q.anim_time*90*2-60)*1"]
				}
			}
		},
		"animation.dottler.blink": {
			"animation_length": 0.21,
			"bones": {
				"eyes": {
					"position": {
						"0.0": {
							"post": [0, 0, 1],
							"lerp_mode": "catmullrom"
						},
						"0.2083": {
							"post": [0, 0, 0],
							"lerp_mode": "catmullrom"
						}
					}
				}
			}
		},
		"animation.dottler.ground_walk": {
			"loop": true,
			"animation_length": 1,
			"bones": {
				"body": {
					"position": [0, 0, "0+math.siN(q.anim_time*90*4+90)*0.2"]
				},
				"leg1": {
					"rotation": [
						"math.clamp(math.sin(query.anim_time*90*4*1+0)*22.5,-22,0)+math.clamp(math.sin(query.anim_time*90*4*1+0)*7.5,0,5)",
						"-10+math.sin(q.anim_time*90*4-0)*5",
						"math.clamp(math.sin(query.anim_time*90*4*1+10)*6,-5,0)"
					],
					"position": [
						"0.2+math.sin(q.anim_time*90*4-75+180)*0.25",
						"math.clamp(math.sin(query.anim_time*90*4*1+200)*1,-0.1,1)",
						"0+math.sin(q.anim_time*90*4-75)*1.5"
					]
				},
				"leg3": {
					"rotation": [
						"math.clamp(math.sin(query.anim_time*90*4*1+180)*22.5,-22,0)+math.clamp(math.sin(query.anim_time*90*4*1+180)*7.5,0,5)",
						"10+math.sin(q.anim_time*90*4+0)*5",
						"math.clamp(math.sin(query.anim_time*90*4*1+10)*6,-0,5)"
					],
					"position": [
						"0.8+math.sin(q.anim_time*90*4-75+180)*0.25",
						"math.clamp(math.sin(query.anim_time*90*4*1+200+180)*1,-0.1,1)",
						"0+math.sin(q.anim_time*90*4-75+180)*1.5"
					]
				},
				"head": {
					"rotation": ["0+math.sin(q.anim_time*90*4)*4", "math.sin(q.anim_time*90*4+90)*8", "0+math.sin(q.anim_time*90*4+90)*6"]
				},
				"leg2": {
					"rotation": [
						"math.clamp(math.sin(query.anim_time*90*4*1+180)*22.5,-22,0)+math.clamp(math.sin(query.anim_time*90*4*1+180)*7.5,0,5)",
						"10+math.sin(q.anim_time*90*4+0)*5",
						"math.clamp(math.sin(query.anim_time*90*4*1+10)*6,-0,5)"
					],
					"position": [
						"-0.2+math.sin(q.anim_time*90*4-75+180)*0.25",
						"math.clamp(math.sin(query.anim_time*90*4*1+200+180)*1,-0.1,1)",
						"0+math.sin(q.anim_time*90*4-75+180)*1.5"
					]
				},
				"leg4": {
					"rotation": [
						"math.clamp(math.sin(query.anim_time*90*4*1+0)*22.5,-22,0)+math.clamp(math.sin(query.anim_time*90*4*1+0)*7.5,0,5)",
						"-10+math.sin(q.anim_time*90*4-0)*5",
						"math.clamp(math.sin(query.anim_time*90*4*1+10)*6,-5,0)"
					],
					"position": [
						"0.2+math.sin(q.anim_time*90*4-75+180)*0.25",
						"math.clamp(math.sin(query.anim_time*90*4*1+200)*1,-0.1,1)",
						"3+math.sin(q.anim_time*90*4-75)*1.5"
					]
				}
			}
		},
		"animation.dottler.cry": {
			"animation_length": 0.7083,
			"bones": {
				"head": {
					"rotation": {
						"0.0": {
							"post": [0, 0, 0],
							"lerp_mode": "catmullrom"
						},
						"0.0417": {
							"post": [-2.5, 0, 0],
							"lerp_mode": "catmullrom"
						},
						"0.2083": {
							"post": [2.5, 0, 0],
							"lerp_mode": "catmullrom"
						},
						"0.2917": {
							"post": [-2.5, 0, 0],
							"lerp_mode": "catmullrom"
						},
						"0.375": {
							"post": [2.5, 0, 0],
							"lerp_mode": "catmullrom"
						},
						"0.4583": {
							"post": [-2.5, 0, 0],
							"lerp_mode": "catmullrom"
						},
						"0.7083": {
							"post": [0, 0, 0],
							"lerp_mode": "catmullrom"
						}
					}
				}
			},
			"sound_effects": {
				"0.0833": {
					"effect": "pokemon.dottler.cry"
				}
			}
		},
		"animation.dottler.recoil": {
			"animation_length": 0.5,
			"bones": {
				"head": {
					"rotation": {
						"0.0": [0, 0, 0],
						"0.0417": [-2.5, 0, 0],
						"0.5": [0, 0, 0]
					}
				},
				"eye1": {
					"position": {
						"0.0": [0, 0, 0],
						"0.0417": [0, 0, 1],
						"0.5": [0, 0, 0]
					}
				},
				"eye2": {
					"position": {
						"0.0": [0, 0, 0],
						"0.0417": [0, 0, 1],
						"0.5": [0, 0, 0]
					}
				}
			}
		}
	}
}