{
	"format_version": "1.12.0",
	"minecraft:geometry": [
		{
			"description": {
				"identifier": "geometry.yamask_galarian",
				"texture_width": 64,
				"texture_height": 64,
				"visible_bounds_width": 4,
				"visible_bounds_height": 3.5,
				"visible_bounds_offset": [0, 1.25, 0]
			},
			"bones": [
				{
					"name": "yamask",
					"pivot": [0, 0, 0]
				},
				{
					"name": "body",
					"parent": "yamask",
					"pivot": [0, 0, 0]
				},
				{
					"name": "torso",
					"parent": "body",
					"pivot": [0, 3, 0],
					"cubes": [
						{"origin": [-1, 2.3, 1.4], "size": [2, 2, 1], "pivot": [0, 2, -1], "rotation": [-35, 0, 0], "uv": [16, 40]}
					]
				},
				{
					"name": "tail",
					"parent": "torso",
					"pivot": [0, 0, 1],
					"cubes": [
						{"origin": [-3, 0, 0], "size": [6, 6, 2], "uv": [0, 16]},
						{"origin": [-4, 1, 0], "size": [1, 4, 2], "uv": [16, 34]},
						{"origin": [3, 1, 0], "size": [1, 4, 2], "uv": [34, 33]},
						{"origin": [2.6, 4.7, 0], "size": [1, 1, 2], "uv": [28, 37]},
						{"origin": [2.6, 0.7, 0], "size": [1, 1, 2], "uv": [40, 3]},
						{"origin": [-3.6, 4.7, 0], "size": [1, 1, 2], "uv": [34, 39]},
						{"origin": [-3.6, 0.7, 0], "size": [1, 1, 2], "uv": [40, 0]}
					]
				},
				{
					"name": "torso1",
					"parent": "torso",
					"pivot": [0, 3, 0],
					"cubes": [
						{"origin": [-1, 2, 2], "size": [2, 2, 1], "uv": [40, 25]}
					]
				},
				{
					"name": "torso2",
					"parent": "torso1",
					"pivot": [0, 5, 0],
					"cubes": [
						{"origin": [-1, 4, 2], "size": [2, 6, 1], "uv": [34, 0]}
					]
				},
				{
					"name": "torso3",
					"parent": "torso2",
					"pivot": [0, 10, 0],
					"cubes": [
						{"origin": [-1, 9, 2], "size": [2, 6, 1], "uv": [10, 34]}
					]
				},
				{
					"name": "head",
					"parent": "torso3",
					"pivot": [0, 16, 2],
					"cubes": [
						{"origin": [-1.5, 12.5, -1], "size": [3, 8, 8], "pivot": [0, 13, 0], "rotation": [25, 0, 0], "uv": [0, 0]},
						{"origin": [-1.5, 16.5, 8], "size": [3, 4, 3], "inflate": -0.01, "pivot": [0, 13, 9], "rotation": [52.5, 0, 0], "uv": [12, 27]},
						{"origin": [-1.5, 14.5, -4], "size": [3, 5, 3], "inflate": -0.01, "uv": [0, 24]}
					]
				},
				{
					"name": "hair",
					"parent": "head",
					"pivot": [0, 16, 2],
					"cubes": [
						{"origin": [-1, 20, 0], "size": [2, 5, 3], "uv": [28, 14]},
						{"origin": [-0.5, 20, -2], "size": [1, 4, 2], "pivot": [0, 20, 0], "rotation": [-15, 0, 0], "uv": [0, 36]},
						{"origin": [-0.5, 24, 0], "size": [1, 4, 2], "pivot": [0, 24, 2], "rotation": [40, 0, 0], "uv": [22, 37]}
					]
				},
				{
					"name": "eyes",
					"parent": "head",
					"pivot": [0, 16, 2]
				},
				{
					"name": "eye1",
					"parent": "eyes",
					"pivot": [0, 16, 2],
					"cubes": [
						{"origin": [1.55, 15, -2], "size": [0, 5, 6], "uv": [16, 16]}
					]
				},
				{
					"name": "eye_pupiled1",
					"parent": "eye1",
					"pivot": [0, 16, 2],
					"cubes": [
						{"origin": [1.56, 17.5, -0.4], "size": [0, 1, 1], "uv": [12, 24]}
					]
				},
				{
					"name": "eye2",
					"parent": "eyes",
					"pivot": [0, 16, 2],
					"cubes": [
						{"origin": [-1.55, 15, -2], "size": [0, 5, 6], "uv": [16, 16], "mirror": true}
					]
				},
				{
					"name": "eye_pupiled2",
					"parent": "eye2",
					"pivot": [0, 0, 0],
					"cubes": [
						{"origin": [-1.56, 17.5, -0.4], "size": [0, 1, 1], "uv": [12, 24], "mirror": true}
					]
				},
				{
					"name": "mounch",
					"parent": "head",
					"pivot": [0, 16, 2],
					"cubes": [
						{"origin": [-1, 13.65, -0.01], "size": [2, 2, 0], "pivot": [0, 13, 1], "rotation": [25, 0, 0], "uv": [22, 14]}
					]
				},
				{
					"name": "hands",
					"parent": "torso3",
					"pivot": [0, 10, 0]
				},
				{
					"name": "hand1",
					"parent": "hands",
					"pivot": [0, 10, 0],
					"cubes": [
						{"origin": [1.5, 14, 0], "size": [6, 1, 2], "uv": [22, 11]}
					]
				},
				{
					"name": "hand_part1",
					"parent": "hand1",
					"pivot": [0, 10, 0],
					"cubes": [
						{"origin": [7.5, 14.1, -0.5], "size": [5, 1, 3], "uv": [41, 6]}
					]
				},
				{
					"name": "hand_mini1",
					"parent": "hand_part1",
					"pivot": [5, 10, 0],
					"cubes": [
						{"origin": [12.5, 13.8, -0.6], "size": [2, 1.4, 3], "uv": [0, 32]}
					]
				},
				{
					"name": "nail1",
					"parent": "hand_mini1",
					"pivot": [5, 10, 0],
					"cubes": [
						{"origin": [14, 14.2, -1], "size": [3, 2, 1], "pivot": [15, 14, 0], "rotation": [0, 10, -25], "uv": [34, 7]},
						{"origin": [14, 14.2, 2], "size": [3, 2, 1], "pivot": [15, 14, 3], "rotation": [0, -10, -25], "uv": [38, 10]},
						{"origin": [14, 14.2, 0.5], "size": [3, 2, 1], "pivot": [15, 14, 1], "rotation": [0, 0, -25], "uv": [38, 13]}
					]
				},
				{
					"name": "hand2",
					"parent": "hands",
					"pivot": [0, 10, 0],
					"cubes": [
						{"origin": [-7.5, 14, 0], "size": [6, 1, 2], "uv": [22, 11], "mirror": true}
					]
				},
				{
					"name": "hand_part2",
					"parent": "hand2",
					"pivot": [0, 10, 0],
					"cubes": [
						{"origin": [-12.5, 14.1, -0.5], "size": [5, 1, 3], "uv": [41, 6], "mirror": true}
					]
				},
				{
					"name": "hand_mini2",
					"parent": "hand_part2",
					"pivot": [-5, 10, 0],
					"cubes": [
						{"origin": [-14.5, 13.8, -0.6], "size": [2, 1.4, 3], "uv": [0, 32], "mirror": true}
					]
				},
				{
					"name": "nail2",
					"parent": "hand_mini2",
					"pivot": [-5, 10, 0],
					"cubes": [
						{"origin": [-17, 14.2, -1], "size": [3, 2, 1], "pivot": [-15, 14, 0], "rotation": [0, -10, 25], "uv": [34, 7], "mirror": true},
						{"origin": [-17, 14.2, 2], "size": [3, 2, 1], "pivot": [-15, 14, 3], "rotation": [0, 10, 25], "uv": [38, 10], "mirror": true},
						{"origin": [-17, 14.2, 0.5], "size": [3, 2, 1], "pivot": [-15, 14, 1], "rotation": [0, 0, 25], "uv": [38, 13], "mirror": true}
					]
				}
			]
		}
	]
}