{
	"format_version": "1.12.0",
	"minecraft:geometry": [
		{
			"description": {
				"identifier": "geometry.carkol",
				"texture_width": 128,
				"texture_height": 128,
				"visible_bounds_width": 3,
				"visible_bounds_height": 3.5,
				"visible_bounds_offset": [0, 1.25, 0]
			},
			"bones": [
				{
					"name": "carkol",
					"pivot": [0, 0, 0]
				},
				{
					"name": "locator_top",
					"parent": "carkol",
					"pivot": [0, 23, 1],
					"locators": {
						"top": [0, 23, 1]
					}
				},
				{
					"name": "locator_root",
					"parent": "carkol",
					"pivot": [0, 0, 0],
					"locators": {
						"root": [0, 0, 0]
					}
				},
				{
					"name": "body",
					"parent": "carkol",
					"pivot": [0, 0, 0]
				},
				{
					"name": "locator_target",
					"parent": "body",
					"pivot": [0, 21, -4],
					"locators": {
						"target": [0, 21, -4]
					}
				},
				{
					"name": "legs",
					"parent": "body",
					"pivot": [0, 0, 0]
				},
				{
					"name": "leg1",
					"parent": "legs",
					"pivot": [7, 1, -4],
					"cubes": [
						{"origin": [6, 0, -6], "size": [2, 5, 4], "uv": [42, 59]}
					]
				},
				{
					"name": "leg2",
					"parent": "legs",
					"pivot": [-7, 1, -4],
					"cubes": [
						{"origin": [-8, 0, -6], "size": [2, 5, 4], "uv": [42, 59], "mirror": true}
					]
				},
				{
					"name": "leg3",
					"parent": "legs",
					"pivot": [-7, 1, 4],
					"cubes": [
						{"origin": [-8, 0, 2], "size": [2, 5, 4], "uv": [42, 59], "mirror": true}
					]
				},
				{
					"name": "leg4",
					"parent": "legs",
					"pivot": [7, 1, 4],
					"cubes": [
						{"origin": [6, 0, 2], "size": [2, 5, 4], "uv": [42, 59]}
					]
				},
				{
					"name": "torso",
					"parent": "body",
					"pivot": [0, 0, 0],
					"cubes": [
						{"origin": [-6, 2, -7], "size": [12, 6, 14], "uv": [0, 19]}
					]
				},
				{
					"name": "torso_mini",
					"parent": "torso",
					"pivot": [0, 0, 0],
					"cubes": [
						{"origin": [-7, 7, -8], "size": [14, 3, 16], "uv": [0, 0]}
					]
				},
				{
					"name": "torso_blocks",
					"parent": "torso_mini",
					"pivot": [0, -1, -1],
					"cubes": [
						{"origin": [-1, 6, 6], "size": [6, 8, 3], "inflate": -0.0001, "pivot": [2, 7, 9], "rotation": [5, 0, 0], "uv": [52, 19]},
						{"origin": [-5, 6, 6], "size": [4, 6, 3], "pivot": [-3, 7, 9], "rotation": [5, 0, 0], "uv": [52, 30]}
					]
				},
				{
					"name": "block1",
					"parent": "torso_blocks",
					"pivot": [0, -1, -1],
					"cubes": [
						{"origin": [-5, 10, -4], "size": [10, 5, 10], "uv": [0, 39]},
						{"origin": [3.5, 12, -4.8], "size": [2, 2, 2], "pivot": [4, 12, -4], "rotation": [0, -35, -45], "uv": [70, 19]},
						{"origin": [3, 12, 1.8], "size": [3, 3, 3], "pivot": [0, 12, 7], "rotation": [45, -7.5, 0], "uv": [60, 5]},
						{"origin": [-6, 12, 1.8], "size": [3, 3, 3], "pivot": [0, 12, 7], "rotation": [45, 7.5, 0], "uv": [60, 11]},
						{"origin": [-5.5, 14, -2.2], "size": [3, 2, 2], "pivot": [1, 14, 2], "rotation": [32.5, 7.5, 0], "uv": [30, 54]},
						{"origin": [5, 9.6, -4], "size": [2, 2, 2], "pivot": [6, 9, -3], "rotation": [-7.5, 10, -20], "uv": [12, 67]},
						{"origin": [-6, 9.6, -4], "size": [2, 2, 2], "pivot": [-5, 9, -3], "rotation": [-7.5, -25, 20], "uv": [36, 68]},
						{"origin": [-5.5, 12, -5], "size": [2, 2, 2], "pivot": [-4, 12, -4], "rotation": [0, 25, 45], "uv": [28, 68]}
					]
				},
				{
					"name": "block2",
					"parent": "block1",
					"pivot": [0, 15, 2],
					"cubes": [
						{"origin": [-4, 15, -3], "size": [8, 3, 8], "uv": [40, 39]},
						{"origin": [2.8, 10, -4], "size": [2, 3, 3], "pivot": [-2, 10, 3], "rotation": [-45, 5, 0], "uv": [64, 50]},
						{"origin": [2, 15, -3.8], "size": [2, 2, 2], "pivot": [3, 15, -3], "rotation": [0, -35, -45], "uv": [20, 67]}
					]
				},
				{
					"name": "block3",
					"parent": "block2",
					"pivot": [0, 2, 0],
					"cubes": [
						{"origin": [-3, 17, -1], "size": [6, 3, 6], "inflate": -0.0001, "uv": [40, 50]},
						{"origin": [-1.6, 17, -1.8], "size": [2, 2, 1], "pivot": [1, 17, 4], "rotation": [-7.5, -7.5, 45], "uv": [70, 27]},
						{"origin": [-1.7, 19, 1], "size": [2, 2, 2], "pivot": [-3, 18, 2], "rotation": [0, -30, 0], "uv": [0, 68]},
						{"origin": [1, 19.7, 1], "size": [2, 3, 2], "pivot": [-1, 19, 6], "rotation": [0, 20, 25], "uv": [66, 30]},
						{"origin": [2.8, 20.5, -0.5], "size": [1, 2, 2], "pivot": [-1, 20, 5], "rotation": [45, 2.5, 0], "uv": [12, 59]},
						{"origin": [-3.2, 20.5, 1.5], "size": [1, 2, 2], "pivot": [2, 20, 7], "rotation": [45, 7.5, 0], "uv": [70, 23]},
						{"origin": [2, 21, 2.8], "size": [2, 2, 2], "pivot": [0, 20, 8], "rotation": [45, 5, 0], "uv": [66, 35]},
						{"origin": [-4, 20.5, 0.2], "size": [2, 2, 2], "pivot": [0, 19, 5], "rotation": [45, -5, 0], "uv": [44, 68]}
					]
				},
				{
					"name": "head",
					"parent": "torso_blocks",
					"pivot": [0, 11, -6],
					"cubes": [
						{"origin": [-2, 10, -8.2], "size": [4, 1, 4.2], "inflate": 0.2, "uv": [54, 59]},
						{"origin": [-2, 11, -8], "size": [4, 1, 3], "uv": [12, 63]},
						{"origin": [-2, 11, -5], "size": [4, 2, 1], "uv": [64, 56]}
					]
				},
				{
					"name": "mounchs",
					"parent": "head",
					"pivot": [0, 9, -7]
				},
				{
					"name": "mounch1",
					"parent": "mounchs",
					"pivot": [0, 7, -7],
					"cubes": [
						{"origin": [-2.5, 11.4, -8.1], "size": [5, 1, 4], "inflate": 0.2, "pivot": [-2, 11, -5], "rotation": [5, 0, 0], "uv": [0, 54]},
						{"origin": [-2, 11.4, -9], "size": [4, 1, 1], "inflate": 0.2, "pivot": [-1, 11, -6], "rotation": [5, 0, 0], "uv": [70, 17]},
						{"origin": [-2, 13, -7.5], "size": [4, 1.2, 4], "inflate": 0.15, "pivot": [-3, 12, -4], "rotation": [17.5, 0, 0], "uv": [60, 0]},
						{"origin": [-2, 12.25, -8.1], "size": [4, 1, 1.2], "inflate": 0.15, "pivot": [-3, 11, -7], "rotation": [32.5, 0, 0], "uv": [60, 17]}
					]
				},
				{
					"name": "eyes",
					"parent": "mounch1",
					"pivot": [0, 8, -4]
				},
				{
					"name": "eye1",
					"parent": "eyes",
					"pivot": [0, 8, -4],
					"cubes": [
						{"origin": [2.2, 11.4, -7.4], "size": [0, 2, 4], "pivot": [3, 11, -7], "rotation": [25, 0, 0], "uv": [54, 64]},
						{"origin": [2.21, 11.5, -6.42], "size": [0, 1, 1], "pivot": [3, 10, -9], "rotation": [25, 0, 0], "uv": [26, 63]}
					]
				},
				{
					"name": "eye2",
					"parent": "eyes",
					"pivot": [0, 8, -4],
					"cubes": [
						{"origin": [-2.2, 11.4, -7.4], "size": [0, 2, 4], "pivot": [-3, 11, -7], "rotation": [25, 0, 0], "uv": [62, 64]},
						{"origin": [-2.21, 11.5, -6.42], "size": [0, 1, 1], "pivot": [-3, 10, -9], "rotation": [25, 0, 0], "uv": [28, 63]}
					]
				}
			]
		}
	]
}