{
	"format_version": "1.8.0",
	"animations": {
		"animation.mr_mime_galarian.render": {
			"loop": true,
			"bones": {
				"leg1": {
					"rotation": [15.91527, 19.291, 5.38152],
					"position": [0, 0, 3]
				},
				"leg_parte1": {
					"rotation": [-17.5, 0, 0],
					"position": [0, 1, -2]
				},
				"leg2": {
					"rotation": [-34.0724, -8.53726, -12.37961],
					"position": [5, 5, -12]
				},
				"leg_parte2": {
					"rotation": [-10, 0, 0],
					"position": [0, 1, -1]
				},
				"torso": {
					"rotation": [0, -7.5, 0]
				},
				"hand1": {
					"rotation": [0, 0, -12.5],
					"position": [5, 1, 0]
				},
				"hand_parte1": {
					"rotation": [0, 0, 15],
					"position": [-8, -2, 0]
				},
				"hand_mini1": {
					"rotation": [-89.68491, -0.15538, 47.52413]
				},
				"hand2": {
					"rotation": [0, 12.5, -7.5],
					"position": [4, -1, 0]
				},
				"hand_parte2": {
					"rotation": [0, 0, -12.5],
					"position": [6, -2, 0]
				},
				"hand_mini2": {
					"rotation": [-90, 0, -42.5]
				},
				"head": {
					"rotation": [5.43327, 4.5252, 5.43327]
				}
			}
		},
		"animation.mr_mime_galarian.blink": {
			"animation_length": 0.1667,
			"bones": {
				"eyes": {
					"position": {
						"0.0": [0, 0, 1],
						"0.1667": [0, 0, 0]
					}
				}
			}
		},
		"animation.mr_mime_galarian.ground_idle": {
			"loop": true,
			"bones": {
				"leg1": {
					"rotation": [0, 17.5, 0]
				},
				"leg2": {
					"rotation": [0, -17.5, 0]
				},
				"hand1": {
					"rotation": [0, "-20+math.cos(query.anim_time*90*3+180)*1", -17.5],
					"position": [7, 3, 2]
				},
				"hand_parte1": {
					"rotation": [0, 0, -12.5],
					"position": [4, 2, 0]
				},
				"hand_mini1": {
					"rotation": [-90, -45, -127.5]
				},
				"fist1": {
					"rotation": [0, 0, 27.5],
					"position": [-13, -4, 1]
				},
				"hand2": {
					"rotation": [0, "20-math.cos(query.anim_time*90*3+180)*1", 17.5],
					"position": [-7, 3, 2]
				},
				"hand_parte2": {
					"rotation": [0, 0, 12.5],
					"position": [-4, 2, 0]
				},
				"hand_mini2": {
					"rotation": [-90, 45, 127.5]
				},
				"fist2": {
					"rotation": [0, 0, -27.5],
					"position": [13, -4, 1]
				},
				"head": {
					"rotation": ["0+math.sin(q.anim_time*90*1)*1", 0, "0+math.cos((query.anim_time)*90*4+90)*1 "]
				},
				"torso": {
					"rotation": ["-0+math.sin(q.anim_time*90*3+90)*1", "0+math.cos(query.anim_time*90*4+90)*0.5", "0+math.cos(q.anim_time*90*4)*1"],
					"position": [0, "0-math.sin(q.anim_time*180*12/8+90)*0.5", 0]
				},
				"chifre1": {
					"rotation": [0, "0+math.sin(q.anim_time*90*4)*2", 0]
				},
				"chifre2": {
					"rotation": [0, "0-math.sin(q.anim_time*90*4)*2", 0]
				}
			}
		},
		"animation.mr_mime_galarian.battle_idle": {
			"loop": true,
			"bones": {
				"legs": {
					"position": [0, 0, 3]
				},
				"leg1": {
					"rotation": [12.66399, "14.7669-math.sin(q.anim_time*90*2)*1", "10.3453-math.cos((query.anim_time)*90*2+90)*1"],
					"position": [-2, 0, 0]
				},
				"boot_leg1": {
					"rotation": [-10, 0, 0],
					"position": [0, 0, -1]
				},
				"leg2": {
					"rotation": [12.66399, "-14.76689+math.sin(q.anim_time*90*2)*1", "-10.34527+math.cos((query.anim_time)*90*2+90)*1"],
					"position": [2, 0, 0]
				},
				"boot_leg2": {
					"rotation": [-10, 0, 0],
					"position": [0, 0, -1]
				},
				"torso": {
					"rotation": ["0+math.sin(query.anim_time*90*4+180)*0.5", "0+math.sin(q.anim_time*90*4+90)*0.5", "0+math.cos(q.anim_time*90*4)*1"],
					"position": [0, "0+math.cos(q.anim_time*180*2+90)*0.5", 1]
				},
				"hand1": {
					"rotation": [0, "-12.5+math.sin(q.anim_time*90*4+60)*2", "-17.5+math.sin(q.anim_time*90*2+60)*1"],
					"position": [7, 3, 0]
				},
				"hand_parte1": {
					"rotation": [0, 0, "-17.5+math.cos((q.anim_time)*10*0.5+10)*0.5"],
					"position": [5, 3, 0]
				},
				"hand_mini1": {
					"rotation": [-90, 0, 72.5]
				},
				"hand2": {
					"rotation": [0, "12.5+math.sin(q.anim_time*90*4+60)*2", "17.5+math.sin(q.anim_time*90*2+60)*1"],
					"position": [-7, 3, 0]
				},
				"hand_parte2": {
					"rotation": [0, 0, "17.5+math.cos((q.anim_time)*10*0.5+10)*0.5"],
					"position": [-5, 3, 0]
				},
				"hand_mini2": {
					"rotation": [-90, 0, -72.5]
				},
				"head": {
					"rotation": ["2.5+math.sin(q.anim_time*90*4)*1", 0, "0+math.cos(q.anim_time*90*4+30)*1"]
				}
			}
		},
		"animation.mr_mime_galarian.ground_walk": {
			"loop": true,
			"animation_length": 1,
			"bones": {
				"leg1": {
					"rotation": {
						"0.0": {
							"post": [55, 0, 0],
							"lerp_mode": "catmullrom"
						},
						"0.5": {
							"post": [-27.5, 0, 0],
							"lerp_mode": "catmullrom"
						},
						"1.0": {
							"post": [55, 0, 0],
							"lerp_mode": "catmullrom"
						}
					},
					"position": {
						"0.0": {
							"post": [0, 3, 13],
							"lerp_mode": "catmullrom"
						},
						"0.25": {
							"post": [0, 2.5, 3.5],
							"lerp_mode": "catmullrom"
						},
						"0.5": {
							"post": [0, 2, -10],
							"lerp_mode": "catmullrom"
						},
						"0.75": {
							"post": [0, 2.5, -2.75],
							"lerp_mode": "catmullrom"
						},
						"1.0": {
							"post": [0, 3, 13],
							"lerp_mode": "catmullrom"
						}
					}
				},
				"leg_parte1": {
					"rotation": {
						"0.0": {
							"post": [0, 0, 0],
							"lerp_mode": "catmullrom"
						},
						"0.5": {
							"post": [20, 0, 0],
							"lerp_mode": "catmullrom"
						},
						"1.0": {
							"post": [0, 0, 0],
							"lerp_mode": "catmullrom"
						}
					},
					"position": {
						"0.0": {
							"post": [0, 1, 0],
							"lerp_mode": "catmullrom"
						},
						"0.5": {
							"post": [0, 1, 3],
							"lerp_mode": "catmullrom"
						},
						"1.0": {
							"post": [0, 1, 0],
							"lerp_mode": "catmullrom"
						}
					}
				},
				"boot_leg1": {
					"rotation": {
						"0.0": [-22.5, 0, 0],
						"0.5": [0, 0, 0],
						"1.0": [-22.5, 0, 0]
					},
					"position": {
						"0.0": [0, 0, -2],
						"0.5": [0, 0, 0],
						"1.0": [0, 0, -2]
					}
				},
				"leg2": {
					"rotation": {
						"0.0": {
							"post": [-27.5, 0, 0],
							"lerp_mode": "catmullrom"
						},
						"0.5": {
							"post": [55, 0, 0],
							"lerp_mode": "catmullrom"
						},
						"1.0": {
							"post": [-27.5, 0, 0],
							"lerp_mode": "catmullrom"
						}
					},
					"position": {
						"0.0": {
							"post": [0, 2, -10],
							"lerp_mode": "catmullrom"
						},
						"0.25": {
							"post": [0, 1.5, 1.5],
							"lerp_mode": "catmullrom"
						},
						"0.5": {
							"post": [0, 3, 13],
							"lerp_mode": "catmullrom"
						},
						"0.75": {
							"post": [0, 1.63, -2.5],
							"lerp_mode": "catmullrom"
						},
						"1.0": {
							"post": [0, 2, -10],
							"lerp_mode": "catmullrom"
						}
					}
				},
				"leg_parte2": {
					"rotation": [20, 0, 0],
					"position": [0, 1, 3]
				},
				"torso": {
					"rotation": ["2.5+math.sin(q.anim_time*90*12/3+180)*4", "0+math.sin(q.anim_time*90*4+90)*4", "0+math.sin(q.anim_time*90*4+180)*2"],
					"position": [0, "-1+math.cos(q.anim_time*180*4+30)*0.5", 0]
				},
				"hand1": {
					"rotation": [0, "-15+math.sin(q.anim_time*90*4+270)*14", -37.5],
					"position": [14, 9, 0]
				},
				"hand_parte1": {
					"rotation": [0, "math.cos(q.anim_time*90*4+180)*2", 0]
				},
				"hand_mini1": {
					"rotation": [0, -37.5, 0]
				},
				"hand2": {
					"rotation": [0, "-15+math.sin(q.anim_time*90*4+270)*14", 37.5],
					"position": [-14, 9, -2]
				},
				"hand_parte2": {
					"rotation": [0, "2.5+math.sin(q.anim_time*90*4+180)*2", 0]
				},
				"hand_mini2": {
					"rotation": [0, 60, 0]
				},
				"head": {
					"rotation": ["-2.5+math.sin(q.anim_time*90*4+60)*4", "0+math.cos(q.anim_time*90*4+90)*4", 0]
				},
				"boot2": {
					"rotation": {
						"0.0": {
							"post": [5, 0, 0],
							"lerp_mode": "catmullrom"
						},
						"0.25": {
							"post": [-7.5, 0, 0],
							"lerp_mode": "catmullrom"
						},
						"0.75": {
							"post": [2.5, 0, 0],
							"lerp_mode": "catmullrom"
						},
						"1.0": {
							"post": [5, 0, 0],
							"lerp_mode": "catmullrom"
						}
					}
				},
				"boot1": {
					"rotation": {
						"0.0": {
							"post": [-12.5, 0, 0],
							"lerp_mode": "catmullrom"
						},
						"0.5": {
							"post": [5, 0, 0],
							"lerp_mode": "catmullrom"
						},
						"1.0": {
							"post": [-12.5, 0, 0],
							"lerp_mode": "catmullrom"
						}
					},
					"position": {
						"0.0": {
							"post": [0, 0, -1],
							"lerp_mode": "catmullrom"
						},
						"0.5": {
							"post": [0, 0, 0],
							"lerp_mode": "catmullrom"
						},
						"1.0": {
							"post": [0, 0, -1],
							"lerp_mode": "catmullrom"
						}
					}
				}
			}
		},
		"animation.mr_mime_galarian.cry": {
			"animation_length": 1,
			"bones": {
				"torso": {
					"rotation": {
						"0.0": {
							"post": [0, 0, 0],
							"lerp_mode": "catmullrom"
						},
						"1.0": {
							"post": [0, 0, 0],
							"lerp_mode": "catmullrom"
						}
					}
				},
				"head": {
					"rotation": {
						"0.0": [0, 0, 0],
						"0.25": {
							"pre": [-10, 0, 0],
							"post": [-10, 0, 0],
							"lerp_mode": "catmullrom"
						},
						"0.375": {
							"post": [-9, 0, 0],
							"lerp_mode": "catmullrom"
						},
						"0.5": {
							"post": [-10, 0, 0],
							"lerp_mode": "catmullrom"
						},
						"0.625": {
							"post": [-9, 0, 0],
							"lerp_mode": "catmullrom"
						},
						"0.75": {
							"post": [-10, 0, 0],
							"lerp_mode": "catmullrom"
						},
						"0.875": {
							"post": [-9, 0, 0],
							"lerp_mode": "catmullrom"
						},
						"1.0": [0, 0, 0]
					}
				},
				"smile": {
					"position": {
						"0.0": [0, 0, 0],
						"0.25": {
							"pre": [0, 0, 0],
							"post": [0, 0, 1]
						},
						"1.0": {
							"pre": [0, 0, 1],
							"post": [0, 0, 0]
						}
					}
				},
				"mounch": {
					"position": {
						"0.0": [0, 0, 0],
						"0.25": {
							"pre": [0, 0, 0],
							"post": [0, 0, -1]
						},
						"1.0": {
							"pre": [0, 0, -1],
							"post": [0, 0, 0]
						}
					}
				}
			},
			"sound_effects": {
				"0.25": {
					"effect": "pokemon.mrmime.cry"
				}
			}
		}
	}
}