{
	"format_version": "1.12.0",
	"minecraft:geometry": [
		{
			"description": {
				"identifier": "geometry.toxtricity_a",
				"texture_width": 128,
				"texture_height": 128,
				"visible_bounds_width": 6,
				"visible_bounds_height": 6,
				"visible_bounds_offset": [0, 2, 0]
			},
			"bones": [
				{
					"name": "toxtricity",
					"pivot": [0, 0, 0]
				},
				{
					"name": "locator_top",
					"parent": "toxtricity",
					"pivot": [0, 60, 1],
					"locators": {
						"top": [0, 111, 1]
					}
				},
				{
					"name": "body",
					"parent": "toxtricity",
					"pivot": [0, 0, 0]
				},
				{
					"name": "legs",
					"parent": "body",
					"pivot": [0, 0, 0]
				},
				{
					"name": "leg1",
					"parent": "legs",
					"pivot": [-4, 14, 0],
					"cubes": [
						{"origin": [-5.5, 9, -1], "size": [4, 6, 4], "inflate": -0.01, "uv": [98, 67]}
					]
				},
				{
					"name": "leg_part1",
					"parent": "leg1",
					"pivot": [0, 0, 0],
					"cubes": [
						{"origin": [-5.5, 2, -1], "size": [4, 7, 4], "inflate": -0.0001, "uv": [22, 96]}
					]
				},
				{
					"name": "leg_mini1",
					"parent": "leg_part1",
					"pivot": [0, 0, 0],
					"cubes": [
						{"origin": [-6, 0, -3], "size": [5, 2, 3], "uv": [106, 0]},
						{"origin": [-5.5, 0, 0], "size": [4, 2, 3], "uv": [38, 96]}
					]
				},
				{
					"name": "nails_1",
					"parent": "leg_mini1",
					"pivot": [0, 0, 0]
				},
				{
					"name": "leg_nail1",
					"parent": "nails_1",
					"pivot": [0, 0, 0],
					"cubes": [
						{"origin": [-6.6, 0, -6], "size": [2, 2, 3], "uv": [26, 79]}
					]
				},
				{
					"name": "leg_nail2",
					"parent": "nails_1",
					"pivot": [2, 0, 0],
					"cubes": [
						{"origin": [-4.6, 0, -6], "size": [2, 2, 3], "uv": [110, 62]}
					]
				},
				{
					"name": "leg_nail3",
					"parent": "nails_1",
					"pivot": [4, 0, 0],
					"cubes": [
						{"origin": [-2.6, 0, -6], "size": [2, 2, 3], "uv": [90, 110]}
					]
				},
				{
					"name": "leg2",
					"parent": "legs",
					"pivot": [4, 14, 1],
					"cubes": [
						{"origin": [1.5, 9, -1], "size": [4, 6, 4], "inflate": -0.01, "uv": [0, 100]}
					]
				},
				{
					"name": "leg_part2",
					"parent": "leg2",
					"pivot": [0, 0, 0],
					"cubes": [
						{"origin": [1.5, 2, -1], "size": [4, 7, 4], "inflate": -0.0001, "uv": [96, 77]}
					]
				},
				{
					"name": "leg_mini2",
					"parent": "leg_part2",
					"pivot": [0, 0, 0],
					"cubes": [
						{"origin": [1, 0, -3], "size": [5, 2, 3], "uv": [106, 5]},
						{"origin": [1.5, 0, 0], "size": [4, 2, 3], "uv": [106, 10]}
					]
				},
				{
					"name": "nails_2",
					"parent": "leg_mini2",
					"pivot": [0, 0, 0]
				},
				{
					"name": "leg_nail4",
					"parent": "nails_2",
					"pivot": [0, 0, 0],
					"cubes": [
						{"origin": [4.6, 0, -6], "size": [2, 2, 3], "uv": [54, 111]}
					]
				},
				{
					"name": "leg_nail5",
					"parent": "nails_2",
					"pivot": [-2, 0, 0],
					"cubes": [
						{"origin": [2.6, 0, -6], "size": [2, 2, 3], "uv": [64, 111]}
					]
				},
				{
					"name": "leg_nail6",
					"parent": "nails_2",
					"pivot": [-4, 0, 0],
					"cubes": [
						{"origin": [0.6, 0, -6], "size": [2, 2, 3], "uv": [74, 111]}
					]
				},
				{
					"name": "torso",
					"parent": "body",
					"pivot": [0, 17, -1],
					"cubes": [
						{"origin": [-3.3, 13, -2], "size": [7, 5, 6], "uv": [76, 18]},
						{"origin": [-4.5, 15.4, 1], "size": [9, 6, 4], "pivot": [4, 15, 3], "rotation": [-22.5, 0, 0], "uv": [0, 79]},
						{"origin": [-6.5, 15.4, 1], "size": [13, 6, 4], "pivot": [0, 16, 4], "rotation": [12.5, 0, 0], "uv": [52, 57]},
						{"origin": [-7.9, 14.4, -1], "size": [2.4, 3, 0], "pivot": [-4, 15, -2], "rotation": [12.5, -2.5, 10], "uv": [22, 93]},
						{"origin": [5.5, 14.4, -1], "size": [2.4, 3, 0], "pivot": [4, 15, -2], "rotation": [12.5, 2.5, -10], "uv": [12, 110]},
						{"origin": [3.9, 15.4, 2], "size": [3, 4, 4], "pivot": [0, 1, 4], "rotation": [12.5, 12.5, 0], "uv": [104, 32]},
						{"origin": [-6.9, 15.4, 2], "size": [3, 4, 4], "pivot": [0, 1, 4], "rotation": [12.5, -12.5, 0], "uv": [104, 32], "mirror": true},
						{"origin": [4.9, 14.4, -3.4], "size": [0, 2, 2.4], "pivot": [0, 15, -1], "rotation": [12.5, 12.5, -5], "uv": [72, 37]},
						{"origin": [-4.9, 14.4, -3.4], "size": [0, 2, 2.4], "pivot": [0, 15, -1], "rotation": [12.5, -12.5, 5], "uv": [22, 89]},
						{"origin": [1.5, 14.4, -2.2], "size": [2.4, 3, 0], "pivot": [0, 15, 1], "rotation": [7.5, 0, -12.5], "uv": [96, 115]},
						{"origin": [-3.6, 14.4, -2.2], "size": [2.4, 3, 0], "pivot": [0, 15, 1], "rotation": [7.5, 0, 12.5], "uv": [22, 116]}
					]
				},
				{
					"name": "tail",
					"parent": "torso",
					"pivot": [0, 16, 6],
					"cubes": [
						{"origin": [-3, 15, 5], "size": [6, 5, 6], "uv": [86, 56]}
					]
				},
				{
					"name": "tail2",
					"parent": "tail",
					"pivot": [0, 17, 11],
					"cubes": [
						{"origin": [-2, 15.4, 11], "size": [4, 4, 7], "uv": [0, 89]}
					]
				},
				{
					"name": "tail3",
					"parent": "tail2",
					"pivot": [0, 16, 18],
					"cubes": [
						{"origin": [-1, 15.4, 18], "size": [2, 3, 5], "uv": [104, 40]},
						{"origin": [0, 15.4, 23], "size": [0, 3, 3], "uv": [94, 88]}
					]
				},
				{
					"name": "torso2",
					"parent": "torso",
					"pivot": [0, 19, 1],
					"cubes": [
						{"origin": [-3.3, 18, -2], "size": [7, 12, 7], "uv": [48, 18]},
						{"origin": [2, 24, -4], "size": [1, 5, 1], "pivot": [5, 6, -7], "rotation": [-2.5, 0, -12.5], "uv": [32, 67]},
						{"origin": [-3, 24, -4], "size": [1, 5, 1], "pivot": [-5, 6, -7], "rotation": [-2.5, 0, 12.5], "uv": [32, 73]}
					]
				},
				{
					"name": "torso3",
					"parent": "torso2",
					"pivot": [0, 26.59445, -2.29508],
					"rotation": [-7.5, 0, 0],
					"cubes": [
						{"origin": [-4, 25.80833, -2.03193], "size": [8, 10, 8], "inflate": 0.4, "uv": [48, 0]},
						{"origin": [-4, 31.80833, -1.13685], "size": [8, 3, 5], "inflate": 0.4, "pivot": [0, 2.80833, -0.03193], "rotation": [-5, 0, 0], "uv": [68, 86]},
						{"origin": [2, 26.80833, -4.03193], "size": [1, 5, 2], "pivot": [3, 26.80833, -3.03193], "rotation": [-5, 0, 17.5], "uv": [16, 100]},
						{"origin": [0.6, 26.80833, -4.03193], "size": [1, 3, 2], "pivot": [2, 26.80833, -3.03193], "rotation": [-10, 0, 12.5], "uv": [90, 115]},
						{"origin": [-3, 26.80833, -4.03193], "size": [1, 5, 2], "pivot": [-3, 26.80833, -3.03193], "rotation": [-5, 0, -17.5], "uv": [84, 111]},
						{"origin": [-1.2, 26.80833, -4.03193], "size": [1, 3, 2], "pivot": [-2, 26.80833, -3.03193], "rotation": [-10, 0, -12.5], "uv": [16, 116]},
						{"origin": [-2.2, 27.80833, 5.96807], "size": [0, 3, 3], "uv": [10, 114]},
						{"origin": [2.2, 34.80833, 5.96807], "size": [0, 3, 3], "uv": [114, 67]},
						{"origin": [2.2, 27.80833, 5.96807], "size": [0, 3, 3], "uv": [114, 67]},
						{"origin": [-2.2, 34.80833, 5.96807], "size": [0, 3, 3], "uv": [114, 67], "mirror": true}
					]
				},
				{
					"name": "torso4",
					"parent": "torso3",
					"pivot": [0, 1.80833, 0.96807],
					"cubes": [
						{"origin": [-4, 34.80833, 9.26315], "size": [8, 3, 5], "inflate": 0.41, "pivot": [0, 5.80833, 10.96807], "rotation": [15, 0, 0], "uv": [80, 10]},
						{"origin": [-4, 34.80833, -9.33685], "size": [8, 3, 7], "inflate": 0.38, "pivot": [0, 5.80833, -7.03193], "rotation": [-15, 0, 0], "uv": [68, 67]},
						{"origin": [-4, 36.80833, 0.66315], "size": [8, 3, 6], "inflate": 0.37, "pivot": [0, 7.80833, 1.96807], "rotation": [2.5, 0, 0], "uv": [76, 29]}
					]
				},
				{
					"name": "hands",
					"parent": "torso4",
					"pivot": [0, 1.80833, 0.96807]
				},
				{
					"name": "hand1",
					"parent": "hands",
					"pivot": [5, 34.80833, 0.96807],
					"cubes": [
						{"origin": [4, 31.80833, -0.03193], "size": [4, 4, 4], "uv": [58, 103]}
					]
				},
				{
					"name": "hand_part1",
					"parent": "hand1",
					"pivot": [9, 32.80833, 0.96807],
					"cubes": [
						{"origin": [8, 31.80833, -0.03193], "size": [5, 3, 3], "uv": [105, 48]}
					]
				},
				{
					"name": "hand_mini1",
					"parent": "hand_part1",
					"pivot": [13, 32.80833, 0.96807],
					"cubes": [
						{"origin": [13, 31.80833, -1.03193], "size": [9, 4, 5], "uv": [76, 38]}
					]
				},
				{
					"name": "fist1",
					"parent": "hand_mini1",
					"pivot": [23, 33.80833, 0.96807],
					"cubes": [
						{"origin": [22, 32.18335, -1.03193], "size": [4, 3, 5], "uv": [100, 88]},
						{"origin": [22.6, 35.18335, 1.46315], "size": [2, 2, 0], "uv": [104, 54]},
						{"origin": [23, 34.18335, -2.53685], "size": [2, 0, 2], "uv": [26, 84]},
						{"origin": [23, 34.18335, 3.46315], "size": [2, 0, 2], "uv": [38, 101]}
					]
				},
				{
					"name": "fist_nail1",
					"parent": "fist1",
					"pivot": [27, 33.21388, 4.26315],
					"cubes": [
						{"origin": [26, 32.18335, -2.03193], "size": [6, 3, 7], "uv": [80, 0]}
					]
				},
				{
					"name": "nails1",
					"parent": "fist_nail1",
					"pivot": [0, 1.80833, 0.96807]
				},
				{
					"name": "nail1",
					"parent": "nails1",
					"pivot": [-1, 1.80833, 0.96807],
					"cubes": [
						{"origin": [31.4, 32.80833, 2.96807], "size": [4, 2, 2], "uv": [48, 37]}
					]
				},
				{
					"name": "nail_mini1",
					"parent": "nail1",
					"pivot": [3, 1.80833, 0.96807],
					"cubes": [
						{"origin": [35.4, 32.80833, 2.46315], "size": [2, 2, 3], "uv": [112, 77]}
					]
				},
				{
					"name": "nail7",
					"parent": "nails1",
					"pivot": [-1, 1.80833, -3.03193],
					"cubes": [
						{"origin": [31.4, 32.80833, -1.03193], "size": [4, 2, 2], "uv": [48, 37]}
					]
				},
				{
					"name": "nail_mini7",
					"parent": "nail7",
					"pivot": [3, 1.80833, -3.03193],
					"cubes": [
						{"origin": [35.4, 32.80833, -1.53685], "size": [2, 2, 3], "uv": [112, 77]}
					]
				},
				{
					"name": "nail2",
					"parent": "nails1",
					"pivot": [0, 1.80833, -3.03193]
				},
				{
					"name": "nail_mini2",
					"parent": "nail2",
					"pivot": [4, 1.80833, -3.03193]
				},
				{
					"name": "nail3",
					"parent": "nails1",
					"pivot": [-11.54559, 22.53898, 15.24071],
					"rotation": [13.36372, 23.90256, 33.11931],
					"cubes": [
						{"origin": [20.85441, 53.53898, 17.24071], "size": [4, 2, 2], "uv": [42, 109]}
					]
				},
				{
					"name": "nail_mini3",
					"parent": "nail3",
					"pivot": [-7.54559, 22.53898, 15.24071],
					"cubes": [
						{"origin": [24.85441, 53.53898, 16.73579], "size": [2, 2, 3], "uv": [42, 113]}
					]
				},
				{
					"name": "hand2",
					"parent": "hands",
					"pivot": [-5, 34.80833, 0.96807],
					"cubes": [
						{"origin": [-8, 31.80833, -0.03193], "size": [4, 4, 4], "uv": [58, 103], "mirror": true}
					]
				},
				{
					"name": "hand_part2",
					"parent": "hand2",
					"pivot": [-9, 32.80833, 0.96807],
					"cubes": [
						{"origin": [-13, 31.80833, -0.03193], "size": [5, 3, 3], "uv": [105, 48], "mirror": true}
					]
				},
				{
					"name": "hand_mini2",
					"parent": "hand_part2",
					"pivot": [-13, 32.80833, 0.96807],
					"cubes": [
						{"origin": [-22, 31.80833, -1.03193], "size": [9, 4, 5], "uv": [76, 38], "mirror": true}
					]
				},
				{
					"name": "fist2",
					"parent": "hand_mini2",
					"pivot": [-23, 33.80833, 0.96807],
					"cubes": [
						{"origin": [-26, 32.18335, -1.03193], "size": [4, 3, 5], "uv": [100, 88], "mirror": true},
						{"origin": [-24.6, 35.18335, 1.46315], "size": [2, 2, 0], "uv": [104, 54], "mirror": true},
						{"origin": [-25, 34.18335, -2.53685], "size": [2, 0, 2], "uv": [26, 84], "mirror": true},
						{"origin": [-25, 34.18335, 3.46315], "size": [2, 0, 2], "uv": [38, 101], "mirror": true}
					]
				},
				{
					"name": "fist_nail2",
					"parent": "fist2",
					"pivot": [-27, 33.21388, 4.26315],
					"cubes": [
						{"origin": [-32, 32.18335, -2.03193], "size": [6, 3, 7], "uv": [80, 0], "mirror": true}
					]
				},
				{
					"name": "nails2",
					"parent": "fist_nail2",
					"pivot": [0, 1.80833, 0.96807]
				},
				{
					"name": "nail4",
					"parent": "nails2",
					"pivot": [1, 1.80833, 0.96807],
					"cubes": [
						{"origin": [-35.4, 32.80833, 2.96807], "size": [4, 2, 2], "uv": [48, 37], "mirror": true}
					]
				},
				{
					"name": "nail_mini4",
					"parent": "nail4",
					"pivot": [-3, 1.80833, 0.96807],
					"cubes": [
						{"origin": [-37.4, 32.80833, 2.46315], "size": [2, 2, 3], "uv": [112, 77], "mirror": true}
					]
				},
				{
					"name": "nail5",
					"parent": "nails2",
					"pivot": [1, 1.80833, -3.03193],
					"cubes": [
						{"origin": [-35.4, 32.80833, -1.03193], "size": [4, 2, 2], "uv": [48, 37], "mirror": true}
					]
				},
				{
					"name": "nail_mini5",
					"parent": "nail5",
					"pivot": [-3, 1.80833, -3.03193],
					"cubes": [
						{"origin": [-37.4, 32.80833, -1.53685], "size": [2, 2, 3], "uv": [112, 77], "mirror": true}
					]
				},
				{
					"name": "nail6",
					"parent": "nails2",
					"pivot": [0, 1.80833, -3.03193]
				},
				{
					"name": "nail_mini6",
					"parent": "nail6",
					"pivot": [-4, 1.80833, -3.03193]
				},
				{
					"name": "nail8",
					"parent": "nails2",
					"pivot": [11.54559, 22.53898, 15.24071],
					"rotation": [13.36372, -23.90256, -33.11931],
					"cubes": [
						{"origin": [-24.85441, 53.53898, 17.24071], "size": [4, 2, 2], "uv": [42, 109], "mirror": true}
					]
				},
				{
					"name": "nail_mini8",
					"parent": "nail8",
					"pivot": [7.54559, 22.53898, 15.24071],
					"cubes": [
						{"origin": [-26.85441, 53.53898, 16.73579], "size": [2, 2, 3], "uv": [42, 113], "mirror": true}
					]
				},
				{
					"name": "head",
					"parent": "torso4",
					"pivot": [0, 39.21388, 0.96807],
					"rotation": [7.5, 0, 0],
					"cubes": [
						{"origin": [-5, 39.21388, -4.03193], "size": [10, 6, 10], "pivot": [-1, 38.21388, 0.96807], "rotation": [7.5, 0, 0], "uv": [36, 41]},
						{"origin": [0, 43.21388, -3.03193], "size": [2, 6, 3], "pivot": [-1, 43.21388, -3.03193], "rotation": [-12.5, 17.5, 32.5], "uv": [16, 107]},
						{"origin": [-2, 43.21388, -3.03193], "size": [2, 6, 3], "pivot": [1, 43.21388, -3.03193], "rotation": [-12.5, -17.5, -32.5], "uv": [16, 107], "mirror": true},
						{"origin": [2.6, 46.21388, -2.03193], "size": [1, 6, 3], "pivot": [0, 46.21388, -2.03193], "rotation": [-22.5, 17.5, 32.5], "uv": [26, 107]},
						{"origin": [-3.6, 46.21388, -2.03193], "size": [1, 6, 3], "pivot": [0, 46.21388, -2.03193], "rotation": [-22.5, -17.5, -32.5], "uv": [26, 107], "mirror": true},
						{"origin": [4, 40.21388, -2.03193], "size": [4, 3, 6], "pivot": [5, 40.21388, -0.03193], "rotation": [0, -10, 0], "uv": [52, 94]},
						{"origin": [-8, 40.21388, -2.03193], "size": [4, 3, 6], "pivot": [-5, 40.21388, -0.03193], "rotation": [0, 10, 0], "uv": [54, 94], "mirror": true},
						{"origin": [7, 40.21388, -0.03193], "size": [6, 2, 4], "pivot": [8, 40.21388, -0.03193], "rotation": [0, -15, 0], "uv": [102, 18]},
						{"origin": [-13, 40.21388, -0.03193], "size": [6, 2, 4], "pivot": [-8, 40.21388, -0.03193], "rotation": [0, 15, 0], "uv": [102, 18], "mirror": true}
					]
				},
				{
					"name": "raiz",
					"parent": "head",
					"pivot": [0, 39.21388, 0.96807],
					"cubes": [
						{"origin": [-0.4, 43.21388, -9.03193], "size": [1, 9, 16], "uv": [1, 42]},
						{"origin": [0, 43.21388, -13.03193], "size": [0, 18, 23], "uv": [0, -19]}
					]
				},
				{
					"name": "raiz2",
					"parent": "raiz",
					"pivot": [0, 39.21388, 0.96807],
					"cubes": [
						{"origin": [0, 24.21388, 2.96807], "size": [0, 19, 7], "uv": [0, 34]}
					]
				},
				{
					"name": "mounchs",
					"parent": "head",
					"pivot": [0, 38.21388, 0.96807]
				},
				{
					"name": "mounch1",
					"parent": "mounchs",
					"pivot": [0, 41.21388, -3.03193],
					"cubes": [
						{"origin": [-4, 40.51388, -5.73685], "size": [8, 4, 8], "inflate": -0.2, "pivot": [3, 41.21388, -3.03193], "rotation": [7.5, -45, -7.5], "uv": [0, 67]},
						{"origin": [-2.5, 39.71388, -4.23685], "size": [3, 1, 0], "pivot": [5, 41.21388, -4.03193], "rotation": [7.5, -45, -7.5], "uv": [46, 101]},
						{"origin": [-0.5, 39.71388, -4.23685], "size": [3, 1, 0], "pivot": [-5, 41.21388, -4.03193], "rotation": [7.5, 45, 7.5], "uv": [46, 102]},
						{"origin": [3.4, 40.21388, -6.23685], "size": [0, 1, 1], "inflate": -0.01, "pivot": [3.82843, 39.91388, -5.95106], "rotation": [-45, 45, 0], "uv": [126, 126]},
						{"origin": [-3.4, 40.21388, -6.23685], "size": [0, 1, 1], "inflate": -0.01, "pivot": [-3.82843, 39.91388, -5.95106], "rotation": [-45, -45, 0], "uv": [126, 126], "mirror": true}
					]
				},
				{
					"name": "eyes",
					"parent": "mounch1",
					"pivot": [0, 38.21388, 0.96807]
				},
				{
					"name": "eye1",
					"parent": "eyes",
					"pivot": [0, 38.21388, 0.96807],
					"cubes": [
						{"origin": [1, 40.91388, -3.88685], "size": [2, 2, 0], "pivot": [6, 40.21388, -4.03193], "rotation": [7.5, -45, -7.5], "uv": [26, 116], "mirror": true},
						{"origin": [1.3, 41.46388, -3.90585], "size": [1, 1, 0], "pivot": [6, 40.21388, -4.03193], "rotation": [7.5, -45, -7.5], "uv": [84, 56], "mirror": true},
						{"origin": [0, 41.61388, -3.87685], "size": [4, 1, 0], "pivot": [6, 40.21388, -4.03193], "rotation": [7.5, -45, -7.5], "uv": [106, 17], "mirror": true},
						{"origin": [0, 42.21388, -3.92685], "size": [4, 1, 0], "pivot": [6, 40.21388, -4.03193], "rotation": [7.5, -45, -7.5], "uv": [112, 87], "mirror": true}
					]
				},
				{
					"name": "eye2",
					"parent": "eyes",
					"pivot": [0, 38.21388, 0.96807],
					"cubes": [
						{"origin": [-3, 40.91388, -3.88685], "size": [2, 2, 0], "pivot": [-6, 40.21388, -4.03193], "rotation": [7.5, 45, 7.5], "uv": [26, 116]},
						{"origin": [-2.3, 41.46388, -3.90585], "size": [1, 1, 0], "pivot": [-6, 40.21388, -4.03193], "rotation": [7.5, 45, 7.5], "uv": [84, 56]},
						{"origin": [-4, 41.61388, -3.87685], "size": [4, 1, 0], "pivot": [-6, 40.21388, -4.03193], "rotation": [7.5, 45, 7.5], "uv": [106, 17]},
						{"origin": [-4, 42.21388, -3.92685], "size": [4, 1, 0], "pivot": [-6, 40.21388, -4.03193], "rotation": [7.5, 45, 7.5], "uv": [112, 87]}
					]
				},
				{
					"name": "mounch2",
					"parent": "mounchs",
					"pivot": [0, 39.21388, -4.03193],
					"cubes": [
						{"origin": [-4, 38.51388, -4.93685], "size": [7, 2, 7], "inflate": -0.2, "pivot": [3, 38.21388, -2.03193], "rotation": [0, -45, 0], "uv": [68, 77]}
					]
				}
			]
		}
	]
}