{
	"format_version": "1.12.0",
	"minecraft:geometry": [
		{
			"description": {
				"identifier": "geometry.mienshao",
				"texture_width": 64,
				"texture_height": 64,
				"visible_bounds_width": 6,
				"visible_bounds_height": 5,
				"visible_bounds_offset": [0, 1.5, 0]
			},
			"bones": [
				{
					"name": "mienshao",
					"pivot": [-2, 0, 0]
				},
				{
					"name": "allbody",
					"parent": "mienshao",
					"pivot": [-2, 0, 0]
				},
				{
					"name": "legs",
					"parent": "allbody",
					"pivot": [-2, 0, 1]
				},
				{
					"name": "leg1",
					"parent": "legs",
					"pivot": [-2, -1, 1],
					"cubes": [
						{"origin": [-4, 7, -1], "size": [4, 7, 4], "uv": [26, 0]}
					]
				},
				{
					"name": "legmini1",
					"parent": "leg1",
					"pivot": [-7, 2, 3],
					"cubes": [
						{"origin": [-3.5, 3.7, -1], "size": [3, 4, 3], "inflate": -0.2, "uv": [42, 0]}
					]
				},
				{
					"name": "legparte1",
					"parent": "legmini1",
					"pivot": [-7, 2, 3],
					"cubes": [
						{"origin": [-3, 0, -0.5], "size": [2, 4, 2], "inflate": -0.2, "uv": [28, 46]}
					]
				},
				{
					"name": "legwalk1",
					"parent": "legparte1",
					"pivot": [-2, -1, 1],
					"cubes": [
						{"origin": [-3, 0, -2], "size": [2, 1, 4], "uv": [44, 13]},
						{"origin": [-3, 0, -4], "size": [0, 1, 2], "uv": [36, 49]},
						{"origin": [-2, 0, -4], "size": [0, 1, 2], "uv": [40, 49]},
						{"origin": [-1, 0, -4], "size": [0, 1, 2], "uv": [16, 50]}
					]
				},
				{
					"name": "leg2",
					"parent": "legs",
					"pivot": [2, -1, 1],
					"cubes": [
						{"origin": [0, 7, -1], "size": [4, 7, 4], "uv": [26, 0], "mirror": true}
					]
				},
				{
					"name": "legmini2",
					"parent": "leg2",
					"pivot": [7, 2, 3],
					"cubes": [
						{"origin": [0.5, 3.7, -1], "size": [3, 4, 3], "inflate": -0.2, "uv": [42, 0], "mirror": true}
					]
				},
				{
					"name": "legparte2",
					"parent": "legmini2",
					"pivot": [7, 2, 3],
					"cubes": [
						{"origin": [1, 0, -0.5], "size": [2, 4, 2], "inflate": -0.2, "uv": [28, 46], "mirror": true}
					]
				},
				{
					"name": "legwalk2",
					"parent": "legparte2",
					"pivot": [2, -1, 1],
					"cubes": [
						{"origin": [1, 0, -2], "size": [2, 1, 4], "uv": [44, 13], "mirror": true},
						{"origin": [3, 0, -4], "size": [0, 1, 2], "uv": [36, 49], "mirror": true},
						{"origin": [2, 0, -4], "size": [0, 1, 2], "uv": [40, 49], "mirror": true},
						{"origin": [1, 0, -4], "size": [0, 1, 2], "uv": [16, 50], "mirror": true}
					]
				},
				{
					"name": "torso",
					"parent": "allbody",
					"pivot": [-2, -1, 0]
				},
				{
					"name": "torsoparte",
					"parent": "torso",
					"pivot": [-2, -1, 1],
					"cubes": [
						{"origin": [-3, 9.7, -2], "size": [6, 6, 6], "uv": [0, 13]}
					]
				},
				{
					"name": "line",
					"parent": "torsoparte",
					"pivot": [0, 12, 4],
					"cubes": [
						{"origin": [-1, 12, 4], "size": [2, 0, 4], "uv": [44, 18]}
					]
				},
				{
					"name": "line2",
					"parent": "line",
					"pivot": [0, 12, 8],
					"cubes": [
						{"origin": [-1, 12, 8], "size": [2, 0, 4], "uv": [16, 46]}
					]
				},
				{
					"name": "line3",
					"parent": "line2",
					"pivot": [0, 12, 12],
					"cubes": [
						{"origin": [-1, 12, 12], "size": [2, 0, 4], "uv": [46, 22]}
					]
				},
				{
					"name": "line4",
					"parent": "line3",
					"pivot": [0, 12, 16],
					"cubes": [
						{"origin": [-1.5, 12, 16], "size": [3, 0, 5], "uv": [18, 41]}
					]
				},
				{
					"name": "line5",
					"parent": "line4",
					"pivot": [0, 12, 21],
					"cubes": [
						{"origin": [-1.5, 12, 21], "size": [3, 0, 7], "uv": [0, 31]}
					]
				},
				{
					"name": "torsonime",
					"parent": "torsoparte",
					"pivot": [-2, 0, 3],
					"cubes": [
						{"origin": [-2.5, 15.2, -1.4], "size": [5, 6, 5], "uv": [24, 13]}
					]
				},
				{
					"name": "torsonime2",
					"parent": "torsonime",
					"pivot": [-2, 10, 3],
					"cubes": [
						{"origin": [-2, 20.9, -0.8], "size": [4, 6, 4], "uv": [20, 31]}
					]
				},
				{
					"name": "hands",
					"parent": "torsonime2",
					"pivot": [-2, -1, -2]
				},
				{
					"name": "hand1",
					"parent": "hands",
					"pivot": [-1, 22, -2],
					"cubes": [
						{"origin": [-9, 24, 0], "size": [7, 2, 2], "uv": [0, 38]}
					]
				},
				{
					"name": "hand_parte1",
					"parent": "hand1",
					"pivot": [-6, 22, 11],
					"cubes": [
						{"origin": [-16, 23.2, -1], "size": [7, 3, 4], "uv": [24, 24]}
					]
				},
				{
					"name": "handparte1",
					"parent": "hand_parte1",
					"pivot": [-6, 22, 11],
					"cubes": [
						{"origin": [-21, 24.2, -0.5], "size": [5, 2, 3], "uv": [0, 42]}
					]
				},
				{
					"name": "nail1",
					"parent": "handparte1",
					"pivot": [-6, 22, 11],
					"cubes": [
						{"origin": [-18, 21.2, 0], "size": [1, 3, 2], "uv": [0, 47]}
					]
				},
				{
					"name": "handmine1",
					"parent": "handparte1",
					"pivot": [-6, 22, 11],
					"cubes": [
						{"origin": [-27, 24.2, -0.5], "size": [6, 2, 3], "uv": [36, 31]}
					]
				},
				{
					"name": "handnime1",
					"parent": "handmine1",
					"pivot": [-6, 22, 11],
					"cubes": [
						{"origin": [-34, 24.2, -1], "size": [7, 2, 4], "uv": [0, 25]}
					]
				},
				{
					"name": "fist_1",
					"parent": "handnime1",
					"pivot": [-6, 22, 11]
				},
				{
					"name": "fist1",
					"parent": "fist_1",
					"pivot": [-6, 22, 12],
					"rotation": [0, -3, 0],
					"cubes": [
						{"origin": [-37, 24.7, 0.49], "size": [3, 1, 2], "uv": [46, 26]},
						{"origin": [-40, 24.7, 0.49], "size": [3, 0, 2], "uv": [26, 11]}
					]
				},
				{
					"name": "fist2",
					"parent": "fist_1",
					"pivot": [-6, 22, -10],
					"rotation": [0, 3, 0],
					"cubes": [
						{"origin": [-37, 24.7, -0.49], "size": [3, 1, 2], "uv": [36, 46]},
						{"origin": [-40, 24.7, -0.49], "size": [3, 0, 2], "uv": [46, 29]}
					]
				},
				{
					"name": "hand2",
					"parent": "hands",
					"pivot": [1, 22, -2],
					"cubes": [
						{"origin": [2, 24, 0], "size": [7, 2, 2], "uv": [0, 38], "mirror": true}
					]
				},
				{
					"name": "hand_parte2",
					"parent": "hand2",
					"pivot": [6, 22, 11],
					"cubes": [
						{"origin": [9, 23.2, -1], "size": [7, 3, 4], "uv": [24, 24], "mirror": true}
					]
				},
				{
					"name": "handparte2",
					"parent": "hand_parte2",
					"pivot": [6, 22, 11],
					"cubes": [
						{"origin": [16, 24.2, -0.5], "size": [5, 2, 3], "uv": [0, 42], "mirror": true}
					]
				},
				{
					"name": "nail2",
					"parent": "handparte2",
					"pivot": [6, 22, 11],
					"cubes": [
						{"origin": [17, 21.2, 0], "size": [1, 3, 2], "uv": [0, 47], "mirror": true}
					]
				},
				{
					"name": "handmine2",
					"parent": "handparte2",
					"pivot": [6, 22, 11],
					"cubes": [
						{"origin": [21, 24.2, -0.5], "size": [6, 2, 3], "uv": [36, 31], "mirror": true}
					]
				},
				{
					"name": "handnime2",
					"parent": "handmine2",
					"pivot": [6, 22, 11],
					"cubes": [
						{"origin": [27, 24.2, -1], "size": [7, 2, 4], "uv": [0, 25], "mirror": true}
					]
				},
				{
					"name": "fist_2",
					"parent": "handnime2",
					"pivot": [6, 22, 11]
				},
				{
					"name": "fist3",
					"parent": "fist_2",
					"pivot": [6, 22, 12],
					"rotation": [0, 3, 0],
					"cubes": [
						{"origin": [34, 24.7, 0.49], "size": [3, 1, 2], "uv": [46, 26], "mirror": true},
						{"origin": [37, 24.7, 0.49], "size": [3, 0, 2], "uv": [26, 11], "mirror": true}
					]
				},
				{
					"name": "fist4",
					"parent": "fist_2",
					"pivot": [6, 22, -10],
					"rotation": [0, -3, 0],
					"cubes": [
						{"origin": [34, 24.7, -0.49], "size": [3, 1, 2], "uv": [36, 46], "mirror": true},
						{"origin": [37, 24.7, -0.49], "size": [3, 0, 2], "uv": [46, 29], "mirror": true}
					]
				},
				{
					"name": "torsonime3",
					"parent": "torsonime2",
					"pivot": [-2, 10, 3],
					"cubes": [
						{"origin": [-1.5, 25.9, -0.4], "size": [3, 7, 3], "uv": [36, 36]}
					]
				},
				{
					"name": "head",
					"parent": "torsonime3",
					"pivot": [0, 33, -1],
					"cubes": [
						{"origin": [-3, 32, -3.2], "size": [6, 6, 7], "uv": [0, 0]}
					]
				},
				{
					"name": "nose",
					"parent": "head",
					"pivot": [-2, 31, 0],
					"cubes": [
						{"origin": [-1.5, 32.01, -6.17846], "size": [3, 3, 3], "uv": [42, 7]},
						{"origin": [-0.5, 33.5, -7.2], "size": [1, 1, 1], "pivot": [1, 33.45946, -5.17846], "rotation": [-17.5, 0, 0], "uv": [48, 44]}
					]
				},
				{
					"name": "smile",
					"parent": "nose",
					"pivot": [-2, 31, 0],
					"cubes": [
						{"origin": [-1, 32.5, -5.2], "size": [2, 1, 0], "uv": [1, 0]}
					]
				},
				{
					"name": "horejas",
					"parent": "head",
					"pivot": [-2, -2, -1]
				},
				{
					"name": "horeja1",
					"parent": "horejas",
					"pivot": [10.86327, 2.56283, -11.57018],
					"rotation": [-30, 40, -50],
					"cubes": [
						{"origin": [14.86327, 40.56283, -9.57018], "size": [3, 4, 0], "uv": [6, 47]}
					]
				},
				{
					"name": "horeja2",
					"parent": "horejas",
					"pivot": [-10.86327, 2.56283, -11.57018],
					"rotation": [-30, -40, 50],
					"cubes": [
						{"origin": [-17.86327, 40.56283, -9.57018], "size": [3, 4, 0], "uv": [6, 47], "mirror": true}
					]
				},
				{
					"name": "eyes",
					"parent": "head",
					"pivot": [-2, -2, -1]
				},
				{
					"name": "eye1",
					"parent": "eyes",
					"pivot": [-2, -2, -1],
					"cubes": [
						{"origin": [-3.01, 34, -3.2], "size": [0, 1, 4], "uv": [46, 46]},
						{"origin": [-3.01, 34, -3.21], "size": [1, 1, 0], "uv": [22, 25]}
					]
				},
				{
					"name": "eyeminec1",
					"parent": "eye1",
					"pivot": [-2, -2, -1]
				},
				{
					"name": "eye2",
					"parent": "eyes",
					"pivot": [2, -2, -1],
					"cubes": [
						{"origin": [3.01, 34, -3.2], "size": [0, 1, 4], "uv": [46, 46], "mirror": true},
						{"origin": [2.01, 34, -3.21], "size": [1, 1, 0], "uv": [22, 25], "mirror": true}
					]
				},
				{
					"name": "eyeminec2",
					"parent": "eye2",
					"pivot": [2, -2, -1]
				},
				{
					"name": "cejas",
					"parent": "head",
					"pivot": [-2, -2, -1]
				},
				{
					"name": "ceja1",
					"parent": "cejas",
					"pivot": [-5, 34, 0],
					"cubes": [
						{"origin": [-3.03, 35, -3.2], "size": [0, 2, 2], "uv": [12, 47]},
						{"origin": [-3.04, 35, -1.6], "size": [0, 1, 3], "uv": [48, 36]},
						{"origin": [-3.01, 35, -3.21], "size": [1, 1, 0], "uv": [22, 26]}
					]
				},
				{
					"name": "ceja2",
					"parent": "cejas",
					"pivot": [5, 34, 0],
					"cubes": [
						{"origin": [3.03, 35, -3.2], "size": [0, 2, 2], "uv": [12, 47], "mirror": true},
						{"origin": [3.04, 35, -1.6], "size": [0, 1, 3], "uv": [48, 36], "mirror": true},
						{"origin": [2.01, 35, -3.21], "size": [1, 1, 0], "uv": [22, 26], "mirror": true}
					]
				},
				{
					"name": "bigotes",
					"parent": "head",
					"pivot": [-2, -2, -1]
				},
				{
					"name": "bigote1",
					"parent": "bigotes",
					"pivot": [-3, 32, 0],
					"cubes": [
						{"origin": [-6, 32.3, -2], "size": [3, 1, 0], "uv": [36, 11]}
					]
				},
				{
					"name": "big_go1",
					"parent": "bigote1",
					"pivot": [-2, 20, 0],
					"cubes": [
						{"origin": [-8, 32.3, -2], "size": [2, 1, 0], "uv": [20, 50]}
					]
				},
				{
					"name": "big_go_te1",
					"parent": "big_go1",
					"pivot": [-2, 20, 0],
					"cubes": [
						{"origin": [-12, 31.8, -2], "size": [4, 2, 0], "uv": [48, 40]}
					]
				},
				{
					"name": "bigote2",
					"parent": "bigotes",
					"pivot": [3, 32, 0],
					"cubes": [
						{"origin": [3, 32.3, -2], "size": [3, 1, 0], "uv": [36, 11], "mirror": true}
					]
				},
				{
					"name": "big_go2",
					"parent": "bigote2",
					"pivot": [2, 20, 0],
					"cubes": [
						{"origin": [6, 32.3, -2], "size": [2, 1, 0], "uv": [20, 50], "mirror": true}
					]
				},
				{
					"name": "big_go_te2",
					"parent": "big_go2",
					"pivot": [2, 20, 0],
					"cubes": [
						{"origin": [8, 31.8, -2], "size": [4, 2, 0], "uv": [48, 40], "mirror": true}
					]
				},
				{
					"name": "locator_target",
					"parent": "allbody",
					"pivot": [0, 30, -7],
					"locators": {
						"target": [0, 30, -7]
					}
				},
				{
					"name": "locator_top",
					"parent": "mienshao",
					"pivot": [0, 37, 0],
					"locators": {
						"top": [0, 37, 0]
					}
				},
				{
					"name": "locator_root",
					"parent": "mienshao",
					"pivot": [-2, 0, 0],
					"locators": {
						"root": [0, 0, 0]
					}
				}
			]
		}
	]
}