{
    "implemented": true,
    "target": "cobblemon:chewtle",   
    "shoulderMountable": true,
    "baseScale": 0.65,
    "hitbox": {
      "width": 1,
      "height": 1,
      "fixed": false
    },
    "drops": {
    "amount": "3",
      "entries": [
        {
          "item": "minecraft:turtle_scute",
          "quantityRange": "0-2"
        },
        {
          "item": "cobblemon:prismarine_shard",
          "percentage": 50
        },
        {
          "item": "minecraft:rindo_berry",
          "percentage": 25
        }
      ]
    },
    "behaviour": {
      "resting": {
        "canSleep": true,
        "willSleepOnBed": true,
        "depth": "normal",
        "light": "0-4"
      }
    }
   }