{
    "implemented": true,
    "target": "cobblemon:coalossal",   
    "shoulderMountable": false,
    "baseScale": 1,
    "hitbox": {
      "width": 0.6,
      "height": 1.7,
      "fixed": false
    },
    "drops": {
    "amount": "1",
      "entries": [
        {
          "item": "minecraft:coal",
          "percentage": 100
        }
      ]
    },
    "behaviour": {
      "resting": {
        "canSleep": true,
        "willSleepOnBed": true,
        "walkSpeed": 0.22,
        "depth": "normal",
        "light": "0-4"
      }
    }
   }