{
    "implemented": true,
    "target": "cobblemon:drednaw",   
    "shoulderMountable": false,
    "baseScale": 0.8,
    "hitbox": {
      "width": 2,
      "height": 2,
      "fixed": false
    },
    "drops": {
    "amount": "3",
      "entries": [
        {
          "item": "minecraft:turtle_scute",
          "quantityRange": "0-3"
        },
        {
          "item": "cobblemon:prismarine_shard",
          "percentage": 75
        },
        {
          "item": "minecraft:rindo_berry",
          "percentage": 50
        }
      ]
    },
    "behaviour": {
      "resting": {
        "canSleep": true,
        "willSleepOnBed": true,
        "walkSpeed": 0.22,
        "depth": "normal",
        "light": "0-4"
      }
    }
   }