{
    "implemented": true,
    "target": "cobblemon:heliolisk",   
    "shoulderMountable": false,
    "baseScale": 0.8,
    "hitbox": {
      "width": 1.5,
      "height": 2.5,
      "fixed": false
    },
    "drops": {
    "amount": "1",
      "entries": [
        {
          "item": "minecraft:sun_stone",
          "percentage": 2.3
        }
      ]
    },
    "behaviour": {
      "resting": {
        "canSleep": true,
        "willSleepOnBed": true,
        "depth": "normal",
        "light": "0-4"
      }
    }
   }