{
    "implemented": true,
    "target": "cobblemon:inkay",   
    "shoulderMountable": true,
  "baseScale": 0.7,
  "hitbox": {
    "width": 1,
    "height": 1,
    "fixed": false
    },
    "drops": {
    "amount": "1",
      "entries": [
        {
          "item": "minecraft:ink_sac",
          "percentage": 100
        }
      ]
    },
    "behaviour": {
      "resting": {
        "canSleep": true,
        "willSleeph": "normal",
        "walkSpeed": 0.25,   
        "runSpeed": 0.35,   
        "light": "0-4"
      }
    }
   }