{
    "implemented": true,
    "target": "cobblemon:nymble",   
    "shoulderMountable": false,
    "baseScale": 0.7,
    "hitbox": {
      "width": 0.5,
      "height": 0.7,
      "fixed": false
    },
    "drops": {
    "amount": "2",
      "entries": [
        {
          "item": "minecraft:string",
          "quantityRange": "0-3"
        }
      ]
    },
    "behaviour": {
      "resting": {
        "canSleep": true,
        "willSleepOnBed": true,
        "depth": "normal",
        "light": "0-4"
      }
    }
   }
