{
    "implemented": true,
    "target": "cobblemon:runerigus",   
    "shoulderMountable": false,
    "baseScale": 0.75,
    "hitbox": {
      "width": 0.75,
      "height": 0.7,
      "fixed": false
    },
    "drops": {
    "amount": "2",
      "entries": [
        {
          "item": "minecraft:cobblestone",
          "quantityRange": "0-3"
        },
        {
          "item": "cobblemon:kasid_berry",
          "percentage": 100
        }
      ]
    },
    "behaviour": {
      "resting": {
        "canSleep": true,
        "willSleepOnBed": true,
        "walkSpeed": 0.24,      
        "depth": "normal",
        "light": "0-4"
      }
    }
   }