{
	"format_version": "1.8.0",
	"animations": {
		"animation.toxtricity_l.ground_walk": {
			"loop": true,
			"animation_length": 1,
			"bones": {
				"leg1": {
					"rotation": {
						"0.0": {
							"post": [-35, 0, 0],
							"lerp_mode": "catmullrom"
						},
						"0.2083": {
							"post": [-29.93, 0, 0],
							"lerp_mode": "catmullrom"
						},
						"0.5": {
							"post": [45, 0, 0],
							"lerp_mode": "catmullrom"
						},
						"0.75": {
							"post": [32.41, 0, 0],
							"lerp_mode": "catmullrom"
						},
						"1.0": {
							"post": [-35, 0, 0],
							"lerp_mode": "catmullrom"
						}
					},
					"position": {
						"0.0": {
							"post": [0, 0, 0],
							"lerp_mode": "catmullrom"
						},
						"0.1667": {
							"post": [0, -0.54971, -1.08301],
							"lerp_mode": "catmullrom"
						},
						"0.7083": {
							"post": [0, 0, 1],
							"lerp_mode": "catmullrom"
						},
						"1.0": {
							"post": [0, 0, 0],
							"lerp_mode": "catmullrom"
						}
					}
				},
				"leg_part1": {
					"rotation": {
						"0.0": {
							"post": [32.5, 0, 0],
							"lerp_mode": "catmullrom"
						},
						"0.5": {
							"post": [-20, 0, 0],
							"lerp_mode": "catmullrom"
						},
						"1.0": {
							"post": [32.5, 0, 0],
							"lerp_mode": "catmullrom"
						}
					},
					"position": {
						"0.0": {
							"post": [0, 2, 5],
							"lerp_mode": "catmullrom"
						},
						"0.5": {
							"post": [0, 1, -3],
							"lerp_mode": "catmullrom"
						},
						"1.0": {
							"post": [0, 2, 5],
							"lerp_mode": "catmullrom"
						}
					}
				},
				"leg_mini1": {
					"rotation": {
						"0.0": {
							"post": [12.5, 0, 0],
							"lerp_mode": "catmullrom"
						},
						"0.5": {
							"post": [-10, 0, 0],
							"lerp_mode": "catmullrom"
						},
						"1.0": {
							"post": [12.5, 0, 0],
							"lerp_mode": "catmullrom"
						}
					}
				},
				"leg2": {
					"rotation": {
						"0.0": {
							"post": [45, 0, 0],
							"lerp_mode": "catmullrom"
						},
						"0.2083": {
							"post": [32.41, 0, 0],
							"lerp_mode": "catmullrom"
						},
						"0.5": {
							"post": [-35, 0, 0],
							"lerp_mode": "catmullrom"
						},
						"0.7083": {
							"post": [-29.93, 0, 0],
							"lerp_mode": "catmullrom"
						},
						"1.0": {
							"post": [45, 0, 0],
							"lerp_mode": "catmullrom"
						}
					},
					"position": {
						"0.0": {
							"post": [0, 0, 0],
							"lerp_mode": "catmullrom"
						},
						"0.1667": {
							"post": [0, 0, 1],
							"lerp_mode": "catmullrom"
						},
						"0.75": {
							"post": [0, -0.54971, -1.08301],
							"lerp_mode": "catmullrom"
						},
						"1.0": {
							"post": [0, 0, 0],
							"lerp_mode": "catmullrom"
						}
					}
				},
				"leg_part2": {
					"rotation": {
						"0.0": {
							"post": [-20, 0, 0],
							"lerp_mode": "catmullrom"
						},
						"0.1667": {
							"post": [-3.89, 0, 0],
							"lerp_mode": "catmullrom"
						},
						"0.5": {
							"post": [32.5, 0, 0],
							"lerp_mode": "catmullrom"
						},
						"0.7083": {
							"post": [15.95, 0, 0],
							"lerp_mode": "catmullrom"
						},
						"1.0": {
							"post": [-20, 0, 0],
							"lerp_mode": "catmullrom"
						}
					},
					"position": {
						"0.0": {
							"post": [0, 1, -3],
							"lerp_mode": "catmullrom"
						},
						"0.5": {
							"post": [0, 2, 5],
							"lerp_mode": "catmullrom"
						},
						"1.0": {
							"post": [0, 1, -3],
							"lerp_mode": "catmullrom"
						}
					}
				},
				"leg_mini2": {
					"rotation": {
						"0.0": {
							"post": [-10, 0, 0],
							"lerp_mode": "catmullrom"
						},
						"0.2083": {
							"post": [-9.04, 0, 0],
							"lerp_mode": "catmullrom"
						},
						"0.5": {
							"post": [12.5, 0, 0],
							"lerp_mode": "catmullrom"
						},
						"1.0": {
							"post": [-10, 0, 0],
							"lerp_mode": "catmullrom"
						}
					},
					"position": {
						"0.0": {
							"post": [0, 0, 0],
							"lerp_mode": "catmullrom"
						},
						"0.1667": {
							"post": [0, 1, 0],
							"lerp_mode": "catmullrom"
						},
						"1.0": {
							"post": [0, 0, 0],
							"lerp_mode": "catmullrom"
						}
					}
				},
				"torso": {
					"rotation": ["math.cos(q.anim_time*90*4+90)*6", "0+math.sin(q.anim_time*90*4+90)*3", "0+math.sin(q.anim_time*90*4+90)*4"],
					"position": [0, -3, -1]
				},
				"tail": {
					"rotation": ["0+math.cos(q.anim_time*90*4+90)*4", "0+math.sin(q.anim_time*90*4+90)*15", 0]
				},
				"torso2": {
					"rotation": [-12.5, 0, 0],
					"position": [0, -1, 0]
				},
				"torso3": {
					"rotation": [47.5, 0, 0]
				},
				"hand1": {
					"rotation": {
						"0.0": {
							"post": [0, 15, 27.5],
							"lerp_mode": "catmullrom"
						},
						"0.5": {
							"post": [0, -25, 27.5],
							"lerp_mode": "catmullrom"
						},
						"1.0": {
							"post": [0, 15, 27.5],
							"lerp_mode": "catmullrom"
						}
					}
				},
				"hand_part1": {
					"rotation": {
						"0.0": {
							"post": [0, 12.5, 32.5],
							"lerp_mode": "catmullrom"
						},
						"0.5": {
							"post": [0, 10, 32.5],
							"lerp_mode": "catmullrom"
						},
						"1.0": {
							"post": [0, 12.5, 32.5],
							"lerp_mode": "catmullrom"
						}
					}
				},
				"hand_mini1": {
					"rotation": {
						"0.0": {
							"post": [0, 27.5, 0],
							"lerp_mode": "catmullrom"
						},
						"0.5": {
							"post": [12.2127, 43.65747, 17.40744],
							"lerp_mode": "catmullrom"
						},
						"1.0": {
							"post": [0, 27.5, 0],
							"lerp_mode": "catmullrom"
						}
					}
				},
				"fist_nail1": {
					"rotation": {
						"0.0": {
							"post": [0, 17.5, 37.5],
							"lerp_mode": "catmullrom"
						},
						"0.5": {
							"post": [9.00717, 20.70481, 24.14867],
							"lerp_mode": "catmullrom"
						},
						"1.0": {
							"post": [0, 17.5, 37.5],
							"lerp_mode": "catmullrom"
						}
					}
				},
				"hand2": {
					"rotation": {
						"0.0": {
							"post": [0, 25, -27.5],
							"lerp_mode": "catmullrom"
						},
						"0.5": {
							"post": [0, -15, -27.5],
							"lerp_mode": "catmullrom"
						},
						"1.0": {
							"post": [0, 25, -27.5],
							"lerp_mode": "catmullrom"
						}
					}
				},
				"hand_part2": {
					"rotation": {
						"0.0": {
							"post": [0, -10, -32.5],
							"lerp_mode": "catmullrom"
						},
						"0.5": {
							"post": [0, -12.5, -32.5],
							"lerp_mode": "catmullrom"
						},
						"1.0": {
							"post": [0, -10, -32.5],
							"lerp_mode": "catmullrom"
						}
					}
				},
				"hand_mini2": {
					"rotation": {
						"0.0": {
							"post": [12.2127, -43.65747, -17.40744],
							"lerp_mode": "catmullrom"
						},
						"0.5": {
							"post": [0, -27.5, 0],
							"lerp_mode": "catmullrom"
						},
						"1.0": {
							"post": [12.2127, -43.65747, -17.40744],
							"lerp_mode": "catmullrom"
						}
					}
				},
				"fist_nail2": {
					"rotation": [9.00717, -20.70481, -24.14867]
				},
				"head": {
					"rotation": ["-22.5+math.sin(q.anim_time*90*4+90)*6", 0, "0+math.sin(q.anim_time*90*4+90)*4"],
					"position": [0, -1, 0]
				},
				"locator_top": {
					"position": [0, -3, -10]
				}
			}
		},
		"animation.toxtricity_l.ground_idle": {
			"loop": true,
			"bones": {
				"leg1": {
					"rotation": [19.50074, 20.48608, 2.11878],
					"position": [0, -1, 0]
				},
				"leg_part1": {
					"rotation": [-20, 0, 0],
					"position": [0, 1, -2.5]
				},
				"leg_mini1": {
					"rotation": [0, 0, 0]
				},
				"leg2": {
					"rotation": [19.50074, -20.48608, -2.11878],
					"position": [0, -1, 0]
				},
				"leg_part2": {
					"rotation": [-20, 0, 0],
					"position": [0, 1, -2.5]
				},
				"torso": {
					"position": [0, -3, 0]
				},
				"tail": {
					"rotation": ["0+math.sin(q.anim_time*90*4+90)*2", "math.cos(q.anim_time*90*3)*15", 0]
				},
				"tail2": {
					"rotation": [12.5, 0, 0]
				},
				"tail3": {
					"rotation": [17.5, 0, 0],
					"position": [0, 0, 0]
				},
				"torso2": {
					"rotation": [-22.5, 0, "0+math.cos(q.anim_time*90*1+90)*2"],
					"position": [0, -1, 0]
				},
				"torso3": {
					"rotation": ["42.5+math.cos(q.anim_time*90*4+90)*1", 0, 0]
				},
				"torso4": {
					"rotation": [17.5, 0, 0],
					"position": [0, 1, 9]
				},
				"hand1": {
					"rotation": [-17.5, "-5+math.sin(q.anim_time*90*4+90)*1", "35+math.cos(query.anim_time*90*2+90)*2"],
					"position": [0, 0, 1]
				},
				"hand_part1": {
					"rotation": [0, "20+math.sin(q.anim_time*90*4+90)*1", 32.5]
				},
				"hand_mini1": {
					"rotation": [20.51726, "7.2401+math.cos(q.anim_time*90*2+90)*3", 9.92649],
					"position": [-1, 0, 1]
				},
				"fist1": {
					"rotation": [4.19, 18.80281, 10.38825]
				},
				"fist_nail1": {
					"rotation": [11.76782, -4.2453, 19.5623],
					"position": [0, 1, 0]
				},
				"head": {
					"rotation": ["-38.9858+math.sin(q.anim_time*90*2+90)*4", 2.82144, "0.98168+math.cos(q.anim_time*90*2+90)*4"],
					"position": [0, -2, 0]
				},
				"hand2": {
					"rotation": [-17.5, "5-math.sin(q.anim_time*90*4+90)*1", "-35-math.cos(query.anim_time*90*2+90)*2"],
					"position": [0, 0, 1]
				},
				"hand_part2": {
					"rotation": [0, "-20-math.sin(q.anim_time*90*4+90)*1", -32.5]
				},
				"hand_mini2": {
					"rotation": [20.51726, "-7.2401-math.cos(q.anim_time*90*2+90)*3", -9.92649],
					"position": [1, 0, 1]
				},
				"fist2": {
					"rotation": [4.19, -18.80281, -10.38825]
				},
				"fist_nail2": {
					"rotation": [11.76782, 4.2453, -19.5623],
					"position": [0, 1, 0]
				},
				"nail4": {
					"rotation": [-3.13388, 17.22575, -10.47479],
					"position": [2, 6, -12]
				},
				"nail5": {
					"rotation": [0, 0, -15],
					"position": [7, 9, 0]
				}
			}
		},
		"animation.toxtricity_l.render_amped": {
			"loop": true,
			"bones": {
				"leg1": {
					"rotation": [-12.24859, 51.3798, 16.15359],
					"position": [0, -1, 2]
				},
				"leg_part1": {
					"rotation": [35, 0, 0],
					"position": [0, 2.5, 5]
				},
				"leg_mini1": {
					"rotation": [0, 0, 0]
				},
				"leg2": {
					"rotation": [-41.65096, -19.63084, -7.8668],
					"position": [1, -2, 0]
				},
				"leg_part2": {
					"rotation": [42.5, 0, 0],
					"position": [0, 3.5, 5.4]
				},
				"leg_mini2": {
					"rotation": [2.5, 0, 0]
				},
				"torso": {
					"rotation": [0, 32.5, 0],
					"position": [0, -2, 0]
				},
				"tail": {
					"rotation": [10, 25, 0]
				},
				"tail2": {
					"rotation": [0, 20, 0]
				},
				"tail3": {
					"rotation": [22.5, 0, 0]
				},
				"torso2": {
					"rotation": [-20, 0, 0],
					"position": [0, -1, 0]
				},
				"torso3": {
					"rotation": [40.16598, 14.80671, 3.73339],
					"position": [-0.5, 0, -1]
				},
				"hand1": {
					"rotation": [0, -42.5, 40]
				},
				"hand_part1": {
					"rotation": [4.90098, 24.35944, 16.36057]
				},
				"hand_mini1": {
					"rotation": [26.86302, 31.26463, 17.62528],
					"position": [-1, 0, 0]
				},
				"fist_nail1": {
					"rotation": [15.57939, -12.7, 38.25563],
					"position": [-1, 1, 0]
				},
				"nail3": {
					"rotation": [0, 2.5, 0],
					"position": [0, 0, 2]
				},
				"head": {
					"rotation": [11.72378, 16.27954, -18.59388],
					"position": [0, -1, 1]
				},
				"hand2": {
					"rotation": [-18.157, 48.2572, -51.16615]
				},
				"hand_part2": {
					"rotation": [6.40546, -44.58313, -10.46854]
				},
				"hand_mini2": {
					"rotation": [18.92818, -27.95118, -13.68646]
				},
				"fist2": {
					"rotation": [0, -42.5, 0]
				},
				"fist_nail2": {
					"rotation": [8.95662, 12.26333, -31.9974],
					"position": [1, 0, 0]
				},
				"nail5": {
					"rotation": [0, 0, -17.5],
					"position": [9, 12, 0]
				},
				"fist1": {
					"rotation": [-50.36073, 53.13995, -56.4625]
				}
			}
		},
		"animation.toxtricity_l.blink": {
			"animation_length": 0.2083,
			"bones": {
				"eye1": {
					"position": {
						"0.0": {
							"post": [0, 0, 1],
							"lerp_mode": "catmullrom"
						},
						"0.2083": {
							"post": [0, 0, 0],
							"lerp_mode": "catmullrom"
						}
					}
				},
				"eye2": {
					"position": {
						"0.0": {
							"post": [1, 0, 0],
							"lerp_mode": "catmullrom"
						},
						"0.2083": {
							"post": [0, 0, 0],
							"lerp_mode": "catmullrom"
						}
					}
				}
			}
		},
		"animation.toxtricity_l.cry": {
			"animation_length": 1,
			"bones": {
				"torso": {
					"rotation": {
						"0.0": {
							"post": [0, 0, 0],
							"lerp_mode": "catmullrom"
						},
						"0.25": {
							"post": [-5, 0, 0],
							"lerp_mode": "catmullrom"
						},
						"0.3333": {
							"post": [-2.5, 0, 0],
							"lerp_mode": "catmullrom"
						},
						"0.4583": {
							"post": [0.5, 0, 0],
							"lerp_mode": "catmullrom"
						},
						"0.5833": {
							"post": [-2.12, 0, 0],
							"lerp_mode": "catmullrom"
						},
						"0.7083": {
							"post": [1.02, 0, 0],
							"lerp_mode": "catmullrom"
						},
						"0.8333": {
							"post": [-1.92, 0, 0],
							"lerp_mode": "catmullrom"
						},
						"1.0": {
							"post": [0, 0, 0],
							"lerp_mode": "catmullrom"
						}
					}
				},
				"mounch2": {
					"rotation": {
						"0.0": {
							"post": [0, 0, 0],
							"lerp_mode": "catmullrom"
						},
						"0.25": {
							"post": [30, 0, 0],
							"lerp_mode": "catmullrom"
						},
						"0.3333": {
							"post": [27.5, 0, 0],
							"lerp_mode": "catmullrom"
						},
						"0.4583": {
							"post": [34.84, 0, 0],
							"lerp_mode": "catmullrom"
						},
						"0.5833": {
							"post": [21.8, 0, 0],
							"lerp_mode": "catmullrom"
						},
						"0.7083": {
							"post": [22.76, 0, 0],
							"lerp_mode": "catmullrom"
						},
						"0.875": {
							"post": [22.25, 0, 0],
							"lerp_mode": "catmullrom"
						},
						"1.0": {
							"post": [0, 0, 0],
							"lerp_mode": "catmullrom"
						}
					},
					"position": {
						"0.0": {
							"post": [0, 0, 0],
							"lerp_mode": "catmullrom"
						},
						"0.25": {
							"post": [0, 0, 1],
							"lerp_mode": "catmullrom"
						},
						"1.0": {
							"post": [0, 0, 0],
							"lerp_mode": "catmullrom"
						}
					}
				}
			},
			"sound_effects": {
				"0.125": {
					"effect": "pokemon.toxtricity.cry"
				}
			}
		},
		"animation.toxtricity_l.render_low-key": {
			"loop": true,
			"bones": {
				"leg1": {
					"rotation": [-5.81164, 40.89737, 14.71354],
					"position": [0, -1, 0]
				},
				"leg_part1": {
					"rotation": [12.5, 0, 0],
					"position": [0, 1, 1.9]
				},
				"leg_mini1": {
					"rotation": [10.12076, 12.45167, 1.10693]
				},
				"leg2": {
					"rotation": [-32.5, -40, 0],
					"position": [0, -1, 0]
				},
				"leg_part2": {
					"rotation": [30, 0, 0],
					"position": [0, 2, 4]
				},
				"leg_mini2": {
					"rotation": [10, 0, 0]
				},
				"torso": {
					"rotation": [0, -17.5, 0],
					"position": [0, -1, 0]
				},
				"tail": {
					"rotation": [22.57842, -2.44039, -0.54836]
				},
				"torso3": {
					"rotation": [-5.15408, 9.22051, -4.62098]
				},
				"torso4": {
					"rotation": [0, 0, -7.5],
					"position": [4, 0, 0]
				},
				"hand1": {
					"rotation": [1.5741, -17.43127, 34.75868]
				},
				"hand_part1": {
					"rotation": [0.6574, 7.4713, 32.54292]
				},
				"hand_mini1": {
					"rotation": [56.86333, 14.20861, 15.89718]
				},
				"fist1": {
					"rotation": [0, 0, 20]
				},
				"fist_nail1": {
					"rotation": [16.87731, 13.27031, 37.37228]
				},
				"hand2": {
					"rotation": [39.62739, 72.42776, 14.44805]
				},
				"hand_part2": {
					"rotation": [20.19783, -46.71549, -46.80773]
				},
				"hand_mini2": {
					"rotation": [15.67734, -32.30215, -11.65625]
				},
				"fist2": {
					"rotation": [0, 25, -27.5]
				},
				"fist_nail2": {
					"rotation": [-6.87347, -28.37975, -8.34592]
				},
				"head": {
					"rotation": [-11.40741, 46.81005, -18.48872],
					"position": [1, -2, 0]
				}
			}
		}
	}
}