{
	"format_version": "1.12.0",
	"minecraft:geometry": [
		{
			"description": {
				"identifier": "geometry.lokix",
				"texture_width": 64,
				"texture_height": 64,
				"visible_bounds_width": 3,
				"visible_bounds_height": 3.5,
				"visible_bounds_offset": [0, 1.25, 0]
			},
			"bones": [
				{
					"name": "lokix",
					"pivot": [0, 0, 0]
				},
				{
					"name": "body",
					"parent": "lokix",
					"pivot": [1, 0, 0]
				},
				{
					"name": "torso",
					"parent": "body",
					"pivot": [-1, 7, 0],
					"cubes": [
						{"origin": [-2, 14, -4.5], "size": [5, 2, 5], "uv": [32, 0]}
					]
				},
				{
					"name": "torso2",
					"parent": "torso",
					"pivot": [-1, 20, -3],
					"cubes": [
						{"origin": [-4, 16, -10.5], "size": [6, 5, 6], "pivot": [-2, 16, -5], "rotation": [0, -45, 0], "uv": [24, 27]},
						{"origin": [-4, 16, -6], "size": [9, 5, 7], "inflate": -0.001, "uv": [0, 0]}
					]
				},
				{
					"name": "head",
					"parent": "torso2",
					"pivot": [0, 24, -3],
					"cubes": [
						{"origin": [-2.5, 21, -5.5], "size": [6, 6, 6], "uv": [0, 27]}
					]
				},
				{
					"name": "antenna_right",
					"parent": "head",
					"pivot": [-2, 30, -8],
					"cubes": [
						{"origin": [-2, 25, -6.5], "size": [1, 5, 1], "uv": [12, 45]}
					]
				},
				{
					"name": "antenna_right2",
					"parent": "antenna_right",
					"pivot": [-1, 30, -8],
					"cubes": [
						{"origin": [-2, 30, -6.5], "size": [1, 5, 1], "uv": [48, 39]}
					]
				},
				{
					"name": "antenna_left",
					"parent": "head",
					"pivot": [3, 30, -8],
					"cubes": [
						{"origin": [2, 25, -6.5], "size": [1, 5, 1], "uv": [12, 45], "mirror": true}
					]
				},
				{
					"name": "antenna_left2",
					"parent": "antenna_left",
					"pivot": [2, 30, -8],
					"cubes": [
						{"origin": [2, 30, -6.5], "size": [1, 5, 1], "uv": [48, 39], "mirror": true}
					]
				},
				{
					"name": "eyes",
					"parent": "head",
					"pivot": [0, 24, -3]
				},
				{
					"name": "eye_right",
					"parent": "eyes",
					"pivot": [0, 24, -3],
					"cubes": [
						{"origin": [-2.51, 22, -5.491], "size": [2, 3, 3], "inflate": 0.11, "uv": [48, 26]}
					]
				},
				{
					"name": "eyelid_right",
					"parent": "eye_right",
					"pivot": [-3, 24, -3],
					"cubes": [
						{"origin": [-2.5, 22, -5.5], "size": [2, 3, 3], "inflate": 0.1, "uv": [0, 58]}
					]
				},
				{
					"name": "eye_recoil_right",
					"parent": "eye_right",
					"pivot": [0, 24, -3],
					"cubes": [
						{"origin": [-2.5, 22, -5.5], "size": [2, 3, 3], "inflate": 0.1, "uv": [54, 0]}
					]
				},
				{
					"name": "eye_left",
					"parent": "eyes",
					"pivot": [1, 24, -3],
					"cubes": [
						{"origin": [1.5, 22, -5.491], "size": [2, 3, 3], "inflate": 0.11, "uv": [48, 26], "mirror": true}
					]
				},
				{
					"name": "eyelid_left",
					"parent": "eye_left",
					"pivot": [4, 24, -3],
					"cubes": [
						{"origin": [1.5, 22, -5.5], "size": [2, 3, 3], "inflate": 0.1, "uv": [0, 58], "mirror": true}
					]
				},
				{
					"name": "eye_recoil_left",
					"parent": "eye_left",
					"pivot": [1, 24, -3],
					"cubes": [
						{"origin": [1.5, 22, -5.5], "size": [2, 3, 3], "inflate": 0.1, "uv": [54, 0], "mirror": true}
					]
				},
				{
					"name": "arms",
					"parent": "torso2",
					"pivot": [-1, 20, -3]
				},
				{
					"name": "arm_right",
					"parent": "arms",
					"pivot": [-4, 19, -2],
					"cubes": [
						{"origin": [-8, 18, -3], "size": [4, 2, 2], "uv": [28, 22]}
					]
				},
				{
					"name": "arm_right2",
					"parent": "arm_right",
					"pivot": [-8, 19, -2],
					"cubes": [
						{"origin": [-13, 17.5, -3.5], "size": [5, 3, 3], "uv": [0, 39]},
						{"origin": [-13, 20.5, -2], "size": [5, 5, 0], "uv": [32, 7]}
					]
				},
				{
					"name": "claw_right",
					"parent": "arm_right2",
					"pivot": [-13, 19, -2],
					"cubes": [
						{"origin": [-16, 17.5, -2.5], "size": [3, 3, 0], "uv": [42, 7]}
					]
				},
				{
					"name": "claw_right2",
					"parent": "arm_right2",
					"pivot": [-13, 19, -1],
					"cubes": [
						{"origin": [-16, 17.5, -1.5], "size": [3, 3, 0], "uv": [42, 7]}
					]
				},
				{
					"name": "arm_left",
					"parent": "arms",
					"pivot": [5, 19, -2],
					"cubes": [
						{"origin": [5, 18, -3], "size": [4, 2, 2], "uv": [28, 22], "mirror": true}
					]
				},
				{
					"name": "arm_left2",
					"parent": "arm_left",
					"pivot": [9, 19, -2],
					"cubes": [
						{"origin": [9, 17.5, -3.5], "size": [5, 3, 3], "uv": [0, 39], "mirror": true},
						{"origin": [9, 20.5, -2], "size": [5, 5, 0], "uv": [32, 7], "mirror": true}
					]
				},
				{
					"name": "claw_left",
					"parent": "arm_left2",
					"pivot": [14, 19, -2],
					"cubes": [
						{"origin": [14, 17.5, -2.5], "size": [3, 3, 0], "uv": [42, 7], "mirror": true}
					]
				},
				{
					"name": "claw_left2",
					"parent": "arm_left2",
					"pivot": [14, 19, -1],
					"cubes": [
						{"origin": [14, 17.5, -1.5], "size": [3, 3, 0], "uv": [42, 7], "mirror": true}
					]
				},
				{
					"name": "tail",
					"parent": "torso",
					"pivot": [1, 14, -2],
					"cubes": [
						{"origin": [-3, 6.5, -5.5], "size": [7, 8, 7], "uv": [0, 12]}
					]
				},
				{
					"name": "tail2",
					"parent": "tail",
					"pivot": [1, 7, -2],
					"cubes": [
						{"origin": [-2, 4, -4.5], "size": [5, 5, 5], "uv": [28, 12]}
					]
				},
				{
					"name": "tail3",
					"parent": "tail2",
					"pivot": [1, 4, -2],
					"cubes": [
						{"origin": [-1, 1.5, -3.5], "size": [3, 5, 3], "uv": [0, 45]}
					]
				},
				{
					"name": "flap_right",
					"parent": "torso",
					"pivot": [-1, 12, 2],
					"cubes": [
						{"origin": [-3, 14, 2], "size": [3, 1, 1], "pivot": [-7, 15, 9], "rotation": [7.5, 10, 20], "uv": [40, 22]},
						{"origin": [-5, 12, 1], "size": [1, 8, 4], "uv": [38, 38]},
						{"origin": [-5, 20, 1], "size": [1, 7, 7], "uv": [48, 50]}
					]
				},
				{
					"name": "flap_right2",
					"parent": "flap_right",
					"pivot": [-5, 18, 7],
					"cubes": [
						{"origin": [-4.5, 12, 5], "size": [0, 8, 4], "uv": [16, 41]}
					]
				},
				{
					"name": "flap_left",
					"parent": "torso",
					"pivot": [2, 12, 2],
					"cubes": [
						{"origin": [1, 14, 2], "size": [3, 1, 1], "pivot": [8, 15, 9], "rotation": [7.5, -10, -20], "uv": [40, 22], "mirror": true},
						{"origin": [5, 12, 1], "size": [1, 8, 4], "uv": [38, 38], "mirror": true},
						{"origin": [5, 20, 1], "size": [1, 7, 7], "uv": [48, 50], "mirror": true}
					]
				},
				{
					"name": "flap_left2",
					"parent": "flap_left",
					"pivot": [6, 18, 7],
					"cubes": [
						{"origin": [5.5, 12, 5], "size": [0, 8, 4], "uv": [16, 41], "mirror": true}
					]
				},
				{
					"name": "legs",
					"parent": "body",
					"pivot": [-1, 0, 0]
				},
				{
					"name": "leg_right",
					"parent": "legs",
					"pivot": [-4, 12, -2],
					"cubes": [
						{"origin": [-4, 7.5, -2.5], "size": [1, 5, 2], "uv": [48, 32]}
					]
				},
				{
					"name": "leg_right2",
					"parent": "leg_right",
					"pivot": [-3, 7, -2],
					"cubes": [
						{"origin": [-4.5, 0.5, -2.5], "size": [2, 7, 2], "uv": [48, 7]},
						{"origin": [-3.5, 0.5, -0.5], "size": [0, 7, 3], "uv": [48, 16]},
						{"origin": [-4, 0.5, -3.5], "size": [1, 2, 1], "uv": [48, 45]}
					]
				},
				{
					"name": "leg_left",
					"parent": "legs",
					"pivot": [5, 12, -2],
					"cubes": [
						{"origin": [4, 7.5, -2.5], "size": [1, 5, 2], "uv": [48, 32], "mirror": true}
					]
				},
				{
					"name": "leg_left2",
					"parent": "leg_left",
					"pivot": [4, 7, -2],
					"cubes": [
						{"origin": [3.5, 0.5, -2.5], "size": [2, 7, 2], "uv": [48, 7], "mirror": true},
						{"origin": [4.5, 0.5, -0.5], "size": [0, 7, 3], "uv": [48, 16], "mirror": true},
						{"origin": [4, 0.5, -3.5], "size": [1, 2, 1], "uv": [48, 45], "mirror": true}
					]
				}
			]
		}
	]
}