{
	"format_version": "1.12.0",
	"minecraft:geometry": [
		{
			"description": {
				"identifier": "geometry.coalossal",
				"texture_width": 256,
				"texture_height": 256,
				"visible_bounds_width": 6,
				"visible_bounds_height": 6,
				"visible_bounds_offset": [0, 2, 0]
			},
			"bones": [
				{
					"name": "coalossal",
					"pivot": [0, 0, 0]
				},
				{
					"name": "locator_top",
					"parent": "coalossal",
					"pivot": [0, 55, 1],
					"locators": {
						"top": [0, 55, 1]
					}
				},
				{
					"name": "locator_root",
					"parent": "coalossal",
					"pivot": [0, 0, 0],
					"locators": {
						"root": [0, 0, 0]
					}
				},
				{
					"name": "allbody",
					"parent": "coalossal",
					"pivot": [0, 0, 0]
				},
				{
					"name": "locator_target",
					"parent": "allbody",
					"pivot": [-1, 39, -11],
					"locators": {
						"target": [-1, 39, -11]
					}
				},
				{
					"name": "legs",
					"parent": "allbody",
					"pivot": [0, 0, 0]
				},
				{
					"name": "leg1",
					"parent": "legs",
					"pivot": [-4, 2, 1],
					"cubes": [
						{"origin": [5.5, 6, -3.5], "size": [8, 12, 10], "uv": [69, 0]}
					]
				},
				{
					"name": "legpart1",
					"parent": "leg1",
					"pivot": [-4, 2, 1],
					"cubes": [
						{"origin": [7, 4, -1], "size": [5, 7, 5], "uv": [121, 75]}
					]
				},
				{
					"name": "legwalk1",
					"parent": "legpart1",
					"pivot": [-4, 2, 1],
					"cubes": [
						{"origin": [6, 0, -3], "size": [7, 4, 8], "uv": [68, 114]},
						{"origin": [6, 0, -5], "size": [2, 2, 5], "pivot": [6, 0, -2], "rotation": [0, 20, 0], "uv": [140, 22]},
						{"origin": [11, 0, -4], "size": [2, 2, 5], "pivot": [13, 0, -1], "rotation": [0, -20, 0], "uv": [139, 31]},
						{"origin": [8, 0, -7], "size": [3, 3, 5], "uv": [85, 139]}
					]
				},
				{
					"name": "leg2",
					"parent": "legs",
					"pivot": [4, 2, 1],
					"cubes": [
						{"origin": [-13.5, 6, -3.5], "size": [8, 12, 10], "uv": [69, 0], "mirror": true}
					]
				},
				{
					"name": "legpart2",
					"parent": "leg2",
					"pivot": [4, 2, 1],
					"cubes": [
						{"origin": [-12, 4, -1], "size": [5, 7, 5], "uv": [121, 75], "mirror": true}
					]
				},
				{
					"name": "legwalk2",
					"parent": "legpart2",
					"pivot": [4, 2, 1],
					"cubes": [
						{"origin": [-13, 0, -3], "size": [7, 4, 8], "uv": [68, 114], "mirror": true},
						{"origin": [-8, 0, -5], "size": [2, 2, 5], "pivot": [-6, 0, -2], "rotation": [0, -20, 0], "uv": [139, 22], "mirror": true},
						{"origin": [-13, 0, -5], "size": [2, 2, 5], "pivot": [-13, 0, -2], "rotation": [0, 20, 0], "uv": [140, 31], "mirror": true},
						{"origin": [-11, 0, -7], "size": [3, 3, 5], "uv": [85, 139], "mirror": true}
					]
				},
				{
					"name": "torso",
					"parent": "allbody",
					"pivot": [0, -1, 0],
					"cubes": [
						{"origin": [-7, 11, -8], "size": [14, 17, 18], "uv": [192, 20]},
						{"origin": [-6, 17, -9], "size": [6, 6, 1], "uv": [0, 44]},
						{"origin": [0, 10, -9], "size": [6, 6, 2], "uv": [158, 18]},
						{"origin": [-5, 10, -9], "size": [4, 6, 2], "uv": [96, 0]},
						{"origin": [1, 17, -9], "size": [5, 6, 2], "uv": [0, 35]},
						{"origin": [-6, 8, -7], "size": [12, 3, 16], "uv": [3, 35]},
						{"origin": [-4, 7, 8], "size": [8, 26, 4], "uv": [59, 79]},
						{"origin": [-7.8, 9, 7.2], "size": [4, 22, 4], "inflate": -0.01, "uv": [38, 85]},
						{"origin": [3.8, 9, 7.2], "size": [4, 22, 4], "inflate": -0.01, "uv": [37, 85], "mirror": true}
					]
				},
				{
					"name": "torso_mini",
					"parent": "torso",
					"pivot": [0, 33, 1],
					"cubes": [
						{"origin": [-6, 28, -5.5], "size": [12, 9, 13], "uv": [0, 158]}
					]
				},
				{
					"name": "bone3",
					"parent": "torso_mini",
					"pivot": [0, 40, 2],
					"cubes": [
						{"origin": [-4.5, 35, -4.5], "size": [9, 8, 11], "uv": [216, 56]}
					]
				},
				{
					"name": "bone4",
					"parent": "bone3",
					"pivot": [-1, -13, -2],
					"cubes": [
						{"origin": [-3, 42, -2.5], "size": [6, 6, 7], "uv": [86, 100]}
					]
				},
				{
					"name": "bone5",
					"parent": "bone4",
					"pivot": [-1, -13, -2],
					"cubes": [
						{"origin": [-7, 48, 8], "size": [3, 4, 3], "pivot": [-6, -9, 7], "rotation": [10, 25, 10], "uv": [125, 143]}
					]
				},
				{
					"name": "hands",
					"parent": "torso",
					"pivot": [0, -6, -3]
				},
				{
					"name": "hand1",
					"parent": "hands",
					"pivot": [8, 27, -3]
				},
				{
					"name": "hand_parte1",
					"parent": "hand1",
					"pivot": [-2, -6, -3],
					"cubes": [
						{"origin": [6, 21, -5], "size": [8, 8, 10], "uv": [84, 79]}
					]
				},
				{
					"name": "bone",
					"parent": "hand_parte1",
					"pivot": [6, 31, -2],
					"cubes": [
						{"origin": [7, 29, -3], "size": [5, 7, 6], "uv": [0, 118]},
						{"origin": [8, 33, -2], "size": [3, 10, 4], "uv": [69, 129]}
					]
				},
				{
					"name": "hand_mini1",
					"parent": "hand_parte1",
					"pivot": [7, 27, -3],
					"cubes": [
						{"origin": [14, 23, -1.5], "size": [9, 3, 3], "uv": [106, 128]}
					]
				},
				{
					"name": "fist1",
					"parent": "hand_mini1",
					"pivot": [3, 27, -3]
				},
				{
					"name": "fist",
					"parent": "fist1",
					"pivot": [3, 27, -3],
					"cubes": [
						{"origin": [20, 22.5, -4], "size": [9, 4, 8], "uv": [1, 104]}
					]
				},
				{
					"name": "nail_left",
					"parent": "fist",
					"pivot": [30, 28, 0],
					"cubes": [
						{"origin": [27, 23, 2.5], "size": [4, 3, 2], "pivot": [28, 23, 4], "rotation": [0, -10, 0], "uv": [139, 144]},
						{"origin": [27, 23, -4.5], "size": [4, 3, 2], "pivot": [28, 23, -3], "rotation": [0, 10, 0], "uv": [139, 144]},
						{"origin": [27, 23, -1.5], "size": [5, 3, 3], "uv": [142, 79]}
					]
				},
				{
					"name": "hand2",
					"parent": "hands",
					"pivot": [-8, 27, -3]
				},
				{
					"name": "hand_parte2",
					"parent": "hand2",
					"pivot": [2, -6, -3],
					"cubes": [
						{"origin": [-14, 21, -5], "size": [8, 8, 10], "uv": [84, 79], "mirror": true}
					]
				},
				{
					"name": "bone2",
					"parent": "hand_parte2",
					"pivot": [3, -6, -2],
					"cubes": [
						{"origin": [-12, 29, -3], "size": [5, 5, 6], "uv": [234, 0]},
						{"origin": [-11, 32, -2], "size": [3, 7, 4], "uv": [131, 112]}
					]
				},
				{
					"name": "hand_mini2",
					"parent": "hand_parte2",
					"pivot": [-7, 27, -3],
					"cubes": [
						{"origin": [-23, 23, -1.5], "size": [9, 3, 3], "uv": [106, 128], "mirror": true}
					]
				},
				{
					"name": "fist2",
					"parent": "hand_mini2",
					"pivot": [-5, 27, -3]
				},
				{
					"name": "fist3",
					"parent": "fist2",
					"pivot": [-5, 27, -3],
					"cubes": [
						{"origin": [-29, 22.5, -4], "size": [9, 4, 8], "uv": [1, 104], "mirror": true}
					]
				},
				{
					"name": "nail_right",
					"parent": "fist3",
					"pivot": [-32, 28, 0],
					"cubes": [
						{"origin": [-31, 23, 2.5], "size": [4, 3, 2], "pivot": [-28, 23, 4], "rotation": [0, 10, 0], "uv": [139, 144], "mirror": true},
						{"origin": [-31, 23, -4.5], "size": [4, 3, 2], "pivot": [-28, 23, -4], "rotation": [0, -10, 0], "uv": [139, 144], "mirror": true},
						{"origin": [-32, 23, -1.5], "size": [5, 3, 3], "uv": [143, 79], "mirror": true}
					]
				},
				{
					"name": "head",
					"parent": "torso",
					"pivot": [2, 23, -8],
					"cubes": [
						{"origin": [-10, 26.60896, -10], "size": [7, 2, 7], "inflate": -0.0001, "pivot": [-5, 0, 2], "rotation": [10, -45, -7.5], "uv": [65, 45]},
						{"origin": [-9.8, 24.60896, -9.86], "size": [7, 2, 0], "pivot": [-5, -2, 2], "rotation": [10, -45, -7.5], "uv": [0, 0]},
						{"origin": [1.8, 24.60896, -9.7], "size": [7, 2, 0], "pivot": [4, -2, 1], "rotation": [10, 45, 7.5], "uv": [0, 0], "mirror": true},
						{"origin": [-1, 25.49, -12.2], "size": [6, 7, 6], "pivot": [0, 25.60896, -11.06147], "rotation": [-17.78442, -45.6262, 13.87495], "uv": [0, 243]},
						{"origin": [-4.4, 27.5, -7.2], "size": [9, 4, 5], "uv": [0, 234]},
						{"origin": [-4.4, 25.5, -8.2], "size": [9, 2, 6], "uv": [118, 98]},
						{"origin": [-5.4, 25.5, -8.2], "size": [2, 3, 4], "uv": [51, 0]},
						{"origin": [3.4, 25.5, -8.2], "size": [2, 3, 4], "uv": [51, 0], "mirror": true}
					]
				},
				{
					"name": "eyes",
					"parent": "head",
					"pivot": [2, -15.39104, 1.93853]
				},
				{
					"name": "eye1",
					"parent": "eyes",
					"pivot": [7, -15.39104, 0.93853],
					"rotation": [0, 35, 0],
					"cubes": [
						{"origin": [9.2, 28.65, -11.5], "size": [0, 2, 2], "pivot": [10, 28.60896, -11.06147], "rotation": [1.6575, 12.39135, -4.82005], "uv": [96, 52]}
					]
				},
				{
					"name": "eye_pupiled1",
					"parent": "eye1",
					"pivot": [7, -15.39104, 0.93853],
					"cubes": [
						{"origin": [9.24, 28.9, -11.5], "size": [0, 1, 1], "pivot": [10, 28.60896, -11.06147], "rotation": [1.6575, 12.39135, -4.82005], "uv": [65, 35]}
					]
				},
				{
					"name": "ceja1",
					"parent": "eye1",
					"pivot": [7, -15.39104, 0.93853],
					"cubes": [
						{"origin": [9.25, 29.3, -11], "size": [0, 1, 3], "pivot": [9, 28.60896, -11.06147], "rotation": [26.6575, 12.39135, -4.82005], "uv": [107, 74]}
					]
				},
				{
					"name": "eye_hurt1",
					"parent": "eye1",
					"pivot": [6, -15.39104, 0.93853],
					"cubes": [
						{"origin": [8.2, 28.65, -11.5], "size": [0, 2, 2], "pivot": [9, 28.60896, -11.06147], "rotation": [1.6575, 12.39135, -4.82005], "uv": [252, 74]}
					]
				},
				{
					"name": "eye_happy1",
					"parent": "eye1",
					"pivot": [6, -15.39104, 0.93853],
					"cubes": [
						{"origin": [8.1, 28.65, -11.5], "size": [0, 1, 1], "pivot": [9, 28.60896, -11.06147], "rotation": [1.6575, 12.39135, -4.82005], "uv": [77, -1]},
						{"origin": [8.5, 28.65, -9.5], "size": [0, 1, 1], "pivot": [9, 28.60896, -9.06147], "rotation": [1.6575, 12.39135, -4.82005], "uv": [77, -1]},
						{"origin": [8.2, 29, -10.5], "size": [0, 1, 1], "pivot": [9, 29.60896, -10.06147], "rotation": [1.6575, 12.39135, -4.82005], "uv": [77, -1]}
					]
				},
				{
					"name": "eye2",
					"parent": "eyes",
					"pivot": [-7, -15.39104, 0.93853],
					"rotation": [0, -35, 0],
					"cubes": [
						{"origin": [-9.2, 28.65, -11.5], "size": [0, 2, 2], "pivot": [-10, 28.60896, -11.06147], "rotation": [1.6575, -12.39135, 4.82005], "uv": [96, 52], "mirror": true}
					]
				},
				{
					"name": "eye_pupiled2",
					"parent": "eye2",
					"pivot": [-7, -15.39104, 0.93853],
					"cubes": [
						{"origin": [-9.24, 28.8, -11.5], "size": [0, 1, 1], "pivot": [-10, 28.60896, -11.06147], "rotation": [1.6575, -12.39135, 4.82005], "uv": [65, 35], "mirror": true}
					]
				},
				{
					"name": "ceja2",
					"parent": "eye2",
					"pivot": [-7, -15.39104, 0.93853],
					"cubes": [
						{"origin": [-9.25, 29.3, -11], "size": [0, 1, 3], "pivot": [-9, 28.60896, -11.06147], "rotation": [26.6575, -12.39135, 4.82005], "uv": [107, 74], "mirror": true}
					]
				},
				{
					"name": "eye_hurt2",
					"parent": "eye2",
					"pivot": [-6, -15.39104, 0.93853],
					"cubes": [
						{"origin": [-8.2, 28.65, -11.5], "size": [0, 2, 2], "pivot": [-9, 28.60896, -11.06147], "rotation": [1.6575, -12.39135, 4.82005], "uv": [252, 74], "mirror": true}
					]
				},
				{
					"name": "eye_happy2",
					"parent": "eye2",
					"pivot": [-6, -15.39104, 0.93853],
					"cubes": [
						{"origin": [-8.1, 28.65, -11.5], "size": [0, 1, 1], "pivot": [-9, 28.60896, -11.06147], "rotation": [1.6575, -12.39135, 4.82005], "uv": [77, -1], "mirror": true},
						{"origin": [-8.5, 28.65, -9.5], "size": [0, 1, 1], "pivot": [-9, 28.60896, -9.06147], "rotation": [1.6575, -12.39135, 4.82005], "uv": [77, -1], "mirror": true},
						{"origin": [-8.2, 29, -10.5], "size": [0, 1, 1], "pivot": [-9, 29.60896, -10.06147], "rotation": [1.6575, -12.39135, 4.82005], "uv": [77, -1], "mirror": true}
					]
				},
				{
					"name": "mouchs",
					"parent": "head",
					"pivot": [1, -19.39104, 4.93853]
				},
				{
					"name": "mounch1",
					"parent": "mouchs",
					"pivot": [1, 27.60896, -3.06147],
					"cubes": [
						{"origin": [-3.5, 24.6, -9.4], "size": [7, 1, 4], "uv": [177, 7]},
						{"origin": [-3.5, 25.5, -9.2], "size": [0, 2, 4], "uv": [121, 100]},
						{"origin": [3.5, 25.5, -9.2], "size": [0, 2, 4], "uv": [121, 100], "mirror": true},
						{"origin": [-6.2, 24.5, -18.4], "size": [5, 1, 5], "inflate": -0.1, "pivot": [-10, -3, -8], "rotation": [0, -45, 0], "uv": [205, 12]}
					]
				}
			]
		}
	]
}