{
	"format_version": "1.12.0",
	"minecraft:geometry": [
		{
			"description": {
				"identifier": "geometry.mimejr_galarian",
				"texture_width": 64,
				"texture_height": 64,
				"visible_bounds_width": 3,
				"visible_bounds_height": 3.5,
				"visible_bounds_offset": [0, 1.25, 0]
			},
			"bones": [
				{
					"name": "mime_jr",
					"pivot": [0, 0, 0]
				},
				{
					"name": "body",
					"parent": "mime_jr",
					"pivot": [0, 0, 0]
				},
				{
					"name": "legs",
					"parent": "body",
					"pivot": [0, 0, 0]
				},
				{
					"name": "leg1",
					"parent": "legs",
					"pivot": [1, 0, 0],
					"cubes": [
						{"origin": [-2, 0, -1.5], "size": [2, 3, 2], "uv": [12, 39]}
					]
				},
				{
					"name": "leg2",
					"parent": "legs",
					"pivot": [-1, 0, 0],
					"cubes": [
						{"origin": [0, 0, -1.5], "size": [2, 3, 2], "uv": [12, 39], "mirror": true}
					]
				},
				{
					"name": "torso",
					"parent": "body",
					"pivot": [0, 0, 0],
					"cubes": [
						{"origin": [-3, 2, -3], "size": [6, 2, 5], "uv": [0, 32]}
					]
				},
				{
					"name": "torso2",
					"parent": "torso",
					"pivot": [0, 4, 0],
					"cubes": [
						{"origin": [-4, 4, -4], "size": [8, 1, 7], "uv": [0, 24]}
					]
				},
				{
					"name": "torso3",
					"parent": "torso2",
					"pivot": [0, 5, 0],
					"cubes": [
						{"origin": [-3, 4.6, -3], "size": [6, 2, 5], "uv": [32, 14]},
						{"origin": [0, 3, -3.5], "size": [2, 2, 1], "pivot": [-2, 4, -1], "rotation": [0, 0, -45], "uv": [34, 44]}
					]
				},
				{
					"name": "torso4",
					"parent": "torso3",
					"pivot": [0, 7, 0],
					"cubes": [
						{"origin": [-2.5, 6.4, -2.5], "size": [5, 2, 4], "uv": [34, 0]}
					]
				},
				{
					"name": "hands",
					"parent": "torso4",
					"pivot": [0, 7, 0]
				},
				{
					"name": "hand1",
					"parent": "hands",
					"pivot": [-2, 7, -1],
					"cubes": [
						{"origin": [-5.5, 7, -1], "size": [3, 1, 1], "uv": [40, 21]}
					]
				},
				{
					"name": "hand_part1",
					"parent": "hand1",
					"pivot": [-5, 7, -1],
					"cubes": [
						{"origin": [-8.5, 7, -1], "size": [3, 1, 1], "uv": [18, 44]}
					]
				},
				{
					"name": "hand_mini",
					"parent": "hand_part1",
					"pivot": [-8, 7, -1],
					"cubes": [
						{"origin": [-10.5, 7, -1.5], "size": [2, 1, 2], "uv": [32, 21]}
					]
				},
				{
					"name": "nails",
					"parent": "hand_mini",
					"pivot": [-8, 7, -1]
				},
				{
					"name": "nail1",
					"parent": "nails",
					"pivot": [-11, 7, -1],
					"cubes": [
						{"origin": [-13.3, 7, -2], "size": [3, 2, 3], "inflate": -0.01, "uv": [52, 59]}
					]
				},
				{
					"name": "nail2",
					"parent": "nails",
					"pivot": [-12, 7, -2],
					"rotation": [0, 37.5, 0],
					"cubes": [
						{"origin": [-12, 7, -3], "size": [1, 2, 2], "uv": [0, 0]}
					]
				},
				{
					"name": "hand2",
					"parent": "hands",
					"pivot": [2, 7, -1],
					"cubes": [
						{"origin": [2.5, 7, -1], "size": [3, 1, 1], "uv": [40, 21], "mirror": true}
					]
				},
				{
					"name": "hand_part2",
					"parent": "hand2",
					"pivot": [5, 7, -1],
					"cubes": [
						{"origin": [5.5, 7, -1], "size": [3, 1, 1], "uv": [18, 44], "mirror": true}
					]
				},
				{
					"name": "hand_mini2",
					"parent": "hand_part2",
					"pivot": [8, 7, -1],
					"cubes": [
						{"origin": [8.5, 7, -1.5], "size": [2, 1, 2], "uv": [32, 21], "mirror": true}
					]
				},
				{
					"name": "nails2",
					"parent": "hand_mini2",
					"pivot": [8, 7, -1]
				},
				{
					"name": "nail3",
					"parent": "nails2",
					"pivot": [11, 7, -1],
					"cubes": [
						{"origin": [10.3, 7, -2], "size": [3, 2, 3], "inflate": -0.01, "uv": [52, 59], "mirror": true}
					]
				},
				{
					"name": "nail4",
					"parent": "nails2",
					"pivot": [12, 7, -2],
					"rotation": [0, -37.5, 0],
					"cubes": [
						{"origin": [11, 7, -3], "size": [1, 2, 2], "uv": [0, 0], "mirror": true}
					]
				},
				{
					"name": "head",
					"parent": "torso4",
					"pivot": [0, 8, 0],
					"cubes": [
						{"origin": [-4.5, 8, -4.5], "size": [9, 6, 8], "uv": [0, 0]},
						{"origin": [-4.5, 14, -4.3], "size": [9, 3, 7], "uv": [0, 14]},
						{"origin": [-5, 9, 2], "size": [10, 6, 3], "uv": [30, 24]},
						{"origin": [-5, 9.3, -4], "size": [2, 5, 6], "pivot": [-2, 21, -5], "rotation": [0, 0, 7.5], "uv": [22, 33]},
						{"origin": [3, 9.3, -4], "size": [2, 5, 6], "pivot": [2, 21, -2], "rotation": [0, 0, -7.5], "uv": [22, 33], "mirror": true}
					]
				},
				{
					"name": "hat_top",
					"parent": "head",
					"pivot": [0, 16.75, -0.75],
					"rotation": [-12.5, 0, 0],
					"cubes": [
						{"origin": [-1.5, 15.75, -2.25], "size": [3, 4, 3], "uv": [34, 6]},
						{"origin": [8.8, 10.8, -6], "size": [2, 2, 1], "pivot": [-1, 4, -5], "rotation": [0, -17.5, -45], "uv": [34, 44]}
					]
				},
				{
					"name": "hat_top2",
					"parent": "hat_top",
					"pivot": [0, 19.75, -2],
					"rotation": [-15, 0, 0],
					"cubes": [
						{"origin": [-1, 19.75, -2], "size": [2, 2, 4], "uv": [38, 33]}
					]
				},
				{
					"name": "hat_top3",
					"parent": "hat_top2",
					"pivot": [0, 21.75, 2],
					"rotation": [10, 0, 0],
					"cubes": [
						{"origin": [-0.5, 21.75, 0], "size": [1, 3, 2], "uv": [12, 44]}
					]
				},
				{
					"name": "hat_top4",
					"parent": "hat_top3",
					"pivot": [0, 23.75, 1],
					"cubes": [
						{"origin": [-1.5, 23.75, -0.5], "size": [3, 3, 3], "uv": [0, 39]}
					]
				},
				{
					"name": "eyes",
					"parent": "head",
					"pivot": [0, 8, 0]
				},
				{
					"name": "eye1",
					"parent": "eyes",
					"pivot": [-8, 11, -3],
					"rotation": [0, 0, 5],
					"cubes": [
						{"origin": [-3.2, 11, -4.51], "size": [1, 2, 0], "uv": [20, 39]},
						{"origin": [-3.75, 11, -4.52], "size": [1, 2, 0], "uv": [20, 41]},
						{"origin": [-3.4, 11.8, -4.53], "size": [1, 1, 0], "uv": [22, 32]}
					]
				},
				{
					"name": "eye2",
					"parent": "eyes",
					"pivot": [8, 11, -3],
					"rotation": [0, 0, -5],
					"cubes": [
						{"origin": [2.2, 11, -4.51], "size": [1, 2, 0], "uv": [20, 39], "mirror": true},
						{"origin": [2.75, 11, -4.52], "size": [1, 2, 0], "uv": [20, 41], "mirror": true},
						{"origin": [2.4, 11.8, -4.53], "size": [1, 1, 0], "uv": [22, 32], "mirror": true}
					]
				},
				{
					"name": "mouth",
					"parent": "head",
					"pivot": [0, 8, 0],
					"cubes": [
						{"origin": [-0.5, 8.5, -4.51], "size": [1, 1, 0], "uv": [24, 32]},
						{"origin": [-1.3, 9, -4.51], "size": [1, 1, 0], "uv": [26, 32]},
						{"origin": [0.3, 9, -4.51], "size": [1, 1, 0], "uv": [28, 32]}
					]
				},
				{
					"name": "smile",
					"parent": "mouth",
					"pivot": [0, 15, 1],
					"cubes": [
						{"origin": [-1, 8, -3.53], "size": [2, 1, 0], "uv": [40, 45]},
						{"origin": [-2, 8, -3.52], "size": [4, 2, 0], "uv": [26, 44]}
					]
				},
				{
					"name": "nose",
					"parent": "head",
					"pivot": [0, 8, 0],
					"cubes": [
						{"origin": [-1.5, 9.85, -5.2], "size": [3, 2, 3], "uv": [38, 39]}
					]
				}
			]
		}
	]
}