{
	"format_version": "1.8.0",
	"animations": {
		"animation.spritzee.ground_idle": {
			"loop": true,
			"bones": {
				"legs": {
					"position": ["0+math.cos(q.anim_time*90*2-30)*0.5", "2-math.sin(q.anim_time*90*4-30)*0.5", 0]
				},
				"torso": {
					"rotation": ["-Math.sin(q.anim_time*90*2.5-180)*4", 0, "math.sin(q.anim_time*90*2-60)*4"],
					"position": ["0+math.cos(q.anim_time*90*2-30)*0.5", "2-math.sin(q.anim_time*90*4-30)*0.5", 0]
				},
				"hand1": {
					"rotation": ["0+math.sin(q.anim_time*90*1.75-60)*1", "0-Math.sin(query.anim_time*90*2-60)*4", "0+math.sin(query.anim_time*90*4+90)*1"]
				},
				"hand2": {
					"rotation": ["0-math.sin(q.anim_time*90*1.75-60)*1", "0+Math.sin(query.anim_time*90*2-60)*4", "0-math.sin(query.anim_time*90*4+90)*1"]
				},
				"leg2": {
					"rotation": [10, 0, 0]
				}
			}
		},
		"animation.spritzee.battle_idle": {
			"loop": true,
			"bones": {
				"legs": {
					"position": ["-0.2+math.cos(q.anim_time*90*2-30)*0.5", "2-math.sin(q.anim_time*90*4-30)*0.5", 0]
				},
				"leg1": {
					"rotation": [0, 0, -2.5],
					"position": [0.2, 0, 0]
				},
				"leg2": {
					"rotation": [9.99067, 0.43399, -2.46207],
					"position": [0.25, 0, 0]
				},
				"torso": {
					"rotation": ["-5+math.sin(q.anim_time*90*4+90)*1.25", "12.5-math.sin(query.anim_time*90*12/6+90)*2", "0+Math.sin(q.anim_time*90*2-90)*3"],
					"position": ["math.cos(q.anim_time*90*2-30)*0.5", "2-math.sin(q.anim_time*90*4-30)*0.5", 0]
				},
				"head": {
					"rotation": [2.5, 0, 0]
				},
				"hand1": {
					"rotation": [0, "10+math.sin(q.anim_time*90*3)*2", 0]
				},
				"hand2": {
					"rotation": [0, "5-math.sin(q.anim_time*90*4)*3", 0]
				},
				"bone1": {
					"rotation": [0, 0, -17.5],
					"position": [0.2, -0.8, -1]
				},
				"ceja1": {
					"rotation": [0, 0, -10],
					"position": [0.9, -0.3, 0]
				},
				"ceja2": {
					"rotation": [0, 0, 10],
					"position": [-0.9, -0.3, 0]
				}
			}
		},
		"animation.spritzee.pose": {
			"loop": true,
			"bones": {
				"legs": {
					"position": [-0.2, 2, 0]
				},
				"leg1": {
					"rotation": [0, 0, -2.5],
					"position": [0.2, 0, 0]
				},
				"leg2": {
					"rotation": [9.99067, 0.43399, -2.46207],
					"position": [0.25, 0, 0]
				},
				"torso": {
					"rotation": [-5, 12.5, 0],
					"position": [0, 2, 0]
				},
				"head": {
					"rotation": [2.5, 0, 0]
				},
				"hand1": {
					"rotation": [0, 10, 0]
				},
				"hand2": {
					"rotation": [0, 5, 0]
				},
				"bone1": {
					"rotation": [0, 0, -17.5],
					"position": [0.2, -0.8, -1]
				},
				"ceja1": {
					"rotation": [0, 0, -10],
					"position": [0.9, -0.3, 0]
				},
				"ceja2": {
					"rotation": [0, 0, 10],
					"position": [-0.9, -0.3, 0]
				}
			}
		},
		"animation.spritzee.faint": {
			"animation_length": 6,
			"bones": {
				"legs": {
					"rotation": {
						"0.0": [0, 0, 0],
						"0.2917": [0, 20, 0],
						"0.5833": [9.04107, 41.70738, 13.4502],
						"0.9167": [151.15659, 69.92229, 149.61362],
						"1.0": [167.21852, 41.53231, 168.41091],
						"1.0417": [-3.56143, -37.19388, -15.31667],
						"1.0833": [-173.82484, 23.89, -206.84993],
						"1.25": [-173.72568, -25.85097, -212.10357],
						"1.2917": [-156.42743, -78.5929, -228.30302],
						"1.5": [-183.18529, 39.96792, -181.50591],
						"1.8333": [-182.5, 12.5, -180],
						"2.0": [-112.5, 12.5, -180],
						"2.125": [-80, 12.5, -180],
						"2.2083": [-102.5, 12.5, -180],
						"2.3333": [-137.5, 12.5, -180]
					},
					"position": {
						"0.0": {
							"post": [-0.2, 2, 0],
							"lerp_mode": "catmullrom"
						},
						"0.1667": {
							"post": [-0.2, 1, 1],
							"lerp_mode": "catmullrom"
						},
						"0.4167": {
							"post": [-0.2, 1.57, 1.08],
							"lerp_mode": "catmullrom"
						},
						"0.5833": {
							"post": [-0.2, 0.56, 1.05],
							"lerp_mode": "catmullrom"
						},
						"0.875": {
							"post": [-0.2, 1, 2],
							"lerp_mode": "catmullrom"
						},
						"1.0": {
							"post": [-0.2, 1, 2],
							"lerp_mode": "catmullrom"
						},
						"1.0417": {
							"post": [-1.3, 1.06, 3.14],
							"lerp_mode": "catmullrom"
						},
						"1.0833": {
							"post": [1.6, 1.11, 0.28],
							"lerp_mode": "catmullrom"
						},
						"1.25": {
							"post": [1.6, 1.11, 0.28],
							"lerp_mode": "catmullrom"
						},
						"1.2917": {
							"post": [1.51, 0.26, 1.92],
							"lerp_mode": "catmullrom"
						},
						"1.4583": {
							"post": [1, 2, 0],
							"lerp_mode": "catmullrom"
						},
						"1.8333": {
							"post": [1.11, 1.27, -1.27],
							"lerp_mode": "catmullrom"
						},
						"2.0": {
							"post": [1, 1, 1],
							"lerp_mode": "catmullrom"
						},
						"2.125": {
							"post": [0, 1, 6],
							"lerp_mode": "catmullrom"
						},
						"2.2083": {
							"post": [0, -1, 6],
							"lerp_mode": "catmullrom"
						}
					}
				},
				"leg1": {
					"rotation": {
						"0.0": {
							"post": [0, 0, -2.5],
							"lerp_mode": "catmullrom"
						},
						"0.0417": {
							"post": [7.5, 0, -2.5],
							"lerp_mode": "catmullrom"
						},
						"0.1667": {
							"post": [20, 0, -2.5],
							"lerp_mode": "catmullrom"
						},
						"0.2917": {
							"post": [-2.51753, 0.85481, -4.84941],
							"lerp_mode": "catmullrom"
						},
						"0.5833": {
							"post": [-1.90797, -2.32387, -22.23699],
							"lerp_mode": "catmullrom"
						}
					},
					"position": {
						"0.0": {
							"post": [0.2, 0, 0],
							"lerp_mode": "catmullrom"
						},
						"0.5833": {
							"post": [1.2, 0, 0],
							"lerp_mode": "catmullrom"
						}
					}
				},
				"leg2": {
					"rotation": {
						"0.0": {
							"post": [9.99067, 0.43399, -2.46207],
							"lerp_mode": "catmullrom"
						},
						"0.0417": {
							"post": [-7.84732, -5.68188, 5.52237],
							"lerp_mode": "catmullrom"
						},
						"0.1667": {
							"post": [-2.50933, 0.43399, -2.46207],
							"lerp_mode": "catmullrom"
						},
						"0.2917": {
							"post": [20.23709, 1.16829, 15.02436],
							"lerp_mode": "catmullrom"
						},
						"0.5833": {
							"post": [-2.462, 0.65097, 2.53345],
							"lerp_mode": "catmullrom"
						}
					},
					"position": {
						"0.0": {
							"post": [0.25, 0, 0],
							"lerp_mode": "catmullrom"
						}
					}
				},
				"torso": {
					"rotation": {
						"0.0": {
							"post": [-5, 12.5, 0],
							"lerp_mode": "catmullrom"
						},
						"0.1667": {
							"post": [0.11401, 2.537, 0.86802],
							"lerp_mode": "catmullrom"
						},
						"0.375": {
							"post": [-12.37429, 25.03695, 0.91618],
							"lerp_mode": "catmullrom"
						}
					},
					"position": {
						"0.0": {
							"post": [0, 2, 0],
							"lerp_mode": "catmullrom"
						}
					}
				},
				"head": {
					"rotation": {
						"0.0": {
							"post": [2.5, 0, 0],
							"lerp_mode": "catmullrom"
						},
						"0.0417": {
							"post": [-3.10298, -3.74635, -0.16741],
							"lerp_mode": "catmullrom"
						},
						"0.1667": {
							"post": [20.08807, -14.98539, -0.66963],
							"lerp_mode": "catmullrom"
						},
						"0.2917": {
							"post": [19.49632, 6.21678, 6.92801],
							"lerp_mode": "catmullrom"
						},
						"0.5833": {
							"post": [16.89763, 23.54597, 2.008],
							"lerp_mode": "catmullrom"
						},
						"0.9167": {
							"post": [128.15163, 67.02758, 124.90342],
							"lerp_mode": "catmullrom"
						},
						"1.25": {
							"post": [177.62181, -11.7081, 173.77654],
							"lerp_mode": "catmullrom"
						},
						"1.4583": {
							"post": [96.05753, -82.87022, 262.84034],
							"lerp_mode": "catmullrom"
						},
						"1.625": {
							"post": [3.79381, -28.47178, 356.38689],
							"lerp_mode": "catmullrom"
						},
						"1.8333": {
							"post": [-18.70619, -28.47178, 356.38689],
							"lerp_mode": "catmullrom"
						},
						"2.0": {
							"post": [-16.74803, -28.47178, 356.38689],
							"lerp_mode": "catmullrom"
						},
						"2.125": {
							"post": [-67.07593, -28.47178, 356.38689],
							"lerp_mode": "catmullrom"
						},
						"2.2083": {
							"post": [-51.20619, -28.47178, 356.38689],
							"lerp_mode": "catmullrom"
						},
						"2.3333": {
							"post": [-63.85346, -26.3595, 351.28071],
							"lerp_mode": "catmullrom"
						}
					},
					"position": {
						"0.0": [0, 0, 0],
						"1.7917": [0, 0, 2],
						"2.2083": [-4, -4, 9]
					}
				},
				"hand1": {
					"rotation": {
						"0.0": {
							"post": [0, 10, 0],
							"lerp_mode": "catmullrom"
						},
						"0.0417": {
							"post": [0, -6.87, 0],
							"lerp_mode": "catmullrom"
						},
						"0.1667": {
							"post": [0, -17.5, 0],
							"lerp_mode": "catmullrom"
						},
						"0.5833": {
							"post": [0, 17.5, 0],
							"lerp_mode": "catmullrom"
						},
						"0.9167": {
							"post": [0, 0, 0],
							"lerp_mode": "catmullrom"
						},
						"1.25": {
							"post": [0, 12.5, 0],
							"lerp_mode": "catmullrom"
						},
						"1.8333": {
							"post": [0, 20.58, 0],
							"lerp_mode": "catmullrom"
						},
						"2.0": {
							"post": [0, 40.78, 0],
							"lerp_mode": "catmullrom"
						},
						"2.2083": {
							"post": [0, 25, 0],
							"lerp_mode": "catmullrom"
						},
						"2.3333": {
							"post": [0, -25, 0],
							"lerp_mode": "catmullrom"
						}
					}
				},
				"hand2": {
					"rotation": {
						"0.0": {
							"post": [0, 5, 0],
							"lerp_mode": "catmullrom"
						},
						"0.0417": {
							"post": [0, 13.75, 0],
							"lerp_mode": "catmullrom"
						},
						"0.1667": {
							"post": [0, -10, 0],
							"lerp_mode": "catmullrom"
						},
						"0.5833": {
							"post": [0, 10, 0],
							"lerp_mode": "catmullrom"
						},
						"0.9167": {
							"post": [0, -5, 0],
							"lerp_mode": "catmullrom"
						},
						"1.25": {
							"post": [0, 25, 0],
							"lerp_mode": "catmullrom"
						},
						"1.8333": {
							"post": [0, -30.03, 0],
							"lerp_mode": "catmullrom"
						},
						"2.0": {
							"post": [0, -11.88, 0],
							"lerp_mode": "catmullrom"
						},
						"2.2083": {
							"post": [0, -25, 0],
							"lerp_mode": "catmullrom"
						},
						"2.3333": {
							"post": [0, 25, 0],
							"lerp_mode": "catmullrom"
						}
					}
				},
				"bone1": {
					"rotation": [0, 0, -17.5],
					"position": [0.2, -0.8, -1]
				},
				"ceja1": {
					"rotation": [0, 0, -10],
					"position": [0.9, -0.3, 0]
				},
				"ceja2": {
					"rotation": [0, 0, 10],
					"position": [-0.9, -0.3, 0]
				},
				"body": {
					"rotation": {
						"0.0": {
							"post": [0, 0, 0],
							"lerp_mode": "catmullrom"
						},
						"0.0417": {
							"post": [0, -12.5, 0],
							"lerp_mode": "catmullrom"
						},
						"0.2083": {
							"post": [0, 0, 0],
							"lerp_mode": "catmullrom"
						},
						"0.5833": {
							"post": [0, 0, 7.5],
							"lerp_mode": "catmullrom"
						},
						"1.0833": {
							"post": [-10, 0, 7.5],
							"lerp_mode": "catmullrom"
						},
						"1.25": {
							"post": [7.43656, 0.9762, 0.06344],
							"lerp_mode": "catmullrom"
						},
						"1.625": {
							"post": [-23.67255, 1.01622, -0.24145],
							"lerp_mode": "catmullrom"
						},
						"1.8333": {
							"post": [-10.06344, 0.9762, 0.06344],
							"lerp_mode": "catmullrom"
						}
					},
					"position": {
						"0.0": [0, 0, 0],
						"0.5833": [0, 3, 0],
						"0.7917": [0, 0.13, 0],
						"0.9167": [0, 0, 0],
						"1.0833": [1, 3.5, 0],
						"1.25": [2, 3, 0],
						"1.5": [2, -2, 0],
						"1.5833": [2, 0, 0.75],
						"1.8333": [2, -2, 3],
						"2.3333": [2, 4, 3]
					}
				},
				"bone": {
					"position": {
						"0.0": [0, 0, 0],
						"0.1667": {
							"pre": [0, 0, 0],
							"post": [-1, 0, 1]
						},
						"1.0": {
							"pre": [-1, 0, 1],
							"post": [0, 0, 0]
						},
						"1.3333": {
							"pre": [0, 0, 0],
							"post": [-1, 0, 1]
						},
						"1.5": {
							"pre": [-1, 0, 1],
							"post": [0, 0, 0]
						},
						"2.125": {
							"pre": [0, 0, 0],
							"post": [0, -0.3, 0]
						},
						"2.3333": {
							"pre": [0, -0.3, 0],
							"post": [-1, 0, 1]
						}
					},
					"scale": {
						"0.0": [1, 1, 1],
						"0.1667": {
							"pre": [1, 1, 1],
							"post": [1, 0.7, 1]
						},
						"1.0": {
							"pre": [1, 0.7, 1],
							"post": [1, 1, 1]
						},
						"1.3333": {
							"pre": [1, 1, 1],
							"post": [1, 0.7, 1]
						},
						"1.5": {
							"pre": [1, 0.7, 1],
							"post": [1, 1, 1]
						},
						"2.0": {
							"pre": [1, 1, 1],
							"post": [1, 0.96, 1]
						},
						"2.0833": {
							"pre": [1, 0.96, 1],
							"post": [1, 0.86, 1]
						},
						"2.125": {
							"pre": [1, 0.86, 1],
							"post": [1, 0.7, 1]
						},
						"2.2083": {
							"pre": [1, 0.7, 1],
							"post": [1, 0.9, 1]
						},
						"2.2917": {
							"pre": [1, 0.9, 1],
							"post": [1, 0.5, 1]
						}
					}
				},
				"bone2": {
					"position": {
						"0.0": [0, 0, 0],
						"0.1667": {
							"pre": [0, 0, 0],
							"post": [1, 0, 1]
						},
						"1.0": {
							"pre": [1, 0, 1],
							"post": [0, 0, 0]
						},
						"1.3333": {
							"pre": [0, 0, 0],
							"post": [1, 0, 1]
						},
						"1.5": {
							"pre": [1, 0, 1],
							"post": [0, 0, 0]
						},
						"2.125": {
							"pre": [0, 0, 0],
							"post": [0, -0.3, 0]
						},
						"2.3333": {
							"pre": [0, -0.3, 0],
							"post": [1, 0, 1]
						}
					},
					"scale": {
						"0.0": [1, 1, 1],
						"0.1667": [1, 1, 1],
						"1.0": [1, 1, 1],
						"1.3333": [1, 1, 1],
						"1.5": {
							"pre": [1, 1, 1],
							"post": [1, 1.0882, 1]
						},
						"2.0": {
							"pre": [1, 1.0882, 1],
							"post": [1, 0.9776, 1]
						},
						"2.0833": {
							"pre": [1, 0.9776, 1],
							"post": [1, 0.8776, 1]
						},
						"2.125": {
							"pre": [1, 0.8776, 1],
							"post": [1, 0.7, 1]
						},
						"2.2083": {
							"pre": [1, 0.7, 1],
							"post": [1, 0.9, 1]
						},
						"2.2917": {
							"pre": [1, 0.9, 1],
							"post": [1, 0.5, 1]
						}
					}
				},
				"fur": {
					"rotation": {
						"0.0": {
							"post": [0, 0, 0],
							"lerp_mode": "catmullrom"
						},
						"0.4167": {
							"post": [0, 24.79, 0],
							"lerp_mode": "catmullrom"
						},
						"0.625": {
							"post": [0, -10.31, 0],
							"lerp_mode": "catmullrom"
						},
						"0.8333": {
							"post": [0, 34.58, 0],
							"lerp_mode": "catmullrom"
						},
						"1.0": {
							"post": [0, -2.5, 0],
							"lerp_mode": "catmullrom"
						},
						"1.2917": {
							"post": [0, -0.32, 0],
							"lerp_mode": "catmullrom"
						},
						"1.5": {
							"post": [0, -32.5, 0],
							"lerp_mode": "catmullrom"
						},
						"2.0": {
							"post": [0, 7.5, 0],
							"lerp_mode": "catmullrom"
						},
						"2.3333": {
							"post": [0, 0, 0],
							"lerp_mode": "catmullrom"
						}
					}
				}
			}
		},
		"animation.spritzee.physical": {
			"animation_length": 1.25,
			"bones": {
				"legs": {
					"rotation": {
						"0.0": {
							"post": [0, 0, 0],
							"lerp_mode": "catmullrom"
						},
						"0.2917": {
							"post": [17.5, 0, 0],
							"lerp_mode": "catmullrom"
						},
						"0.5417": {
							"post": [30.3, 0, 0],
							"lerp_mode": "catmullrom"
						},
						"0.75": {
							"post": [2.5, 0, 0],
							"lerp_mode": "catmullrom"
						},
						"1.25": {
							"post": [0, 0, 0],
							"lerp_mode": "catmullrom"
						}
					},
					"position": {
						"0.0": {
							"post": [-0.2, 2, 0],
							"lerp_mode": "catmullrom"
						},
						"0.5": {
							"post": [-0.2, 2.16, 0],
							"lerp_mode": "catmullrom"
						},
						"0.7083": {
							"post": [-0.2, 1, 0],
							"lerp_mode": "catmullrom"
						},
						"1.25": {
							"post": [-0.2, 2, 0],
							"lerp_mode": "catmullrom"
						}
					}
				},
				"leg1": {
					"rotation": {
						"0.0": {
							"post": [0, 0, -2.5],
							"lerp_mode": "catmullrom"
						},
						"1.25": {
							"post": [0, 0, -2.5],
							"lerp_mode": "catmullrom"
						}
					},
					"position": {
						"0.0": {
							"post": [0.2, 0, 0],
							"lerp_mode": "catmullrom"
						},
						"1.25": {
							"post": [0.2, 0, 0],
							"lerp_mode": "catmullrom"
						}
					}
				},
				"leg2": {
					"rotation": [9.99067, 0.43399, -2.46207],
					"position": [0.25, 0, 0]
				},
				"torso": {
					"rotation": {
						"0.0": {
							"post": [-5, 12.5, 0],
							"lerp_mode": "catmullrom"
						},
						"0.3333": {
							"post": [-5, 12.5, 0],
							"lerp_mode": "catmullrom"
						},
						"0.6667": {
							"post": [-15, 12.5, 0],
							"lerp_mode": "catmullrom"
						},
						"0.7917": {
							"post": [-7.85714, 12.5, 0],
							"lerp_mode": "catmullrom"
						},
						"1.0": {
							"post": [-11.55844, 12.5, 0],
							"lerp_mode": "catmullrom"
						},
						"1.25": {
							"post": [-5, 12.5, 0],
							"lerp_mode": "catmullrom"
						}
					},
					"position": {
						"0.0": {
							"post": [0, 2, 0],
							"lerp_mode": "catmullrom"
						},
						"0.3333": {
							"post": [0, 2, 0],
							"lerp_mode": "catmullrom"
						},
						"1.25": {
							"post": [0, 2, 0],
							"lerp_mode": "catmullrom"
						}
					}
				},
				"head": {
					"rotation": {
						"0.0": {
							"post": [2.5, 0, 0],
							"lerp_mode": "catmullrom"
						},
						"0.2917": {
							"post": [22.53852, -9.99038, -0.44067],
							"lerp_mode": "catmullrom"
						},
						"0.5417": {
							"post": [10.9661, -14.35414, -4.31983],
							"lerp_mode": "catmullrom"
						},
						"0.625": {
							"post": [14.32669, -14.81609, -1.78105],
							"lerp_mode": "catmullrom"
						},
						"0.6667": {
							"post": [15.62918, -13.5479, -6.76578],
							"lerp_mode": "catmullrom"
						},
						"0.75": {
							"post": [17.82669, -14.81609, -1.78105],
							"lerp_mode": "catmullrom"
						},
						"0.7917": [51.66504, -14.05299, -1.68932],
						"1.0": [24.65946, -7.77204, -0.93428],
						"1.25": {
							"pre": [2.5, 0, 0],
							"post": [2.5, 0, 0],
							"lerp_mode": "catmullrom"
						}
					}
				},
				"hand1": {
					"rotation": {
						"0.0": {
							"post": [0, 10, 0],
							"lerp_mode": "catmullrom"
						},
						"0.2917": {
							"post": [0, 27.5, 0],
							"lerp_mode": "catmullrom"
						},
						"0.5417": {
							"post": [0, -22.5, 0],
							"lerp_mode": "catmullrom"
						},
						"0.6667": {
							"post": [0, -38.75, 0],
							"lerp_mode": "catmullrom"
						},
						"0.75": {
							"post": [0, -22.5, 0],
							"lerp_mode": "catmullrom"
						},
						"0.7917": [0, 31, 0],
						"1.25": {
							"pre": [0, 10, 0],
							"post": [0, 10, 0],
							"lerp_mode": "catmullrom"
						}
					}
				},
				"hand2": {
					"rotation": {
						"0.0": {
							"post": [0, 5, 0],
							"lerp_mode": "catmullrom"
						},
						"0.2917": {
							"post": [0, -27.5, 0],
							"lerp_mode": "catmullrom"
						},
						"0.5417": {
							"post": [0, 22.5, 0],
							"lerp_mode": "catmullrom"
						},
						"0.6667": {
							"post": [0, 38.75, 0],
							"lerp_mode": "catmullrom"
						},
						"0.75": {
							"post": [0, 22.5, 0],
							"lerp_mode": "catmullrom"
						},
						"0.7917": [0, -31, 0],
						"1.25": {
							"pre": [0, 5, 0],
							"post": [0, 5, 0],
							"lerp_mode": "catmullrom"
						}
					}
				},
				"bone1": {
					"rotation": [0, 0, -17.5],
					"position": [0.2, -0.8, -1]
				},
				"ceja1": {
					"rotation": [0, 0, -10],
					"position": [0.9, -0.3, 0]
				},
				"ceja2": {
					"rotation": [0, 0, 10],
					"position": [-0.9, -0.3, 0]
				},
				"body": {
					"rotation": {
						"0.0": {
							"post": [0, 0, 0],
							"lerp_mode": "catmullrom"
						},
						"0.2917": {
							"post": [0.75, 0, 0],
							"lerp_mode": "catmullrom"
						},
						"0.4167": {
							"post": [-27.5, 0, 0],
							"lerp_mode": "catmullrom"
						},
						"0.625": {
							"post": [-33.9, 0, 0],
							"lerp_mode": "catmullrom"
						},
						"0.7917": [-19.37, 0, 0],
						"1.25": {
							"pre": [0, 0, 0],
							"post": [0, 0, 0],
							"lerp_mode": "catmullrom"
						}
					},
					"position": {
						"0.0": {
							"post": [0, 0, 0],
							"lerp_mode": "catmullrom"
						},
						"0.25": {
							"post": [0, -2, 1],
							"lerp_mode": "catmullrom"
						},
						"0.5417": {
							"post": [0, 3, 7],
							"lerp_mode": "catmullrom"
						},
						"0.625": {
							"post": [0, 6.4, 6],
							"lerp_mode": "catmullrom"
						},
						"0.7083": {
							"post": [0, 1.33, -2.28],
							"lerp_mode": "catmullrom"
						},
						"0.75": {
							"post": [0, -1, -3],
							"lerp_mode": "catmullrom"
						},
						"0.7917": [0, -1.21, -4.16],
						"1.25": {
							"pre": [0, 0, 0],
							"post": [0, 0, 0],
							"lerp_mode": "catmullrom"
						}
					}
				},
				"bone": {
					"position": {
						"0.0": [0, 0, 0],
						"0.7083": [0, 0, 0],
						"0.7917": {
							"pre": [0, 0, 0],
							"post": [-1, 0, 1]
						},
						"1.0": {
							"pre": [-1, 0, 1],
							"post": [0, 0, 0]
						},
						"1.25": [0, 0, 0]
					}
				},
				"bone2": {
					"position": {
						"0.0": [0, 0, 0],
						"0.7083": [0, 0, 0],
						"0.7917": {
							"pre": [0, 0, 0],
							"post": [1, 0, 1]
						},
						"1.0": {
							"pre": [1, 0, 1],
							"post": [0, 0, 0]
						},
						"1.25": [0, 0, 0]
					}
				}
			}
		},
		"animation.spritzee.battle_cry": {
			"animation_length": 1.25,
			"bones": {
				"legs": {
					"rotation": {
						"0.0": {
							"post": [0, 0, 0],
							"lerp_mode": "catmullrom"
						},
						"0.2083": {
							"post": [-22.5, 0, 0],
							"lerp_mode": "catmullrom"
						},
						"0.5417": {
							"post": [17.5, 0, 0],
							"lerp_mode": "catmullrom"
						},
						"0.6667": {
							"post": [5, 0, 0],
							"lerp_mode": "catmullrom"
						},
						"0.75": {
							"post": [17.5, 0, 0],
							"lerp_mode": "catmullrom"
						},
						"1.25": {
							"post": [0, 0, 0],
							"lerp_mode": "catmullrom"
						}
					},
					"position": {
						"0.0": {
							"post": [-0.2, 2, 0],
							"lerp_mode": "catmullrom"
						},
						"0.2083": {
							"post": [-0.2, 1, 1],
							"lerp_mode": "catmullrom"
						},
						"0.5417": {
							"post": [-0.2, 2.5, 0],
							"lerp_mode": "catmullrom"
						},
						"0.75": {
							"post": [-0.2, 2.5, 0],
							"lerp_mode": "catmullrom"
						},
						"1.25": {
							"post": [-0.2, 2, 0],
							"lerp_mode": "catmullrom"
						}
					}
				},
				"leg1": {
					"rotation": {
						"0.0": [0, 0, -2.5],
						"1.25": [0, 0, -2.5]
					},
					"position": {
						"0.0": [0.2, 0, 0],
						"1.25": [0.2, 0, 0]
					}
				},
				"leg2": {
					"rotation": {
						"0.0": [9.99067, 0.43399, -2.46207],
						"1.25": [9.99067, 0.43399, -2.46207]
					},
					"position": {
						"0.0": [0.25, 0, 0],
						"1.25": [0.25, 0, 0]
					}
				},
				"torso": {
					"rotation": {
						"0.0": [-5, 12.5, 0],
						"1.25": [-5, 12.5, 0]
					},
					"position": {
						"0.0": [0, 2, 0],
						"1.25": [0, 2, 0]
					}
				},
				"head": {
					"rotation": {
						"0.0": {
							"post": [2.5, 0, 0],
							"lerp_mode": "catmullrom"
						},
						"0.2083": {
							"post": [27.54191, -12.79923, -1.48463],
							"lerp_mode": "catmullrom"
						},
						"0.5417": {
							"post": [-15.09332, "-15.2138+math.sin(q.anim_time*90*24-360)*8", "-0.8226+math.cos(q.anim_time*90*24-180)*8"],
							"lerp_mode": "catmullrom"
						},
						"0.75": {
							"post": [-14.95809, "-12.7992344078+math.cos(q.anim_time*90*24-180)*8", "-1.4846263794+math.sin(q.anim_time*90*24-360)*8"],
							"lerp_mode": "catmullrom"
						},
						"1.0": {
							"post": [-15.09332, "-15.2138+math.sin(q.anim_time*90*24-360)*8", "-0.8226+math.cos(q.anim_time*90*24-180)*8"],
							"lerp_mode": "catmullrom"
						},
						"1.25": {
							"post": [2.5, 0, 0],
							"lerp_mode": "catmullrom"
						}
					}
				},
				"hand1": {
					"rotation": {
						"0.0": {
							"post": [0, 10, 0],
							"lerp_mode": "catmullrom"
						},
						"0.2083": {
							"post": [0, 22.5, 0],
							"lerp_mode": "catmullrom"
						},
						"0.5417": {
							"post": [0, "-32.5+math.sin(query.anim_time*180*4+90)*8", 0],
							"lerp_mode": "catmullrom"
						},
						"0.5833": {
							"post": [0, -39.22, 0],
							"lerp_mode": "catmullrom"
						},
						"0.6667": {
							"post": [0, 7.55, 0],
							"lerp_mode": "catmullrom"
						},
						"0.75": {
							"post": [0, "-32.5+math.sin(query.anim_time*180*4+180)*12", 0],
							"lerp_mode": "catmullrom"
						},
						"0.9167": {
							"post": [0, -20.26, 0],
							"lerp_mode": "catmullrom"
						},
						"1.0": {
							"post": [0, "-32.5+math.sin(query.anim_time*320*4+160)*14", 0],
							"lerp_mode": "catmullrom"
						},
						"1.25": {
							"post": [0, 10, 0],
							"lerp_mode": "catmullrom"
						}
					}
				},
				"hand2": {
					"rotation": {
						"0.0": {
							"post": [0, 5, 0],
							"lerp_mode": "catmullrom"
						},
						"0.2083": {
							"post": [0, -22.5, 0],
							"lerp_mode": "catmullrom"
						},
						"0.5417": {
							"post": [0, "32.5+math.sin(query.anim_time*180*4+90)*8", 0],
							"lerp_mode": "catmullrom"
						},
						"0.5833": {
							"post": [0, 39.22, 0],
							"lerp_mode": "catmullrom"
						},
						"0.6667": {
							"post": [0, -7.55, 0],
							"lerp_mode": "catmullrom"
						},
						"0.75": {
							"post": [0, "32.5+math.sin(query.anim_time*180*4+180)*12", 0],
							"lerp_mode": "catmullrom"
						},
						"0.9167": {
							"post": [0, 20.26, 0],
							"lerp_mode": "catmullrom"
						},
						"1.0": {
							"post": [0, "32.5+math.sin(query.anim_time*320*4+160)*14", 0],
							"lerp_mode": "catmullrom"
						},
						"1.25": {
							"post": [0, 5, 0],
							"lerp_mode": "catmullrom"
						}
					}
				},
				"bone1": {
					"rotation": [0, 0, -17.5],
					"position": [0.2, -0.8, -1]
				},
				"ceja1": {
					"rotation": {
						"0.0": [0, 0, -10],
						"1.25": [0, 0, -10]
					},
					"position": {
						"0.0": [0.9, -0.3, 0],
						"0.5417": {
							"pre": [0.9, -0.3, 0],
							"post": [0.9, -0.3, -1]
						},
						"1.1667": {
							"pre": [0.9, -0.3, -1],
							"post": [0.9, -0.3, 0]
						},
						"1.25": [0.9, -0.3, 0]
					}
				},
				"ceja2": {
					"rotation": {
						"0.0": [0, 0, 10],
						"1.25": [0, 0, 10]
					},
					"position": {
						"0.0": [-0.9, -0.3, 0],
						"0.5417": {
							"pre": [-0.9, -0.3, 0],
							"post": [-0.9, -0.3, -1]
						},
						"1.1667": {
							"pre": [-0.9, -0.3, -1],
							"post": [-0.9, -0.3, 0]
						},
						"1.25": [-0.9, -0.3, 0]
					}
				},
				"body": {
					"rotation": {
						"0.0": {
							"post": [0, 0, 0],
							"lerp_mode": "catmullrom"
						},
						"0.3333": {
							"post": [20, 0, 0],
							"lerp_mode": "catmullrom"
						},
						"0.5417": {
							"post": [-5, 0, 0],
							"lerp_mode": "catmullrom"
						},
						"0.75": {
							"post": [-15.58, 0, 0],
							"lerp_mode": "catmullrom"
						},
						"1.25": {
							"post": [0, 0, 0],
							"lerp_mode": "catmullrom"
						}
					},
					"position": {
						"0.0": {
							"post": [0, 0, 0],
							"lerp_mode": "catmullrom"
						},
						"0.2083": {
							"post": [0, -1.54, -2.85],
							"lerp_mode": "catmullrom"
						},
						"0.3333": {
							"post": [0, -1.42, 0.22],
							"lerp_mode": "catmullrom"
						},
						"0.4167": {
							"post": [0, 2, 2.27],
							"lerp_mode": "catmullrom"
						},
						"0.5833": {
							"post": [0, 6, 3],
							"lerp_mode": "catmullrom"
						},
						"0.75": {
							"post": [0, 5.13, 2.06],
							"lerp_mode": "catmullrom"
						},
						"1.0": {
							"post": [0, 3.51, 0.97],
							"lerp_mode": "catmullrom"
						},
						"1.25": {
							"post": [0, 0, 0],
							"lerp_mode": "catmullrom"
						}
					}
				},
				"bone": {
					"position": {
						"0.0": [0, 0, 0],
						"0.5417": [0, 0, 0],
						"1.25": [0, 0, 0]
					}
				},
				"fur": {
					"rotation": {
						"0.0": [0, 0, 0],
						"0.2083": [0, 0, 0],
						"0.5417": [0, 0, "0+Math.sin(q.anim_time*320*4+160)*8"],
						"0.5833": [0, 0, -6.07],
						"0.6667": [0, 0, -1.96],
						"0.75": [0, 0, "0+Math.sin(q.anim_time*320*4+160)*14"],
						"0.8333": [0, 0, -6.09],
						"0.9167": [0, 0, 15.13],
						"1.0": [0, 0, 0],
						"1.25": [0, 0, 0]
					}
				}
			},
			"sound_effects": {
				"0.5417": {
					"effect": "pokemon.spritzee.cry"
				}
			}
		},
		"animation.spritzee.status": {
			"animation_length": 1.25,
			"bones": {
				"legs": {
					"rotation": {
						"0.0": {
							"post": [0, 0, 0],
							"lerp_mode": "catmullrom"
						},
						"0.2083": {
							"post": [-22.5, 0, 0],
							"lerp_mode": "catmullrom"
						},
						"0.5417": {
							"post": [17.5, 0, 0],
							"lerp_mode": "catmullrom"
						},
						"0.6667": {
							"post": [5, 0, 0],
							"lerp_mode": "catmullrom"
						},
						"0.75": {
							"post": [17.5, 0, 0],
							"lerp_mode": "catmullrom"
						},
						"1.25": {
							"post": [0, 0, 0],
							"lerp_mode": "catmullrom"
						}
					},
					"position": {
						"0.0": {
							"post": [-0.2, 2, 0],
							"lerp_mode": "catmullrom"
						},
						"0.2083": {
							"post": [-0.2, 1, 1],
							"lerp_mode": "catmullrom"
						},
						"0.5417": {
							"post": [-0.2, 2.5, 0],
							"lerp_mode": "catmullrom"
						},
						"0.75": {
							"post": [-0.2, 2.5, 0],
							"lerp_mode": "catmullrom"
						},
						"1.25": {
							"post": [-0.2, 2, 0],
							"lerp_mode": "catmullrom"
						}
					}
				},
				"leg1": {
					"rotation": {
						"0.0": [0, 0, -2.5],
						"1.25": [0, 0, -2.5]
					},
					"position": {
						"0.0": [0.2, 0, 0],
						"1.25": [0.2, 0, 0]
					}
				},
				"leg2": {
					"rotation": {
						"0.0": [9.99067, 0.43399, -2.46207],
						"1.25": [9.99067, 0.43399, -2.46207]
					},
					"position": {
						"0.0": [0.25, 0, 0],
						"1.25": [0.25, 0, 0]
					}
				},
				"torso": {
					"rotation": {
						"0.0": [-5, 12.5, 0],
						"1.25": [-5, 12.5, 0]
					},
					"position": {
						"0.0": [0, 2, 0],
						"1.25": [0, 2, 0]
					}
				},
				"head": {
					"rotation": {
						"0.0": {
							"post": [2.5, 0, 0],
							"lerp_mode": "catmullrom"
						},
						"0.2083": {
							"post": [27.54191, -12.79923, -1.48463],
							"lerp_mode": "catmullrom"
						},
						"0.5417": {
							"post": [-15.09332, "-15.2138+math.sin(q.anim_time*90*24-360)*8", "-0.8226+math.cos(q.anim_time*90*24-180)*8"],
							"lerp_mode": "catmullrom"
						},
						"0.75": {
							"post": [-14.95809, "-12.7992344078+math.cos(q.anim_time*90*24-180)*8", "-1.4846263794+math.sin(q.anim_time*90*24-360)*8"],
							"lerp_mode": "catmullrom"
						},
						"1.0": {
							"post": [-15.09332, "-15.2138+math.sin(q.anim_time*90*24-360)*8", "-0.8226+math.cos(q.anim_time*90*24-180)*8"],
							"lerp_mode": "catmullrom"
						},
						"1.25": {
							"post": [2.5, 0, 0],
							"lerp_mode": "catmullrom"
						}
					}
				},
				"hand1": {
					"rotation": {
						"0.0": {
							"post": [0, 10, 0],
							"lerp_mode": "catmullrom"
						},
						"0.2083": {
							"post": [0, 22.5, 0],
							"lerp_mode": "catmullrom"
						},
						"0.5417": {
							"post": [0, "-32.5+math.sin(query.anim_time*180*4+90)*8", 0],
							"lerp_mode": "catmullrom"
						},
						"0.5833": {
							"post": [0, -39.22, 0],
							"lerp_mode": "catmullrom"
						},
						"0.6667": {
							"post": [0, 7.55, 0],
							"lerp_mode": "catmullrom"
						},
						"0.75": {
							"post": [0, "-32.5+math.sin(query.anim_time*180*4+180)*12", 0],
							"lerp_mode": "catmullrom"
						},
						"0.9167": {
							"post": [0, -20.26, 0],
							"lerp_mode": "catmullrom"
						},
						"1.0": {
							"post": [0, "-32.5+math.sin(query.anim_time*320*4+160)*14", 0],
							"lerp_mode": "catmullrom"
						},
						"1.25": {
							"post": [0, 10, 0],
							"lerp_mode": "catmullrom"
						}
					}
				},
				"hand2": {
					"rotation": {
						"0.0": {
							"post": [0, 5, 0],
							"lerp_mode": "catmullrom"
						},
						"0.2083": {
							"post": [0, -22.5, 0],
							"lerp_mode": "catmullrom"
						},
						"0.5417": {
							"post": [0, "32.5+math.sin(query.anim_time*180*4+90)*8", 0],
							"lerp_mode": "catmullrom"
						},
						"0.5833": {
							"post": [0, 39.22, 0],
							"lerp_mode": "catmullrom"
						},
						"0.6667": {
							"post": [0, -7.55, 0],
							"lerp_mode": "catmullrom"
						},
						"0.75": {
							"post": [0, "32.5+math.sin(query.anim_time*180*4+180)*12", 0],
							"lerp_mode": "catmullrom"
						},
						"0.9167": {
							"post": [0, 20.26, 0],
							"lerp_mode": "catmullrom"
						},
						"1.0": {
							"post": [0, "32.5+math.sin(query.anim_time*320*4+160)*14", 0],
							"lerp_mode": "catmullrom"
						},
						"1.25": {
							"post": [0, 5, 0],
							"lerp_mode": "catmullrom"
						}
					}
				},
				"bone1": {
					"rotation": [0, 0, -17.5],
					"position": [0.2, -0.8, -1]
				},
				"ceja1": {
					"rotation": {
						"0.0": [0, 0, -10],
						"1.25": [0, 0, -10]
					},
					"position": {
						"0.0": [0.9, -0.3, 0],
						"0.5417": {
							"pre": [0.9, -0.3, 0],
							"post": [0.9, -0.3, -1]
						},
						"1.1667": {
							"pre": [0.9, -0.3, -1],
							"post": [0.9, -0.3, 0]
						},
						"1.25": [0.9, -0.3, 0]
					}
				},
				"ceja2": {
					"rotation": {
						"0.0": [0, 0, 10],
						"1.25": [0, 0, 10]
					},
					"position": {
						"0.0": [-0.9, -0.3, 0],
						"0.5417": {
							"pre": [-0.9, -0.3, 0],
							"post": [-0.9, -0.3, -1]
						},
						"1.1667": {
							"pre": [-0.9, -0.3, -1],
							"post": [-0.9, -0.3, 0]
						},
						"1.25": [-0.9, -0.3, 0]
					}
				},
				"body": {
					"rotation": {
						"0.0": {
							"post": [0, 0, 0],
							"lerp_mode": "catmullrom"
						},
						"0.3333": {
							"post": [20, 0, 0],
							"lerp_mode": "catmullrom"
						},
						"0.5417": {
							"post": [-5, 0, 0],
							"lerp_mode": "catmullrom"
						},
						"0.75": {
							"post": [-15.58, 0, 0],
							"lerp_mode": "catmullrom"
						},
						"1.25": {
							"post": [0, 0, 0],
							"lerp_mode": "catmullrom"
						}
					},
					"position": {
						"0.0": {
							"post": [0, 0, 0],
							"lerp_mode": "catmullrom"
						},
						"0.2083": {
							"post": [0, -1.54, -2.85],
							"lerp_mode": "catmullrom"
						},
						"0.3333": {
							"post": [0, -1.42, 0.22],
							"lerp_mode": "catmullrom"
						},
						"0.4167": {
							"post": [0, 2, 2.27],
							"lerp_mode": "catmullrom"
						},
						"0.5833": {
							"post": [0, 6, 3],
							"lerp_mode": "catmullrom"
						},
						"0.75": {
							"post": [0, 5.13, 2.06],
							"lerp_mode": "catmullrom"
						},
						"1.0": {
							"post": [0, 3.51, 0.97],
							"lerp_mode": "catmullrom"
						},
						"1.25": {
							"post": [0, 0, 0],
							"lerp_mode": "catmullrom"
						}
					}
				},
				"bone": {
					"position": {
						"0.0": [0, 0, 0],
						"0.5417": [0, 0, 0],
						"1.25": [0, 0, 0]
					}
				},
				"fur": {
					"rotation": {
						"0.0": [0, 0, 0],
						"0.2083": [0, 0, 0],
						"0.5417": [0, 0, "0+Math.sin(q.anim_time*320*4+160)*8"],
						"0.5833": [0, 0, -6.07],
						"0.6667": [0, 0, -1.96],
						"0.75": [0, 0, "0+Math.sin(q.anim_time*320*4+160)*14"],
						"0.8333": [0, 0, -6.09],
						"0.9167": [0, 0, 15.13],
						"1.0": [0, 0, 0],
						"1.25": [0, 0, 0]
					}
				}
			}
		},
		"animation.spritzee.special": {
			"animation_length": 1.25,
			"bones": {
				"legs": {
					"rotation": {
						"0.0": {
							"post": [0, 0, 0],
							"lerp_mode": "catmullrom"
						},
						"0.2083": {
							"post": [-22.5, 0, 0],
							"lerp_mode": "catmullrom"
						},
						"0.5417": {
							"post": [17.5, 0, 0],
							"lerp_mode": "catmullrom"
						},
						"0.6667": {
							"post": [5, 0, 0],
							"lerp_mode": "catmullrom"
						},
						"0.75": {
							"post": [17.5, 0, 0],
							"lerp_mode": "catmullrom"
						},
						"1.25": {
							"post": [0, 0, 0],
							"lerp_mode": "catmullrom"
						}
					},
					"position": {
						"0.0": {
							"post": [-0.2, 2, 0],
							"lerp_mode": "catmullrom"
						},
						"0.2083": {
							"post": [-0.2, 1, 1],
							"lerp_mode": "catmullrom"
						},
						"0.5417": {
							"post": [-0.2, 2.5, 0],
							"lerp_mode": "catmullrom"
						},
						"0.75": {
							"post": [-0.2, 2.5, 0],
							"lerp_mode": "catmullrom"
						},
						"1.25": {
							"post": [-0.2, 2, 0],
							"lerp_mode": "catmullrom"
						}
					}
				},
				"leg1": {
					"rotation": {
						"0.0": [0, 0, -2.5],
						"1.25": [0, 0, -2.5]
					},
					"position": {
						"0.0": [0.2, 0, 0],
						"1.25": [0.2, 0, 0]
					}
				},
				"leg2": {
					"rotation": {
						"0.0": [9.99067, 0.43399, -2.46207],
						"1.25": [9.99067, 0.43399, -2.46207]
					},
					"position": {
						"0.0": [0.25, 0, 0],
						"1.25": [0.25, 0, 0]
					}
				},
				"torso": {
					"rotation": {
						"0.0": [-5, 12.5, 0],
						"1.25": [-5, 12.5, 0]
					},
					"position": {
						"0.0": [0, 2, 0],
						"1.25": [0, 2, 0]
					}
				},
				"head": {
					"rotation": {
						"0.0": {
							"post": [2.5, 0, 0],
							"lerp_mode": "catmullrom"
						},
						"0.2083": {
							"post": [27.54191, -12.79923, -1.48463],
							"lerp_mode": "catmullrom"
						},
						"0.5417": {
							"post": [-15.09332, "-15.2138+math.sin(q.anim_time*90*24-360)*8", "-0.8226+math.cos(q.anim_time*90*24-180)*8"],
							"lerp_mode": "catmullrom"
						},
						"0.75": {
							"post": [-14.95809, "-12.7992344078+math.cos(q.anim_time*90*24-180)*8", "-1.4846263794+math.sin(q.anim_time*90*24-360)*8"],
							"lerp_mode": "catmullrom"
						},
						"1.0": {
							"post": [-15.09332, "-15.2138+math.sin(q.anim_time*90*24-360)*8", "-0.8226+math.cos(q.anim_time*90*24-180)*8"],
							"lerp_mode": "catmullrom"
						},
						"1.25": {
							"post": [2.5, 0, 0],
							"lerp_mode": "catmullrom"
						}
					}
				},
				"hand1": {
					"rotation": {
						"0.0": {
							"post": [0, 10, 0],
							"lerp_mode": "catmullrom"
						},
						"0.2083": {
							"post": [0, 22.5, 0],
							"lerp_mode": "catmullrom"
						},
						"0.5417": {
							"post": [0, "-32.5+math.sin(query.anim_time*180*4+90)*8", 0],
							"lerp_mode": "catmullrom"
						},
						"0.5833": {
							"post": [0, -39.22, 0],
							"lerp_mode": "catmullrom"
						},
						"0.6667": {
							"post": [0, 7.55, 0],
							"lerp_mode": "catmullrom"
						},
						"0.75": {
							"post": [0, "-32.5+math.sin(query.anim_time*180*4+180)*12", 0],
							"lerp_mode": "catmullrom"
						},
						"0.9167": {
							"post": [0, -20.26, 0],
							"lerp_mode": "catmullrom"
						},
						"1.0": {
							"post": [0, "-32.5+math.sin(query.anim_time*320*4+160)*14", 0],
							"lerp_mode": "catmullrom"
						},
						"1.25": {
							"post": [0, 10, 0],
							"lerp_mode": "catmullrom"
						}
					}
				},
				"hand2": {
					"rotation": {
						"0.0": {
							"post": [0, 5, 0],
							"lerp_mode": "catmullrom"
						},
						"0.2083": {
							"post": [0, -22.5, 0],
							"lerp_mode": "catmullrom"
						},
						"0.5417": {
							"post": [0, "32.5+math.sin(query.anim_time*180*4+90)*8", 0],
							"lerp_mode": "catmullrom"
						},
						"0.5833": {
							"post": [0, 39.22, 0],
							"lerp_mode": "catmullrom"
						},
						"0.6667": {
							"post": [0, -7.55, 0],
							"lerp_mode": "catmullrom"
						},
						"0.75": {
							"post": [0, "32.5+math.sin(query.anim_time*180*4+180)*12", 0],
							"lerp_mode": "catmullrom"
						},
						"0.9167": {
							"post": [0, 20.26, 0],
							"lerp_mode": "catmullrom"
						},
						"1.0": {
							"post": [0, "32.5+math.sin(query.anim_time*320*4+160)*14", 0],
							"lerp_mode": "catmullrom"
						},
						"1.25": {
							"post": [0, 5, 0],
							"lerp_mode": "catmullrom"
						}
					}
				},
				"bone1": {
					"rotation": [0, 0, -17.5],
					"position": [0.2, -0.8, -1]
				},
				"ceja1": {
					"rotation": {
						"0.0": [0, 0, -10],
						"1.25": [0, 0, -10]
					},
					"position": {
						"0.0": [0.9, -0.3, 0],
						"0.5417": {
							"pre": [0.9, -0.3, 0],
							"post": [0.9, -0.3, -1]
						},
						"1.1667": {
							"pre": [0.9, -0.3, -1],
							"post": [0.9, -0.3, 0]
						},
						"1.25": [0.9, -0.3, 0]
					}
				},
				"ceja2": {
					"rotation": {
						"0.0": [0, 0, 10],
						"1.25": [0, 0, 10]
					},
					"position": {
						"0.0": [-0.9, -0.3, 0],
						"0.5417": {
							"pre": [-0.9, -0.3, 0],
							"post": [-0.9, -0.3, -1]
						},
						"1.1667": {
							"pre": [-0.9, -0.3, -1],
							"post": [-0.9, -0.3, 0]
						},
						"1.25": [-0.9, -0.3, 0]
					}
				},
				"body": {
					"rotation": {
						"0.0": {
							"post": [0, 0, 0],
							"lerp_mode": "catmullrom"
						},
						"0.3333": {
							"post": [20, 0, 0],
							"lerp_mode": "catmullrom"
						},
						"0.5417": {
							"post": [-5, 0, 0],
							"lerp_mode": "catmullrom"
						},
						"0.75": {
							"post": [-15.58, 0, 0],
							"lerp_mode": "catmullrom"
						},
						"1.25": {
							"post": [0, 0, 0],
							"lerp_mode": "catmullrom"
						}
					},
					"position": {
						"0.0": {
							"post": [0, 0, 0],
							"lerp_mode": "catmullrom"
						},
						"0.2083": {
							"post": [0, -1.54, -2.85],
							"lerp_mode": "catmullrom"
						},
						"0.3333": {
							"post": [0, -1.42, 0.22],
							"lerp_mode": "catmullrom"
						},
						"0.4167": {
							"post": [0, 2, 2.27],
							"lerp_mode": "catmullrom"
						},
						"0.5833": {
							"post": [0, 6, 3],
							"lerp_mode": "catmullrom"
						},
						"0.75": {
							"post": [0, 5.13, 2.06],
							"lerp_mode": "catmullrom"
						},
						"1.0": {
							"post": [0, 3.51, 0.97],
							"lerp_mode": "catmullrom"
						},
						"1.25": {
							"post": [0, 0, 0],
							"lerp_mode": "catmullrom"
						}
					}
				},
				"bone": {
					"position": {
						"0.0": [0, 0, 0],
						"0.5417": [0, 0, 0],
						"1.25": [0, 0, 0]
					}
				},
				"fur": {
					"rotation": {
						"0.0": [0, 0, 0],
						"0.2083": [0, 0, 0],
						"0.5417": [0, 0, "0+Math.sin(q.anim_time*320*4+160)*8"],
						"0.5833": [0, 0, -6.07],
						"0.6667": [0, 0, -1.96],
						"0.75": [0, 0, "0+Math.sin(q.anim_time*320*4+160)*14"],
						"0.8333": [0, 0, -6.09],
						"0.9167": [0, 0, 15.13],
						"1.0": [0, 0, 0],
						"1.25": [0, 0, 0]
					}
				}
			}
		},
		"animation.spritzee.blink": {
			"animation_length": 0.2083,
			"bones": {
				"bone": {
					"position": {
						"0.0": [-1, 0, 1],
						"0.2083": {
							"pre": [-1, 0, 1],
							"post": [0, 0, 0]
						}
					}
				},
				"bone2": {
					"position": {
						"0.0": [1, 0, 1],
						"0.2083": {
							"pre": [1, 0, 1],
							"post": [0, 0, 0]
						}
					}
				}
			}
		},
		"animation.spritzee.recoil": {
			"animation_length": 0.5,
			"bones": {
				"head": {
					"rotation": {
						"0.0": {
							"post": [0, 0, 0],
							"lerp_mode": "catmullrom"
						},
						"0.0417": {
							"post": [-5.00474, -2.49048, 0.21803],
							"lerp_mode": "catmullrom"
						},
						"0.5": {
							"post": [0, 0, 0],
							"lerp_mode": "catmullrom"
						}
					}
				},
				"bone": {
					"position": {
						"0.0": {
							"post": [0, 0, 0],
							"lerp_mode": "catmullrom"
						},
						"0.2083": {
							"post": [-1, 0, 1],
							"lerp_mode": "catmullrom"
						},
						"0.5": {
							"post": [0, 0, 0],
							"lerp_mode": "catmullrom"
						}
					}
				},
				"bone2": {
					"position": {
						"0.0": {
							"post": [0, 0, 0],
							"lerp_mode": "catmullrom"
						},
						"0.2083": {
							"post": [1, 0, 1],
							"lerp_mode": "catmullrom"
						},
						"0.5": {
							"post": [0, 0, 0],
							"lerp_mode": "catmullrom"
						}
					}
				}
			}
		},
		"animation.spritzee.cry": {
			"animation_length": 0.5,
			"bones": {
				"head": {
					"rotation": {
						"0.0": {
							"post": [0, 0, 0],
							"lerp_mode": "catmullrom"
						},
						"0.0417": {
							"post": [-2.5, 0, 0],
							"lerp_mode": "catmullrom"
						},
						"0.2083": {
							"post": [2.5, 0, 0],
							"lerp_mode": "catmullrom"
						},
						"0.2917": {
							"post": [-2.5, 0, 0],
							"lerp_mode": "catmullrom"
						},
						"0.375": {
							"post": [2.5, 0, 0],
							"lerp_mode": "catmullrom"
						},
						"0.5": {
							"post": [0, 0, 0],
							"lerp_mode": "catmullrom"
						}
					}
				}
			},
			"sound_effects": {
				"0.0417": {
					"effect": "pokemon.spritzee.cry"
				}
			}
		},
		"animation.spritzee.ground_walk": {
			"loop": true,
			"animation_length": 1,
			"bones": {
				"body": {
					"position": ["0+math.sin(q.anim_time*90*4+90)*0.5", "2-math.sin(q.anim_time*90*4+90)*0.5", "0+math.sin(q.anim_time*90*4)*1"]
				},
				"legs": {
					"rotation": [20, 0, 0]
				},
				"leg1": {
					"rotation": ["12.5+math.sin(q.anim_time*90*4)*1", 0, 0],
					"position": [0, 0, 1]
				},
				"leg2": {
					"rotation": ["5-math.sin(q.anim_time*90*4)*1", 0, 0]
				},
				"head": {
					"rotation": ["10+math.sin(q.anim_time*90*4+90)*2.5", "0-Math.sin(q.anim_time*90*4)*4", "0+math.sin(q.anim_time*90*4+90)*2"]
				},
				"fur": {
					"rotation": [0, 0, 0]
				},
				"hand1": {
					"rotation": [0, "-17.5+math.sin(q.anim_time*90*4+90)*12", "0+math.sin(q.anim_time*90*4)*4"]
				},
				"hand2": {
					"rotation": [0, "17.5-math.sin(q.anim_time*90*4+90)*12", "0-math.sin(q.anim_time*90*4)*4"]
				}
			}
		},
		"animation.spritzee.sleep": {
			"loop": true,
			"bones": {
				"body": {
					"position": [0, -1, 0]
				},
				"legs": {
					"rotation": [-42.5, 0, 0],
					"position": [0, -1, -2]
				},
				"head": {
					"rotation": ["10+math.sin(q.anim_time*90*4+90)*0.2", 0, 0],
					"position": [0, 0, 0]
				},
				"bone": {
					"position": [-1, 0, 1]
				},
				"hand1": {
					"rotation": [-17.17679, -53.10479, 21.13216],
					"position": [0, 0, -3]
				},
				"hand2": {
					"rotation": [-17.17679, 53.10479, -21.13216],
					"position": [0, 0, -3]
				},
				"bone2": {
					"position": [1, 0, 1]
				}
			}
		}
	}
}