{
	"format_version": "1.8.0",
	"animations": {
		"animation.toxel.blink": {
			"animation_length": 0.0417,
			"bones": {
				"eye1": {
					"position": {
						"0.0": [0, 0, 0],
						"0.0417": [0, 0, 1]
					}
				},
				"eye2": {
					"position": {
						"0.0": [0, 0, 0],
						"0.0417": [0, 0, 1]
					}
				}
			}
		},
		"animation.toxel.ground_idle": {
			"loop": true,
			"bones": {
				"leg1": {
					"rotation": [-71.16757, 56.78842, 9.12074],
					"position": [-4, -0.5, -1]
				},
				"leg_parte1": {
					"rotation": [0, 0, -17.5],
					"position": [0.58, 1, 0]
				},
				"leg2": {
					"rotation": [-71.16757, -56.78842, -9.12074],
					"position": [4, -0.5, -1]
				},
				"leg_parte2": {
					"rotation": [0, 0, 17.5],
					"position": [-0.58, 1, 0]
				},
				"torso": {
					"rotation": [15, 0, 0],
					"position": [0, -4.5, 4]
				},
				"tail": {
					"rotation": ["-49.5647+math.sin(q.anim_time*90*32/16-0)*1.75", "math.sin(q.anim_time*90*12/4.5-100)*1", 0],
					"position": [0, 5, -5]
				},
				"tail2": {
					"rotation": [7.5, 0, 0],
					"position": [0, 0, 1]
				},
				"tail3": {
					"rotation": [17.5, 0, 0],
					"position": [0, 0, 2]
				},
				"torso_parte": {
					"rotation": ["22.5+math.sin(q.anim_time*90*8/4-0)*1 ", 0, 0],
					"position": [0, 0, 3]
				},
				"hands": {
					"rotation": [-7.5, 0, 0],
					"position": [0, 1, 0]
				},
				"hand1": {
					"rotation": ["16.7078+math.sin(q.anim_time*90*1-0)*1", "53.0577+math.sin(q.anim_time*90*1-60)*1", 56.59013],
					"position": [-7, 3, 2]
				},
				"hand_parte1": {
					"rotation": [2.5, 25, 0],
					"position": [0, 0, 3]
				},
				"head": {
					"rotation": ["-32.5+math.sin(q.anim_time*90*16/8-60)*2", 0, 0],
					"position": [0, -1, 0]
				},
				"lengua": {
					"rotation": ["-27.5+math.sin(q.anim_time*90*3)*2", 0, 0],
					"position": [0, 0.15, 0]
				},
				"hand2": {
					"rotation": ["16.7078-math.sin(q.anim_time*90*1-0)*1", "-53.0577-math.sin(q.anim_time*90*1-60)*1", -56.59013],
					"position": [7.5, 2.8, 1.5]
				},
				"hand_parte2": {
					"rotation": [2.5, -25, 0],
					"position": [0, 0, 3]
				},
				"legs": {
					"position": [0, 0, 1]
				},
				"body": {
					"position": [0, 1, 0]
				}
			}
		},
		"animation.toxel.recoil": {
			"animation_length": 0.5,
			"bones": {
				"torso_parte": {
					"rotation": {
						"0.0": {
							"post": [0, 0, 0],
							"lerp_mode": "catmullrom"
						},
						"0.1667": {
							"post": [0, -10, 0],
							"lerp_mode": "catmullrom"
						},
						"0.5": {
							"post": [0, 0, 0],
							"lerp_mode": "catmullrom"
						}
					}
				},
				"head": {
					"rotation": {
						"0.0": {
							"post": [0, 0, 0],
							"lerp_mode": "catmullrom"
						},
						"0.0833": {
							"post": [-13.22, -6.98, 0.75],
							"lerp_mode": "catmullrom"
						},
						"0.1667": {
							"post": [-10.17323, -12.41291, 1.32985],
							"lerp_mode": "catmullrom"
						},
						"0.5": {
							"post": [0, 0, 0],
							"lerp_mode": "catmullrom"
						}
					}
				},
				"eye1": {
					"position": {
						"0.0": {
							"post": [0, 0, 0],
							"lerp_mode": "catmullrom"
						},
						"0.1667": {
							"post": [0, 0, 1],
							"lerp_mode": "catmullrom"
						},
						"0.5": {
							"post": [0, 0, 0],
							"lerp_mode": "catmullrom"
						}
					}
				},
				"eye2": {
					"position": {
						"0.0": {
							"post": [0, 0, 0],
							"lerp_mode": "catmullrom"
						},
						"0.1667": {
							"post": [0, 0, 1],
							"lerp_mode": "catmullrom"
						},
						"0.5": {
							"post": [0, 0, 0],
							"lerp_mode": "catmullrom"
						}
					}
				},
				"lengua": {
					"rotation": {
						"0.0": {
							"post": [0, 0, 0],
							"lerp_mode": "catmullrom"
						},
						"0.1667": {
							"post": [-20, 0, 0],
							"lerp_mode": "catmullrom"
						},
						"0.5": {
							"post": [0, 0, 0],
							"lerp_mode": "catmullrom"
						}
					}
				},
				"torso": {
					"rotation": {
						"0.0": [0, 0, 0],
						"0.0833": [-5, 0, 0],
						"0.5": [0, 0, 0]
					}
				}
			}
		},
		"animation.toxel.ground_walk": {
			"loop": true,
			"animation_length": 1,
			"bones": {
				"leg1": {
					"rotation": {
						"0.0": {
							"post": [0, 25, 0],
							"lerp_mode": "catmullrom"
						},
						"0.5": {
							"post": [12.5, 25, 0],
							"lerp_mode": "catmullrom"
						},
						"1.0": {
							"post": [0, 25, 0],
							"lerp_mode": "catmullrom"
						}
					},
					"position": {
						"0.0": {
							"post": [-1, 0, -1],
							"lerp_mode": "catmullrom"
						},
						"0.25": {
							"post": [0, 0, -2],
							"lerp_mode": "catmullrom"
						},
						"0.5": {
							"post": [0, -1.26, -0.74],
							"lerp_mode": "catmullrom"
						},
						"0.75": {
							"post": [0, -2.27, -1.29],
							"lerp_mode": "catmullrom"
						},
						"1.0": {
							"post": [-1, 0, -1],
							"lerp_mode": "catmullrom"
						}
					}
				},
				"leg_parte1": {
					"rotation": {
						"0.0": {
							"post": [2.5, 0, 0],
							"lerp_mode": "catmullrom"
						},
						"0.5": {
							"post": [2.5, 0, 0],
							"lerp_mode": "catmullrom"
						},
						"1.0": {
							"post": [2.5, 0, 0],
							"lerp_mode": "catmullrom"
						}
					},
					"position": {
						"0.0": {
							"post": [0, 0, 0],
							"lerp_mode": "catmullrom"
						},
						"0.5": {
							"post": [0, 0, 0],
							"lerp_mode": "catmullrom"
						},
						"1.0": {
							"post": [0, 0, 0],
							"lerp_mode": "catmullrom"
						}
					}
				},
				"leg2": {
					"rotation": {
						"0.0": {
							"post": [0, -25, 0],
							"lerp_mode": "catmullrom"
						},
						"0.5": {
							"post": [12.5, -25, 0],
							"lerp_mode": "catmullrom"
						},
						"1.0": {
							"post": [0, -25, 0],
							"lerp_mode": "catmullrom"
						}
					},
					"position": {
						"0.0": {
							"post": [1, 0, -1],
							"lerp_mode": "catmullrom"
						},
						"0.25": {
							"post": [0, 0, -2],
							"lerp_mode": "catmullrom"
						},
						"0.5": {
							"post": [0, -1.26, -1.74],
							"lerp_mode": "catmullrom"
						},
						"0.75": {
							"post": [0, -2.27, -1.29],
							"lerp_mode": "catmullrom"
						},
						"1.0": {
							"post": [1, 0, -1],
							"lerp_mode": "catmullrom"
						}
					}
				},
				"leg_parte2": {
					"rotation": {
						"0.0": {
							"post": [2.5, 0, 0],
							"lerp_mode": "catmullrom"
						},
						"0.5": {
							"post": [2.5, 0, 0],
							"lerp_mode": "catmullrom"
						},
						"1.0": {
							"post": [2.5, 0, 0],
							"lerp_mode": "catmullrom"
						}
					},
					"position": {
						"0.0": {
							"post": [0, 0, 0],
							"lerp_mode": "catmullrom"
						},
						"0.5": {
							"post": [0, 0, 0],
							"lerp_mode": "catmullrom"
						},
						"1.0": {
							"post": [0, 0, 0],
							"lerp_mode": "catmullrom"
						}
					}
				},
				"torso": {
					"rotation": {
						"0.0": ["80-math.sin(q.anim_time*90*2*2)*2", 0, 0],
						"1.0": ["80-math.sin(q.anim_time*90*2*2)*2", 0, 0]
					},
					"position": {
						"0.0": [0, "3-math.sin(q.anim_time*90*2)*1", 7],
						"1.0": [0, "3-math.sin(q.anim_time*90*2)*1", 7]
					}
				},
				"tail": {
					"rotation": ["-75+math.sin(q.anim_time*90*4+90)*1", "math.sin(q.anim_time*90*4+90)", 0],
					"position": [0, 7, -6]
				},
				"tail2": {
					"rotation": {
						"0.0": {
							"post": [5, 0, 0],
							"lerp_mode": "catmullrom"
						},
						"1.0": {
							"post": [5, 0, 0],
							"lerp_mode": "catmullrom"
						}
					}
				},
				"torso_parte": {
					"rotation": {
						"0.0": {
							"post": [-30, 0, 0],
							"lerp_mode": "catmullrom"
						}
					},
					"position": {
						"0.0": {
							"post": [0, 1, -5],
							"lerp_mode": "catmullrom"
						}
					}
				},
				"hand1": {
					"rotation": {
						"0.0": {
							"post": [18.63923, 50.02461, 23.75692],
							"lerp_mode": "catmullrom"
						},
						"0.5": {
							"post": [9.65389, 51.86576, 12.20302],
							"lerp_mode": "catmullrom"
						},
						"1.0": {
							"post": [18.63923, 50.02461, 23.75692],
							"lerp_mode": "catmullrom"
						}
					},
					"position": {
						"0.0": {
							"post": [-1, 0, 4],
							"lerp_mode": "catmullrom"
						},
						"0.25": {
							"post": [-1, 0.5, 4.5],
							"lerp_mode": "catmullrom"
						},
						"0.5": {
							"post": [-1, 1, 3],
							"lerp_mode": "catmullrom"
						},
						"0.75": {
							"post": [-1, 0.5, 2.63],
							"lerp_mode": "catmullrom"
						},
						"1.0": {
							"post": [-1, 0, 4],
							"lerp_mode": "catmullrom"
						}
					}
				},
				"hand_parte1": {
					"rotation": {
						"0.0": {
							"post": [0, 22.5, 0],
							"lerp_mode": "catmullrom"
						}
					},
					"position": {
						"0.0": {
							"post": [0, 0, 2],
							"lerp_mode": "catmullrom"
						}
					}
				},
				"hand2": {
					"rotation": {
						"0.0": {
							"post": [18.63923, -50.02461, -23.75692],
							"lerp_mode": "catmullrom"
						},
						"0.5": {
							"post": [9.65389, -51.86576, -12.20302],
							"lerp_mode": "catmullrom"
						},
						"1.0": {
							"post": [18.63923, -50.02461, -23.75692],
							"lerp_mode": "catmullrom"
						}
					},
					"position": {
						"0.0": {
							"post": [2, 0, 4],
							"lerp_mode": "catmullrom"
						},
						"0.25": {
							"post": [2, 0.5, 4.5],
							"lerp_mode": "catmullrom"
						},
						"0.5": {
							"post": [2, 1, 3],
							"lerp_mode": "catmullrom"
						},
						"0.75": {
							"post": [2, 0.5, 2.63],
							"lerp_mode": "catmullrom"
						},
						"1.0": {
							"post": [2, 0, 4],
							"lerp_mode": "catmullrom"
						}
					}
				},
				"hand_parte2": {
					"rotation": {
						"0.0": {
							"post": [0, -22.5, 0],
							"lerp_mode": "catmullrom"
						},
						"1.0": {
							"post": [0, -22.5, 0],
							"lerp_mode": "catmullrom"
						}
					},
					"position": {
						"0.0": {
							"post": [0, 0, 2],
							"lerp_mode": "catmullrom"
						},
						"1.0": {
							"post": [0, 0, 2],
							"lerp_mode": "catmullrom"
						}
					}
				},
				"head": {
					"rotation": ["-35+math.sin(q.anim_time*90*8-0)*4", 0, 0]
				},
				"lengua": {
					"rotation": {
						"0.0": {
							"post": [-25, 0, 0],
							"lerp_mode": "catmullrom"
						},
						"1.0": {
							"post": [-25, 0, 0],
							"lerp_mode": "catmullrom"
						}
					}
				},
				"body": {
					"position": {
						"0.0": {
							"post": [0, 0, 0],
							"lerp_mode": "catmullrom"
						},
						"0.25": {
							"post": [0, 2, -0.5],
							"lerp_mode": "catmullrom"
						},
						"0.5": {
							"post": [0, 2, -2],
							"lerp_mode": "catmullrom"
						},
						"0.75": {
							"post": [0, 0.88, -2.06],
							"lerp_mode": "catmullrom"
						},
						"1.0": {
							"post": [0, 0, 0],
							"lerp_mode": "catmullrom"
						}
					}
				}
			}
		},
		"animation.toxel.sleep": {
			"loop": true,
			"bones": {
				"legs": {
					"rotation": [90, 0, 0],
					"position": [0, 1, 6]
				},
				"leg1": {
					"rotation": [-14.94548, 1.29256, 27.33045],
					"position": [-2, 1, 0]
				},
				"leg_parte1": {
					"rotation": [0, 0, -12.5],
					"position": [0.5, 0, 0]
				},
				"leg2": {
					"rotation": [-10, 0, -27.5],
					"position": [3, 1, 0]
				},
				"torso": {
					"rotation": ["90-math.sin(q.anim_time*90*0.5)*1", "0+math.sin(q.anim_time*90*2)*1", 0],
					"position": [0, 2, 7]
				},
				"tail": {
					"rotation": ["-98.9041999654+math.sin(q.anim_time*90*3)*1.25", "-5.6842237862+math.sin(q.anim_time*90*3)*1.5", -21.80633],
					"position": [-2, 11, -5]
				},
				"tail2": {
					"rotation": [-15, 0, 0],
					"position": [0, 1, -2]
				},
				"hand1": {
					"rotation": [-80.24715, 12.19908, -12.79362],
					"position": [-2, 9, -11]
				},
				"hand_parte1": {
					"rotation": [0, 27.5, 0],
					"position": [0, 0, 3]
				},
				"hand2": {
					"rotation": [-86.64073, -17.05915, -5.64644],
					"position": [3, 12, -11]
				},
				"hand_parte2": {
					"rotation": [0, -32.5, 0],
					"position": [0, 0, 3]
				},
				"head": {
					"rotation": ["-73.4962891704+math.sin(q.anim_time*90*3)*2", "-5.9031625207+math.sin(q.anim_time*90*8/6-90)*2", 19.14314]
				},
				"eyes": {
					"position": [0, 0, 1]
				},
				"lengua": {
					"rotation": [-22.5, 0, 0]
				},
				"ceja2": {
					"position": [-0.3, -1, -1]
				},
				"ceja1": {
					"position": [0.5, -1, -1]
				}
			}
		},
		"animation.toxel.rock_meme": {
			"loop": true,
			"bones": {
				"head": {
					"rotation": [0, -25, -17.5]
				},
				"ceja1": {
					"position": [0, 1, 0]
				},
				"ceja2": {
					"rotation": [0, 0, -22.5],
					"position": [1, 0, 0]
				},
				"lengua": {
					"rotation": [-35, 0, 0]
				}
			}
		},
		"animation.toxel.happy": {
			"loop": true,
			"bones": {
				"eyes": {
					"position": [0, 0, 1]
				},
				"eye_happy1": {
					"position": [-1, 0, -2]
				},
				"eye_happy2": {
					"position": [2, 0, -2]
				}
			}
		},
		"animation.toxel.shock": {
			"loop": true,
			"bones": {
				"ceja1": {
					"position": [0, 0, 1]
				},
				"ceja2": {
					"position": [0, 0, 1]
				}
			}
		}
	}
}