{
	"format_version": "1.8.0",
	"animations": {
		"animation.mr_rime.render": {
			"loop": true,
			"bones": {
				"leg1": {
					"rotation": [0, 20, 0]
				},
				"leg2": {
					"rotation": [-32.00673, -19.42126, -10.83574],
					"position": [5, 2, -13]
				},
				"leg_part2": {
					"rotation": [-20, 0, 0],
					"position": [0, 1, -2]
				},
				"torso": {
					"position": [0, -1, 0]
				},
				"head": {
					"rotation": [2.5, -27.5, 0]
				},
				"hand1": {
					"rotation": [0, 17.5, 0],
					"position": [0, -1, -1]
				},
				"hand_part1": {
					"rotation": [0, 0, 25],
					"position": [0, -1, 0]
				},
				"hand_mini1": {
					"rotation": [0, 25, -25],
					"position": [0, 1, -1]
				},
				"fist1": {
					"rotation": [0, 0, 22.5],
					"position": [0, -3.5, 0]
				},
				"hand2": {
					"rotation": [0, -27.5, 20],
					"position": [0, -1, 0]
				},
				"hand_mini2": {
					"rotation": [-122.73241, 32.79775, -49.87926],
					"position": [0, -2, 2]
				},
				"fist2": {
					"rotation": [90, -20, 0],
					"position": [0, 0, -4]
				},
				"stick": {
					"rotation": [0, 0, 0],
					"position": [0, 1, 2]
				}
			}
		},
		"animation.mr_rime.blink": {
			"animation_length": 0.1667,
			"bones": {
				"eye_pupiled1": {
					"position": {
						"0.0": [0, 0, 1],
						"0.1667": {
							"pre": [0, 0, 1],
							"post": [0, 0, 0]
						}
					}
				},
				"eye_pupiled_mini1": {
					"position": {
						"0.0": [0, 0, -2],
						"0.1667": {
							"pre": [0, 0, -2],
							"post": [0, 0, 0]
						}
					}
				},
				"eye_pupiled2": {
					"position": {
						"0.0": [0, 0, 1],
						"0.1667": {
							"pre": [0, 0, 1],
							"post": [0, 0, 0]
						}
					}
				},
				"eye_pupiled_mini2": {
					"position": {
						"0.0": [0, 0, -2],
						"0.1667": {
							"pre": [0, 0, -2],
							"post": [0, 0, 0]
						}
					}
				},
				"eyes_torso": {
					"position": [0, 0, 1]
				},
				"eye_torso1": {
					"position": {
						"0.0": [0, 0, 0],
						"0.1667": {
							"pre": [0, 0, 0],
							"post": [0, 0, -1]
						}
					}
				},
				"eye_torso_pupiled_mini1": {
					"position": {
						"0.0": [0, 0, -2],
						"0.1667": {
							"pre": [0, 0, -2],
							"post": [0, 0, 0]
						}
					}
				},
				"eye_torso2": {
					"position": {
						"0.0": [0, 0, 0],
						"0.1667": {
							"pre": [0, 0, 0],
							"post": [0, 0, -1]
						}
					}
				},
				"eye_torso_pupiled_mini2": {
					"position": {
						"0.0": [0, 0, -2],
						"0.1667": {
							"pre": [0, 0, -2],
							"post": [0, 0, 0]
						}
					}
				}
			}
		},
		"animation.mr_rime.ground_walk": {
			"loop": true,
			"animation_length": 1,
			"bones": {
				"leg1": {
					"rotation": {
						"0.0": {
							"post": [-30.97641, 24.32907, 11.21998],
							"lerp_mode": "catmullrom"
						},
						"0.25": {
							"post": [22.0118, 23.41454, 5.60999],
							"lerp_mode": "catmullrom"
						},
						"0.5": {
							"post": [0, 22.5, 0],
							"lerp_mode": "catmullrom"
						},
						"0.6667": {
							"post": [-30.549, 23.00808, 3.11666],
							"lerp_mode": "catmullrom"
						},
						"1.0": {
							"post": [-30.97641, 24.32907, 11.21998],
							"lerp_mode": "catmullrom"
						}
					},
					"position": {
						"0.0": {
							"post": [-4, 3, -15],
							"lerp_mode": "catmullrom"
						},
						"0.3333": {
							"post": [-1.59, -1.41, -2.95],
							"lerp_mode": "catmullrom"
						},
						"0.5": {
							"post": [0, -1, 0],
							"lerp_mode": "catmullrom"
						},
						"0.75": {
							"post": [-2.05, 2.3, -10.07],
							"lerp_mode": "catmullrom"
						},
						"1.0": {
							"post": [-4, 3, -15],
							"lerp_mode": "catmullrom"
						}
					}
				},
				"leg_part1": {
					"rotation": {
						"0.0": {
							"post": [-15, 0, 0],
							"lerp_mode": "catmullrom"
						},
						"0.3333": {
							"post": [0, 0, 0],
							"lerp_mode": "catmullrom"
						},
						"0.5": {
							"post": [10, 0, 0],
							"lerp_mode": "catmullrom"
						},
						"0.75": {
							"post": [20.94, 0, 0],
							"lerp_mode": "catmullrom"
						},
						"1.0": {
							"post": [-15, 0, 0],
							"lerp_mode": "catmullrom"
						}
					},
					"position": {
						"0.0": {
							"post": [0, 1, -2],
							"lerp_mode": "catmullrom"
						},
						"0.25": {
							"post": [0, 1, -0.11],
							"lerp_mode": "catmullrom"
						},
						"0.5": {
							"post": [0, 1, 0],
							"lerp_mode": "catmullrom"
						},
						"0.75": {
							"post": [0, 0.94, 2.76],
							"lerp_mode": "catmullrom"
						},
						"1.0": {
							"post": [0, 1, -2],
							"lerp_mode": "catmullrom"
						}
					}
				},
				"leg2": {
					"rotation": {
						"0.0": {
							"post": [0, -22.5, 0],
							"lerp_mode": "catmullrom"
						},
						"0.25": {
							"post": [-30.4882, -23.41454, -5.60999],
							"lerp_mode": "catmullrom"
						},
						"0.5": {
							"post": [-30.97641, -24.32907, -11.21998],
							"lerp_mode": "catmullrom"
						},
						"0.6667": {
							"post": [-23.20518, -23.821, -8.10332],
							"lerp_mode": "catmullrom"
						},
						"1.0": {
							"post": [0, -22.5, 0],
							"lerp_mode": "catmullrom"
						}
					},
					"position": {
						"0.0": {
							"post": [0, -1, 0],
							"lerp_mode": "catmullrom"
						},
						"0.3333": {
							"post": [5.63, 1.81, -9.74],
							"lerp_mode": "catmullrom"
						},
						"0.5": {
							"post": [8, 3, -11],
							"lerp_mode": "catmullrom"
						},
						"0.75": {
							"post": [3.8, -1.1, -3.97],
							"lerp_mode": "catmullrom"
						},
						"1.0": {
							"post": [0, -1, 0],
							"lerp_mode": "catmullrom"
						}
					}
				},
				"leg_part2": {
					"rotation": {
						"0.0": {
							"post": [10, 0, 0],
							"lerp_mode": "catmullrom"
						},
						"0.3333": {
							"post": [14.91, 0, 0],
							"lerp_mode": "catmullrom"
						},
						"0.5": {
							"post": [-15, 0, 0],
							"lerp_mode": "catmullrom"
						},
						"0.75": {
							"post": [17.82, 0, 0],
							"lerp_mode": "catmullrom"
						},
						"1.0": {
							"post": [10, 0, 0],
							"lerp_mode": "catmullrom"
						}
					},
					"position": {
						"0.0": {
							"post": [0, 1, 0],
							"lerp_mode": "catmullrom"
						},
						"0.3333": {
							"post": [0, 1, 1.59],
							"lerp_mode": "catmullrom"
						},
						"0.5": {
							"post": [0, 1, -2],
							"lerp_mode": "catmullrom"
						},
						"0.75": {
							"post": [0, 1, 1.68],
							"lerp_mode": "catmullrom"
						},
						"1.0": {
							"post": [0, 1, 0],
							"lerp_mode": "catmullrom"
						}
					}
				},
				"leg_mini2": {
					"rotation": {
						"0.0": {
							"post": [-10, 0, 0],
							"lerp_mode": "catmullrom"
						}
					}
				},
				"torso": {
					"rotation": [-0.78795, "-17.4828066601+math.sin(q.anim_time*90*4+180)*8", "2.6211575162*math.sin(q.anim_time*90*4+180)*2.8"],
					"position": {
						"0.0": {
							"post": [0, -1, 0],
							"lerp_mode": "catmullrom"
						}
					}
				},
				"head": {
					"rotation": ["7.5*math.sin(query.anim_time*90*4+90)*2", "0*math.sin(query.anim_time*90*4+90)*4", "0*math.cos(query.anim_time*90*4+180)*4"]
				},
				"ear1": {
					"rotation": [0, "0+math.sin(query.anim_time*90*4+180)*8", 0]
				},
				"hand1": {
					"rotation": {
						"0.0": {
							"post": [0, 0, 0],
							"lerp_mode": "catmullrom"
						},
						"0.5": {
							"post": [0, 45, 0],
							"lerp_mode": "catmullrom"
						},
						"1.0": {
							"post": [0, 0, 0],
							"lerp_mode": "catmullrom"
						}
					},
					"position": {
						"0.0": {
							"post": [-1, 0, 0],
							"lerp_mode": "catmullrom"
						},
						"1.0": {
							"post": [-1, 0, 0],
							"lerp_mode": "catmullrom"
						}
					}
				},
				"hand_part1": {
					"rotation": {
						"0.0": {
							"post": [-180, 0, -37.5],
							"lerp_mode": "catmullrom"
						}
					},
					"position": {
						"0.0": {
							"post": [0, 1, 0],
							"lerp_mode": "catmullrom"
						}
					}
				},
				"hand_mini1": {
					"rotation": {
						"0.0": {
							"post": [0, 0, 90],
							"lerp_mode": "catmullrom"
						}
					},
					"position": {
						"0.0": {
							"post": [-2, -3, 0],
							"lerp_mode": "catmullrom"
						}
					}
				},
				"fist1": {
					"rotation": {
						"0.0": {
							"post": [0, 0, -40],
							"lerp_mode": "catmullrom"
						}
					},
					"position": {
						"0.0": {
							"post": [2, 7, 0],
							"lerp_mode": "catmullrom"
						}
					}
				},
				"hand2": {
					"rotation": {
						"0.0": {
							"post": [0, 15, 0],
							"lerp_mode": "catmullrom"
						},
						"0.5": {
							"post": [0, 37.5, 0],
							"lerp_mode": "catmullrom"
						},
						"1.0": {
							"post": [0, 15, 0],
							"lerp_mode": "catmullrom"
						}
					}
				},
				"hand_part2": {
					"rotation": {
						"0.0": {
							"post": [0, 0, 27.5],
							"lerp_mode": "catmullrom"
						},
						"0.5": {
							"post": [0, 0, -10],
							"lerp_mode": "catmullrom"
						},
						"1.0": {
							"post": [0, 0, 27.5],
							"lerp_mode": "catmullrom"
						}
					},
					"position": {
						"0.0": {
							"post": [0, 1, 0],
							"lerp_mode": "catmullrom"
						},
						"0.5": {
							"post": [0, -1, 0],
							"lerp_mode": "catmullrom"
						},
						"1.0": {
							"post": [0, 1, 0],
							"lerp_mode": "catmullrom"
						}
					}
				},
				"hand_mini2": {
					"rotation": {
						"0.0": {
							"post": [0, 32.5, 0],
							"lerp_mode": "catmullrom"
						}
					},
					"position": {
						"0.0": {
							"post": [0, 0, 1],
							"lerp_mode": "catmullrom"
						}
					}
				},
				"stick": {
					"rotation": {
						"0.0": {
							"post": [0, 0, -27.5],
							"lerp_mode": "catmullrom"
						}
					},
					"position": {
						"0.0": {
							"post": [8, 6, 0],
							"lerp_mode": "catmullrom"
						}
					}
				},
				"leg_mini1": {
					"rotation": {
						"0.0": [0, 0, 0],
						"0.25": [-5, 0, 0],
						"0.3333": [-4.44, 0, 0],
						"1.0": [0, 0, 0]
					}
				}
			}
		},
		"animation.mr_rime.ground_walk_test": {
			"loop": true,
			"animation_length": 1,
			"bones": {
				"leg1": {
					"rotation": {
						"0.0": {
							"post": [-30.97641, 24.32907, 11.21998],
							"lerp_mode": "catmullrom"
						},
						"0.25": {
							"post": [22.0118, 23.41454, 5.60999],
							"lerp_mode": "catmullrom"
						},
						"0.5": {
							"post": [0, 22.5, 0],
							"lerp_mode": "catmullrom"
						},
						"0.6667": {
							"post": [-30.549, 23.00808, 3.11666],
							"lerp_mode": "catmullrom"
						},
						"1.0": {
							"post": [-30.97641, 24.32907, 11.21998],
							"lerp_mode": "catmullrom"
						}
					},
					"position": {
						"0.0": {
							"post": [-4, 3, -15],
							"lerp_mode": "catmullrom"
						},
						"0.3333": {
							"post": [-1.59, -1.41, -2.95],
							"lerp_mode": "catmullrom"
						},
						"0.5": {
							"post": [0, -1, 0],
							"lerp_mode": "catmullrom"
						},
						"0.75": {
							"post": [-2.05, 2.3, -10.07],
							"lerp_mode": "catmullrom"
						},
						"1.0": {
							"post": [-4, 3, -15],
							"lerp_mode": "catmullrom"
						}
					}
				},
				"leg_part1": {
					"rotation": {
						"0.0": {
							"post": [-15, 0, 0],
							"lerp_mode": "catmullrom"
						},
						"0.25": {
							"post": [-10, 0, 0],
							"lerp_mode": "catmullrom"
						},
						"0.5": {
							"post": [10, 0, 0],
							"lerp_mode": "catmullrom"
						},
						"0.75": {
							"post": [20.94, 0, 0],
							"lerp_mode": "catmullrom"
						},
						"1.0": {
							"post": [-15, 0, 0],
							"lerp_mode": "catmullrom"
						}
					},
					"position": {
						"0.0": {
							"post": [0, 1, -2],
							"lerp_mode": "catmullrom"
						},
						"0.3333": {
							"post": [0, 1, -0.11],
							"lerp_mode": "catmullrom"
						},
						"0.5": {
							"post": [0, 1, 0],
							"lerp_mode": "catmullrom"
						},
						"0.75": {
							"post": [0, 0.94, 2.76],
							"lerp_mode": "catmullrom"
						},
						"1.0": {
							"post": [0, 1, -2],
							"lerp_mode": "catmullrom"
						}
					}
				},
				"leg2": {
					"rotation": {
						"0.0": {
							"post": [0, -22.5, 0],
							"lerp_mode": "catmullrom"
						},
						"0.25": {
							"post": [-30.4882, -23.41454, -5.60999],
							"lerp_mode": "catmullrom"
						},
						"0.5": {
							"post": [-30.97641, -24.32907, -11.21998],
							"lerp_mode": "catmullrom"
						},
						"0.6667": {
							"post": [-23.20518, -23.821, -8.10332],
							"lerp_mode": "catmullrom"
						},
						"1.0": {
							"post": [0, -22.5, 0],
							"lerp_mode": "catmullrom"
						}
					},
					"position": {
						"0.0": {
							"post": [0, -1, 0],
							"lerp_mode": "catmullrom"
						},
						"0.3333": {
							"post": [5.63, 1.81, -9.74],
							"lerp_mode": "catmullrom"
						},
						"0.5": {
							"post": [8, 3, -11],
							"lerp_mode": "catmullrom"
						},
						"0.75": {
							"post": [3.8, -1.1, -3.97],
							"lerp_mode": "catmullrom"
						},
						"1.0": {
							"post": [0, -1, 0],
							"lerp_mode": "catmullrom"
						}
					}
				},
				"leg_part2": {
					"rotation": {
						"0.0": {
							"post": [10, 0, 0],
							"lerp_mode": "catmullrom"
						},
						"0.3333": {
							"post": [14.91, 0, 0],
							"lerp_mode": "catmullrom"
						},
						"0.5": {
							"post": [-15, 0, 0],
							"lerp_mode": "catmullrom"
						},
						"0.75": {
							"post": [17.82, 0, 0],
							"lerp_mode": "catmullrom"
						},
						"1.0": {
							"post": [10, 0, 0],
							"lerp_mode": "catmullrom"
						}
					},
					"position": {
						"0.0": {
							"post": [0, 1, 0],
							"lerp_mode": "catmullrom"
						},
						"0.3333": {
							"post": [0, 1, 1.59],
							"lerp_mode": "catmullrom"
						},
						"0.5": {
							"post": [0, 1, -2],
							"lerp_mode": "catmullrom"
						},
						"0.75": {
							"post": [0, 1, 1.68],
							"lerp_mode": "catmullrom"
						},
						"1.0": {
							"post": [0, 1, 0],
							"lerp_mode": "catmullrom"
						}
					}
				},
				"leg_mini2": {
					"rotation": {
						"0.0": {
							"post": [-10, 0, 0],
							"lerp_mode": "catmullrom"
						}
					}
				},
				"torso": {
					"rotation": [-0.78795, "-17.4828066601+math.sin(q.anim_time*90*4+180)*8", "2.6211575162*math.sin(q.anim_time*90*4+180)*2.8"],
					"position": {
						"0.0": {
							"post": [0, -1, 0],
							"lerp_mode": "catmullrom"
						}
					}
				},
				"head": {
					"rotation": ["7.5*math.sin(query.anim_time*90*4+90)*2", "0*math.sin(query.anim_time*90*4+90)*4", "0*math.cos(query.anim_time*90*4+180)*4"]
				},
				"ear1": {
					"rotation": [0, "0+math.sin(query.anim_time*90*4+180)*8", 0]
				},
				"hand1": {
					"rotation": {
						"0.0": {
							"post": [0, 0, 0],
							"lerp_mode": "catmullrom"
						},
						"0.5": {
							"post": [0, 45, 0],
							"lerp_mode": "catmullrom"
						},
						"1.0": {
							"post": [0, 0, 0],
							"lerp_mode": "catmullrom"
						}
					},
					"position": {
						"0.0": {
							"post": [-1, 0, 0],
							"lerp_mode": "catmullrom"
						},
						"1.0": {
							"post": [-1, 0, 0],
							"lerp_mode": "catmullrom"
						}
					}
				},
				"hand_part1": {
					"rotation": {
						"0.0": {
							"post": [-180, 0, -37.5],
							"lerp_mode": "catmullrom"
						}
					},
					"position": {
						"0.0": {
							"post": [0, 1, 0],
							"lerp_mode": "catmullrom"
						}
					}
				},
				"hand_mini1": {
					"rotation": {
						"0.0": {
							"post": [0, 0, 90],
							"lerp_mode": "catmullrom"
						}
					},
					"position": {
						"0.0": {
							"post": [-2, -3, 0],
							"lerp_mode": "catmullrom"
						}
					}
				},
				"fist1": {
					"rotation": {
						"0.0": {
							"post": [0, 0, -40],
							"lerp_mode": "catmullrom"
						}
					},
					"position": {
						"0.0": {
							"post": [2, 7, 0],
							"lerp_mode": "catmullrom"
						}
					}
				},
				"hand2": {
					"rotation": {
						"0.0": {
							"post": [0, 15, 0],
							"lerp_mode": "catmullrom"
						},
						"0.5": {
							"post": [0, 37.5, 0],
							"lerp_mode": "catmullrom"
						},
						"1.0": {
							"post": [0, 15, 0],
							"lerp_mode": "catmullrom"
						}
					}
				},
				"hand_part2": {
					"rotation": {
						"0.0": {
							"post": [0, 0, 27.5],
							"lerp_mode": "catmullrom"
						},
						"0.5": {
							"post": [0, 0, -10],
							"lerp_mode": "catmullrom"
						},
						"1.0": {
							"post": [0, 0, 27.5],
							"lerp_mode": "catmullrom"
						}
					},
					"position": {
						"0.0": {
							"post": [0, 1, 0],
							"lerp_mode": "catmullrom"
						},
						"0.5": {
							"post": [0, -1, 0],
							"lerp_mode": "catmullrom"
						},
						"1.0": {
							"post": [0, 1, 0],
							"lerp_mode": "catmullrom"
						}
					}
				},
				"hand_mini2": {
					"rotation": {
						"0.0": {
							"post": [0, 32.5, 0],
							"lerp_mode": "catmullrom"
						}
					},
					"position": {
						"0.0": {
							"post": [0, 0, 1],
							"lerp_mode": "catmullrom"
						}
					}
				},
				"stick": {
					"rotation": {
						"0.0": {
							"post": [0, 0, -27.5],
							"lerp_mode": "catmullrom"
						}
					},
					"position": {
						"0.0": {
							"post": [8, 6, 0],
							"lerp_mode": "catmullrom"
						}
					}
				},
				"leg_mini1": {
					"rotation": {
						"0.0": [0, 0, 0],
						"0.25": [-5, 0, 0],
						"0.3333": [-9.44, 0, 0],
						"1.0": [0, 0, 0]
					}
				},
				"body": {
					"position": [0, 0, "-0-q.anim_time*90*0.3"]
				}
			}
		},
		"animation.mr_rime.ground_idle": {
			"loop": true,
			"bones": {
				"leg1": {
					"rotation": [0, 22.5, 0]
				},
				"leg_part1": {
					"rotation": [12.5, 0, 0],
					"position": [0, 1, 1]
				},
				"leg_mini1": {
					"rotation": [-7.5, 0, 0]
				},
				"leg2": {
					"rotation": [0, -22.5, 0]
				},
				"leg_part2": {
					"rotation": [12.5, 0, 0],
					"position": [0, 1, 1]
				},
				"leg_mini2": {
					"rotation": [-7.5, 0, 0]
				},
				"torso": {
					"rotation": ["0+math.cos(query.anim_time*90*4+180)*2", "-10+math.sin(q.anim_time*90*4+180)*2", 0],
					"position": [0, "-1-math.cos(q.anim_time*90*0.5*10)*0.2", 0]
				},
				"head": {
					"rotation": ["5+math.sin(q.anim_time*90*4+90)*2", 0, 0]
				},
				"hand1": {
					"rotation": [0, "0+math.sin(q.anim_time*90*3)*6", 0],
					"position": {
						"0.0": {
							"post": [-1, 0, 0],
							"lerp_mode": "catmullrom"
						}
					}
				},
				"hand_part1": {
					"rotation": {
						"0.0": {
							"post": [-180, 0, -37.5],
							"lerp_mode": "catmullrom"
						}
					},
					"position": {
						"0.0": {
							"post": [0, 1, 0],
							"lerp_mode": "catmullrom"
						}
					}
				},
				"hand_mini1": {
					"rotation": {
						"0.0": {
							"post": [0, 0, 90],
							"lerp_mode": "catmullrom"
						}
					},
					"position": {
						"0.0": {
							"post": [-2, -3, 0],
							"lerp_mode": "catmullrom"
						}
					}
				},
				"fist1": {
					"rotation": {
						"0.0": {
							"post": [0, 0, -40],
							"lerp_mode": "catmullrom"
						}
					},
					"position": {
						"0.0": {
							"post": [3, 6, 0],
							"lerp_mode": "catmullrom"
						}
					}
				},
				"hand2": {
					"rotation": [0, "15+math.sin(q.anim_time*90*4+180)*6", "math.cos((query.anim_time)*90*4+180)*2"]
				},
				"hand_part2": {
					"rotation": {
						"0.0": {
							"post": [0, 0, 27.5],
							"lerp_mode": "catmullrom"
						}
					},
					"position": {
						"0.0": {
							"post": [0, 1, 0],
							"lerp_mode": "catmullrom"
						}
					}
				},
				"hand_mini2": {
					"rotation": {
						"0.0": {
							"post": [0, 32.5, 0],
							"lerp_mode": "catmullrom"
						}
					},
					"position": {
						"0.0": {
							"post": [0, 0, 1],
							"lerp_mode": "catmullrom"
						}
					}
				},
				"stick": {
					"rotation": [0, 0, -27.5],
					"position": [8, 5, 0]
				},
				"ear1": {
					"rotation": [0, "math.sin(q.anim_time*90*4)*3", 0]
				},
				"ear2": {
					"rotation": [0, "math.sin(q.anim_time*90*4)*3", 0]
				},
				"legs": {
					"rotation": [-5, 0, 0],
					"position": [0, 0, -3]
				}
			}
		},
		"animation.mr_rime.battle_idle": {
			"loop": true,
			"bones": {
				"leg1": {
					"rotation": [0, 25, 0]
				},
				"leg2": {
					"rotation": [15, -17.5, 0]
				},
				"leg_part2": {
					"rotation": [-15, 0, 0],
					"position": [0, 1, -2]
				},
				"torso": {
					"rotation": ["0+math.sin(q.anim_time*90*12/3+90)*2", "-10+math.cos(query.anim_time*90*4+90)*3", "0+math.sin(q.anim_time*90*4+180)*1"],
					"position": [0, -2, 0]
				},
				"eye_torso1": {
					"position": [0, 0, 2]
				},
				"eye_torso_pupiled1": {
					"position": [0, 0, -3]
				},
				"eye_torso_pupiled_mini1": {
					"position": [0, 0, 2]
				},
				"eye_torso2": {
					"position": [0, 0, 2]
				},
				"eye_torso_pupiled2": {
					"position": [0, 0, -3]
				},
				"eye_torso_pupiled_mini2": {
					"position": [0, 0, 2]
				},
				"torso2": {
					"rotation": [5, 0, 0],
					"position": [0, 0, 2]
				},
				"head": {
					"rotation": ["-5.0767330166+math.sin(q.anim_time*90*4+90)*3", "-9.9615580981+math.cos(query.anim_time*90*12/3+90)*4", 0.88045]
				},
				"hand1": {
					"rotation": [0, -15, -22.5]
				},
				"hand_part1": {
					"rotation": [-180, 0, 0]
				},
				"hand_mini1": {
					"rotation": [0, 0, 95],
					"position": [-3, -3, 0]
				},
				"fist1": {
					"position": [3, 0, 0]
				},
				"hand2": {
					"rotation": [8.49878, 28.87909, 17.19212]
				},
				"hand_part2": {
					"rotation": [0, "0+math.sin(q.anim_time*90*4+90)*2", "0+math.sin(q.anim_time*90*4+190)*2"]
				},
				"hand_mini2": {
					"rotation": [0, 12.5, 17.5],
					"position": [0, 1, 0.5]
				},
				"stick": {
					"rotation": [0, 0, -32.5],
					"position": [8, 7, 0]
				}
			}
		}
	}
}