{
    "enabled": true,
    "neededInstalledMods": [],
    "neededUninstalledMods": [],
    "spawns": [
        {
            "id": "mrmime-1",
            "pokemon": "mrmime galarian=true",
            "presets": [
                "natural"
            ],
            "type": "pokemon",
            "context": "grounded",
            "bucket": "rare",
            "level": "32-42",
            "weight": 6.5,
            "condition": {
                "canSeeSky": true,
                "biomes": [
                    "#cobblemon:is_tundra",
                    "minecraft:snowy_plains",
                    "#cobblemon:is_snowy_forest",
                    "minecraft:ice_spikes"
                ]
            }
        }
    ]
 }