{
    "enabled": true,
    "neededInstalledMods": [],
    "neededUninstalledMods": [],
    "spawns": [
        {
            "id": "drilbur-1",
            "pokemon": "drilbur",
            "presets": [ "natural" ],
            "type": "pokemon",
            "context": "grounded",
            "bucket": "common",
            "level": "5-27",
            "weight": 7.6,
            "condition": {
                "biomes": [
                    "#cobblemon:is_savanna"
                    

                ]
            }
        },
        {
            "id": "drilbur-2",
            "pokemon": "drilbur",
            "presets": [ "natural" ],
            "type": "pokemon",
            "context": "grounded",
            "bucket": "common",
            "level": "8-29",
            "weight": 7.6,
            "condition": {
                "biomes": [
                    "#cobblemon:is_desert"

                ]
            }
        },
        {
            "id": "drilbur-3",
            "pokemon": "drilbur",
            "presets": [
                "natural"
            ],
            "type": "pokemon",
            "context": "grounded",
            "bucket": "common",
            "level": "8-27",
            "weight": 7.0,
            "condition": {
                "biomes": [
                    "#cobblemon:is_cave"
                ]
                
            },
            "anticondition": {
                "biomes": [
                    "#cobblemon:is_cave"
                ]
            }
        }
    ]
}