{
    "enabled": true,
    "neededInstalledMods": [],
    "neededUninstalledMods": [],
    "spawns": [
        {
            "id": "heliolisk-1",
            "pokemon": "heliolisk",
            "presets": [ "natural" ],
            "type": "pokemon",
            "context": "grounded",
            "bucket": "ultra-rare",
            "level": "30-42",
            "weight": 7.6,
            "condition": {
                "biomes": [
                    "#cobblemon:is_desert"
                    

                ]
            }
        },
        {
            "id": "heliolisk-2",
            "pokemon": "heliolisk",
            "presets": [ "natural" ],
            "type": "pokemon",
            "context": "grounded",
            "bucket": "rare",
            "level": "30-42",
            "weight": 7.6,
            "condition": {
                            "isRaining": false,
                            "timeRange": "day",    
                "biomes": [
                    "#cobblemon:is_savanna"
                    

                ]
            }
        }
    ]
 
}