{
    "enabled": true,
    "neededInstalledMods": [],
    "neededUninstalledMods": [],
    "spawns": [
        {
            "id": "skwovet-1",
            "pokemon": "skwovet",
            "presets": [ "natural" ],
            "type": "pokemon",
            "context": "grounded",
            "bucket": "common",
            "level": "7-27",
            "weight": 7.6,
            "condition": {
                "biomes": [
                    "#cobblemon:is_forest"
                    

                ]
            }
        },
        {
            "id": "skwovet-2",
            "pokemon": "skwovet",
            "presets": [ "natural" ],
            "type": "pokemon",
            "context": "grounded",
            "bucket": "common",
            "level": "5-24",
            "weight": 7.6,
            "condition": {
                "biomes": [
                    "#cobblemon:is_taiga"
                    

                ]
            }
        }
    ]
 
}