{
    "enabled": true,
    "neededInstalledMods": [],
    "neededUninstalledMods": [],
    "spawns": [
        {
            "id": "drednaw-6",
            "pokemon": "drednaw",
            "presets": [ "natural" ],
            "type": "pokemon",
            "context": "grounded",
            "bucket": "rare",
            "level": "35-47",
            "weight": 7.6,
            "condition": {
                "biomes": [
                    "#cobblemon:is_swamp"
                    

                ]
            }
        },
        {
            "id": "drednaw-7",
            "pokemon": "drednaw",
            "presets": [ "natural" ],
            "type": "pokemon",
            "context": "grounded",
            "bucket": "rare",
            "level": "32-45",
            "weight": 7.6,
            "condition": {
                "biomes": [
                    "#cobblemon:is_river"
                    

                ]
            }
        }
    ]
 
}