{
    "enabled": true,
    "neededInstalledMods": [],
    "neededUninstalledMods": [],
    "spawns": [
        {
            "id": "rolycoly-1",
            "pokemon": "rolycoly",
            "presets": [
                "natural"
            ],
            "type": "pokemon",
            "context": "grounded",
            "bucket": "common",
            "level": "8-24",
            "weight": 8,
            "condition": {
                "biomes": [
                    "#cobblemon:is_mountain"

                ]
            }
        },
        {
            "id": "rolycoly-2",
            "pokemon": "rolycoly",
            "presets": [
                "natural"
            ],
            "type": "pokemon",
            "context": "grounded",
            "bucket": "common",
            "level": "8-27",
            "weight": 7.0,
            "condition": {
                "biomes": [
                    "#cobblemon:is_overworld",
                    "#cobblemon:is_cave"
                 ],
                "neededNearbyBlocks": [
                    "minecraft:coal_ore"
                ]
            },
            "anticondition": {
                "biomes": [
                    "#cobblemon:is_cave",
                    "#cobblemon:is_mountain"
                ]
            }
        }
    ]
}