{
  "enabled": true,
  "neededInstalledMods": [],
  "neededUninstalledMods": [],
  "spawns": [
      {
          "id": "toxtricity-1",
          "pokemon": "toxtricity",
          "presets": [ "natural" ],
          "type": "pokemon",
          "context": "grounded",
          "bucket": "rare",
          "level": "30-42",
          "weight": 7.6,
          "condition": {
              "biomes": [
                  "#cobblemon:is_swamp"
                  

              ]
          }
      },
      {
          "id": "toxtricity-2",
          "pokemon": "toxtricity",
          "presets": [ "natural" ],
          "type": "pokemon",
          "context": "grounded",
          "bucket": "rare",
          "level": "30-42",
          "weight": 7.6,
          "condition": {
              "biomes": [
                  "#cobblemon:is_swamp"
                  

              ]
          }
      }
  ]

}