{
    "enabled": true,
    "neededInstalledMods": [],
    "neededUninstalledMods": [],
    "spawns": [
        {
            "id": "grapploct-1",
            "pokemon": "grapploct",
            "type": "pokemon",
            "context": "fishing",
            "bucket": "rare",
            "level": "37-49",
            "weight": 7,
            "condition": {
                "biomes": [
                    "#cobblemon:is_overworld"
                ]
            },
            "anticondition": {
                "biomes": [
                    "#cobblemon:is_ocean"
                ]
            }
        },
        {
            "id": "grapploct-2",
            "pokemon": "grapploct",
            "presets": [
                "natural",
                "water"
            ],
            "type": "pokemon",
            "context": "grounded",
            "bucket": "rare",
            "level": "35-47",
            "weight": 8,
            "condition": {
                "biomes": [
                    "#cobblemon:is_overworld"

                ],
                "neededNearbyBlocks": [
                    "minecraft:water"
                ]
                
            }
        },
        {
            "id": "grapploct-3",
            "pokemon": "grapploct",
            "presets": [
                "water"
            ],
            "type": "pokemon",
            "context": "submerged",
            "bucket": "rare",
            "level": "30-42",
            "weight": 5.4,
            "condition": {
                "canSeeSky": true,
                "biomes": [
                    "#cobblemon:is_overworld"
                ]
            },
            "anticondition": {
                "biomes": [
                    "#cobblemon:is_freezing"
                ]
            }
        }
       
        
    ]
}