{
    "enabled": true,
    "neededInstalledMods": [],
    "neededUninstalledMods": [],
    "spawns": [
        {
            "id": "lokix-1",
            "pokemon": "lokix",
            "presets": [ "natural" ],
            "type": "pokemon",
            "context": "grounded",
            "bucket": "rare",
            "level": "29-34",
            "weight": 7.6,
            "condition": {
                "biomes": [
                    "#cobblemon:is_forest"
                    

                ]
            }
        },
        {
            "id": "lokix-2",
            "pokemon": "lokix",
            "presets": [ "natural" ],
            "type": "pokemon",
            "context": "grounded",
            "bucket": "rare",
            "level": "29-34",
            "weight": 7.6,
            "condition": {
                "biomes": [
                    "#cobblemon:is_plains"
                    

                ]
            }
        }
    ]
 
}