{
	"format_version": "1.12.0",
	"minecraft:geometry": [
		{
			"description": {
				"identifier": "geometry.greedent",
				"texture_width": 128,
				"texture_height": 128,
				"visible_bounds_width": 5,
				"visible_bounds_height": 3.5,
				"visible_bounds_offset": [0, 1.25, 0]
			},
			"bones": [
				{
					"name": "greendent",
					"pivot": [0, 0, 0]
				},
				{
					"name": "allbody",
					"parent": "greendent",
					"pivot": [0, 0, 0]
				},
				{
					"name": "legs",
					"parent": "allbody",
					"pivot": [0, 0, -1]
				},
				{
					"name": "leg1",
					"parent": "legs",
					"pivot": [2, 0, -1],
					"cubes": [
						{"origin": [4, 1, -6], "size": [4, 7, 9], "uv": [0, 75]}
					]
				},
				{
					"name": "legmini1",
					"parent": "leg1",
					"pivot": [2, 0, -1]
				},
				{
					"name": "legparte1",
					"parent": "legmini1",
					"pivot": [2, 0, -1],
					"cubes": [
						{"origin": [4, 0, -7], "size": [3, 1, 6], "uv": [82, 61]}
					]
				},
				{
					"name": "leg2",
					"parent": "legs",
					"pivot": [-2, 0, -1],
					"cubes": [
						{"origin": [-8, 1, -6], "size": [4, 7, 9], "uv": [0, 75], "mirror": true}
					]
				},
				{
					"name": "legmini2",
					"parent": "leg2",
					"pivot": [-2, 0, -1]
				},
				{
					"name": "legparte2",
					"parent": "legmini2",
					"pivot": [-2, 0, -1],
					"cubes": [
						{"origin": [-7, 0, -7], "size": [3, 1, 6], "uv": [82, 61], "mirror": true}
					]
				},
				{
					"name": "torso",
					"parent": "allbody",
					"pivot": [0, -1, 0],
					"cubes": [
						{"origin": [-6.5, 2, -7], "size": [13, 10, 12], "uv": [0, 35]}
					]
				},
				{
					"name": "belly_fluff_left",
					"parent": "torso",
					"pivot": [2.5, 2.5, -7.5],
					"rotation": [0, 17.5, -22.5],
					"cubes": [
						{"origin": [2.5, 2.5, -7], "size": [5, 3, 0], "uv": [118, 125]}
					]
				},
				{
					"name": "belly_fluff_right",
					"parent": "torso",
					"pivot": [-2.5, 2.5, -7.5],
					"rotation": [0, -17.5, 22.5],
					"cubes": [
						{"origin": [-7.5, 2.5, -7], "size": [5, 3, 0], "uv": [118, 125], "mirror": true}
					]
				},
				{
					"name": "head",
					"parent": "torso",
					"pivot": [0, 12, -1],
					"cubes": [
						{"origin": [-5, 12, -6], "size": [10, 5, 10], "uv": [42, 61]},
						{"origin": [-4.5, 16, -5], "size": [9, 5, 8], "uv": [74, 16]}
					]
				},
				{
					"name": "bigotes",
					"parent": "head",
					"pivot": [-1, 7, -1]
				},
				{
					"name": "bigote1",
					"parent": "bigotes",
					"pivot": [-1, 7, -3],
					"cubes": [
						{"origin": [-10, 11, -7.1], "size": [5, 6, 0], "pivot": [-2, 0, -1], "rotation": [0, 12.5, 10], "uv": [0, 0]}
					]
				},
				{
					"name": "bigote2",
					"parent": "bigotes",
					"pivot": [1, 7, -3],
					"cubes": [
						{"origin": [5, 11, -7.1], "size": [5, 6, 0], "pivot": [2, 0, -1], "rotation": [0, -12.5, -10], "uv": [0, 0], "mirror": true}
					]
				},
				{
					"name": "nose",
					"parent": "head",
					"pivot": [0, 18, -7],
					"cubes": [
						{"origin": [-2, 15, -6.5], "size": [3, 2, 2], "pivot": [-2, 14, -7], "rotation": [0, 0, -20], "uv": [91, 29]},
						{"origin": [-1, 15, -6.5], "size": [3, 2, 2], "pivot": [2, 14, -7], "rotation": [0, 0, 20], "uv": [0, 91]},
						{"origin": [-1.5, 16, -7], "size": [3, 2, 2], "uv": [77, 91]},
						{"origin": [-1, 17.2, -7.5], "size": [2, 1, 1], "uv": [96, 38]}
					]
				},
				{
					"name": "horejas",
					"parent": "head",
					"pivot": [-1, -12, -1]
				},
				{
					"name": "horeja1",
					"parent": "horejas",
					"pivot": [-10, -13, 1],
					"rotation": [0, 0, 7.5],
					"cubes": [
						{"origin": [-3, 21, -2], "size": [2, 3, 2], "uv": [40, 92]},
						{"origin": [8.3, 24, -1], "size": [1, 2, 0], "pivot": [5, -4, -1], "rotation": [0, 0, -22.5], "uv": [96, 42]},
						{"origin": [-13.3, 24, -1], "size": [1, 2, 0], "pivot": [-9, -4, -1], "rotation": [0, 0, 22.5], "uv": [96, 48]}
					]
				},
				{
					"name": "horeja2",
					"parent": "horejas",
					"pivot": [10, -13, 1],
					"rotation": [0, 0, -7.5],
					"cubes": [
						{"origin": [1, 21, -2], "size": [2, 3, 2], "uv": [40, 92], "mirror": true},
						{"origin": [-9.3, 24, -1], "size": [1, 2, 0], "pivot": [-5, -4, -1], "rotation": [0, 0, 22.5], "uv": [96, 42], "mirror": true},
						{"origin": [12.3, 24, -1], "size": [1, 2, 0], "pivot": [9, -4, -1], "rotation": [0, 0, -22.5], "uv": [96, 48], "mirror": true}
					]
				},
				{
					"name": "eyes",
					"parent": "head",
					"pivot": [0, -10, 0]
				},
				{
					"name": "eye1",
					"parent": "eyes",
					"pivot": [0, -10, 0],
					"cubes": [
						{"origin": [-3, 17, -5.02], "size": [2, 3, 0], "uv": [84, 95]}
					]
				},
				{
					"name": "eye_pupiled1",
					"parent": "eye1",
					"pivot": [0, -10, 0],
					"cubes": [
						{"origin": [-2.65, 17.4, -5.03], "size": [1.25, 2, 0], "uv": [96, 44]}
					]
				},
				{
					"name": "eyebrow1",
					"parent": "eye1",
					"pivot": [2, 19, -2],
					"cubes": [
						{"origin": [2, 19, -3.04], "size": [1, 1, 0], "uv": [26, 75]}
					]
				},
				{
					"name": "eye_happy1",
					"parent": "eye1",
					"pivot": [-2, 18, -2],
					"cubes": [
						{"origin": [-3, 18, -3.05], "size": [1, 1, 0], "uv": [28, 75]},
						{"origin": [-4, 17.5, -3.05], "size": [1, 1, 0], "uv": [30, 75]},
						{"origin": [-2, 17.5, -3.05], "size": [1, 1, 0], "uv": [32, 75]}
					]
				},
				{
					"name": "eye_hurt1",
					"parent": "eye1",
					"pivot": [0, -10, 1],
					"cubes": [
						{"origin": [-3, 17, -4.01], "size": [2, 2, 0], "uv": [100, 16], "mirror": true}
					]
				},
				{
					"name": "eye2",
					"parent": "eyes",
					"pivot": [0, -10, 0],
					"cubes": [
						{"origin": [1, 17, -5.02], "size": [2, 3, 0], "uv": [8, 96]}
					]
				},
				{
					"name": "eye_pupuiled2",
					"parent": "eye2",
					"pivot": [0, -10, 0],
					"cubes": [
						{"origin": [1.35, 17.4, -5.03], "size": [1.25, 2, 0], "uv": [96, 46]}
					]
				},
				{
					"name": "eyebrow2",
					"parent": "eye2",
					"pivot": [-2, 19, -3],
					"cubes": [
						{"origin": [-3, 19, -4.04], "size": [1, 1, 0], "uv": [34, 75]}
					]
				},
				{
					"name": "eye_happy2",
					"parent": "eye2",
					"pivot": [2, 18, -2],
					"cubes": [
						{"origin": [2, 18, -3.05], "size": [1, 1, 0], "uv": [36, 75]},
						{"origin": [3, 17.5, -3.05], "size": [1, 1, 0], "uv": [38, 75]},
						{"origin": [1, 17.5, -3.05], "size": [1, 1, 0], "uv": [40, 75]}
					]
				},
				{
					"name": "eye_hurt2",
					"parent": "eye2",
					"pivot": [0, -10, 1],
					"cubes": [
						{"origin": [1, 17, -4.01], "size": [2, 2, 0], "uv": [100, 16]}
					]
				},
				{
					"name": "smile",
					"parent": "head",
					"pivot": [0, -7, -2]
				},
				{
					"name": "teeth",
					"parent": "smile",
					"pivot": [0, -7, -10],
					"cubes": [
						{"origin": [-1, 14, -6.05], "size": [2, 2, 0], "uv": [96, 40]}
					]
				},
				{
					"name": "mouth",
					"parent": "smile",
					"pivot": [0, 5, 8],
					"cubes": [
						{"origin": [-1.5, 13, -5.01], "size": [3, 3, 0], "uv": [0, 105]}
					]
				},
				{
					"name": "hands",
					"parent": "torso",
					"pivot": [0, -2, 5]
				},
				{
					"name": "hand1",
					"parent": "hands",
					"pivot": [1, -1, 5],
					"cubes": [
						{"origin": [-9, 10.6, -3.4], "size": [5, 3, 3], "uv": [82, 75], "mirror": true}
					]
				},
				{
					"name": "hand_mini1",
					"parent": "hand1",
					"pivot": [1, -1, 5],
					"cubes": [
						{"origin": [-13, 10.6, -3.4], "size": [4, 3, 3], "uv": [52, 86], "mirror": true}
					]
				},
				{
					"name": "hand2",
					"parent": "hands",
					"pivot": [-1, -1, 5],
					"cubes": [
						{"origin": [4, 10.6, -3.4], "size": [5, 3, 3], "uv": [82, 75]}
					]
				},
				{
					"name": "hand_mini2",
					"parent": "hand2",
					"pivot": [-1, -1, 5],
					"cubes": [
						{"origin": [9, 10.6, -3.4], "size": [4, 3, 3], "uv": [52, 86]}
					]
				},
				{
					"name": "line",
					"parent": "torso",
					"pivot": [0, -4, -1],
					"cubes": [
						{"origin": [-6, 13, 0], "size": [12, 15, 11], "pivot": [1, 2, -5], "rotation": [-17.5, 0, 0], "uv": [50, 35]},
						{"origin": [-5, 14, -4], "size": [10, 9, 7], "pivot": [-2, 3, -9], "rotation": [-40, 0, 0], "uv": [74, 0]}
					]
				},
				{
					"name": "line2",
					"parent": "line",
					"pivot": [0, -4, -1],
					"cubes": [
						{"origin": [-7, 18, 2.5], "size": [14, 12, 23], "pivot": [-2, 2, 0], "rotation": [-7.5, 0, 0], "uv": [0, 0]},
						{"origin": [-6, 7, 8.64], "size": [12, 9, 9], "pivot": [2, -15.99905, 17.45638], "rotation": [-17.5, 0, 0], "uv": [0, 57]},
						{"origin": [-5, 3, 15.5], "size": [10, 5, 5], "pivot": [1, 5.00095, 19.45638], "rotation": [-42.5, 0, 0], "uv": [52, 76]}
					]
				},
				{
					"name": "line_minis",
					"parent": "line2",
					"pivot": [0, 32, 6]
				},
				{
					"name": "bone1",
					"parent": "line2",
					"pivot": [0, -4, -1]
				},
				{
					"name": "bone4",
					"parent": "bone1",
					"pivot": [-7, 29, 21],
					"rotation": [0, 0, 25],
					"cubes": [
						{"origin": [3.5, 32.5, 10], "size": [4, 8, 0], "uv": [15, 15]}
					]
				},
				{
					"name": "bone13",
					"parent": "bone1",
					"pivot": [-18, 20, 42],
					"rotation": [-45.99297, -10.54529, 38.22858],
					"cubes": [
						{"origin": [-7.5, 18, 15], "size": [4, 8, 0], "uv": [51, 0]},
						{"origin": [15.5, 22, 15], "size": [4, 4, 0], "pivot": [12, -8, -10], "rotation": [0, 0, -37.5], "uv": [15, 0]}
					]
				},
				{
					"name": "bone11",
					"parent": "bone1",
					"pivot": [-27, 8, 5],
					"rotation": [-0.65426, 4.95712, 57.47168],
					"cubes": [
						{"origin": [-22.5, 41, 15], "size": [5, 8, 0], "uv": [108, 7]}
					]
				},
				{
					"name": "bone7",
					"parent": "bone1",
					"pivot": [29, -23, 20],
					"rotation": [0, 0, -40],
					"cubes": [
						{"origin": [32.5, 18, 21], "size": [8, 4, 0], "uv": [0, 100]},
						{"origin": [61.5, 22, 21], "size": [4, 4, 0], "pivot": [53, 4, -2], "rotation": [0, 0, -80], "uv": [73, 0]}
					]
				},
				{
					"name": "bone2",
					"parent": "bone1",
					"pivot": [22, -8, 39],
					"rotation": [47.5, 0, -40],
					"cubes": [
						{"origin": [24.5, 33, 40], "size": [8, 4, 0], "uv": [112, 0]},
						{"origin": [36.5, 28, 40], "size": [4, 4, 0], "pivot": [28, 10, 17], "rotation": [0, 0, -30], "uv": [0, 124]}
					]
				},
				{
					"name": "bone8",
					"parent": "bone1",
					"pivot": [20, 6, 42]
				},
				{
					"name": "bone16",
					"parent": "bone1",
					"pivot": [-20, 6, 42]
				},
				{
					"name": "bone3",
					"parent": "line2",
					"pivot": [0, -4, -1]
				},
				{
					"name": "bone5",
					"parent": "bone3",
					"pivot": [7, 29, 21],
					"rotation": [0, 0, -25],
					"cubes": [
						{"origin": [-7.5, 32.5, 10], "size": [4, 8, 0], "uv": [15, 15], "mirror": true}
					]
				},
				{
					"name": "bone6",
					"parent": "bone3",
					"pivot": [18, 20, 42],
					"rotation": [-45.99297, 10.54529, -38.22858],
					"cubes": [
						{"origin": [3.5, 18, 15], "size": [4, 8, 0], "uv": [51, 0], "mirror": true},
						{"origin": [-19.5, 22, 15], "size": [4, 4, 0], "pivot": [-12, -8, -10], "rotation": [0, 0, 37.5], "uv": [15, 0], "mirror": true}
					]
				},
				{
					"name": "bone9",
					"parent": "bone3",
					"pivot": [27, 8, 5],
					"rotation": [-0.65426, -4.95712, -57.47168],
					"cubes": [
						{"origin": [17.5, 41, 15], "size": [5, 8, 0], "uv": [108, 7], "mirror": true}
					]
				},
				{
					"name": "bone10",
					"parent": "bone3",
					"pivot": [-29, -23, 20],
					"rotation": [0, 0, 40],
					"cubes": [
						{"origin": [-40.5, 18, 21], "size": [8, 4, 0], "uv": [0, 100], "mirror": true},
						{"origin": [-65.5, 22, 21], "size": [4, 4, 0], "pivot": [-53, 4, -2], "rotation": [0, 0, 80], "uv": [73, 0], "mirror": true}
					]
				},
				{
					"name": "bone14",
					"parent": "bone3",
					"pivot": [-22, -8, 39],
					"rotation": [47.5, 0, 40],
					"cubes": [
						{"origin": [-32.5, 33, 40], "size": [8, 4, 0], "uv": [112, 0], "mirror": true},
						{"origin": [-40.5, 28, 40], "size": [4, 4, 0], "pivot": [-28, 10, 17], "rotation": [0, 0, 30], "uv": [0, 124], "mirror": true}
					]
				},
				{
					"name": "bone15",
					"parent": "bone3",
					"pivot": [-20, 6, 42]
				},
				{
					"name": "bone17",
					"parent": "bone3",
					"pivot": [20, 6, 42]
				}
			]
		}
	]
}