{
  "species": "cobblemon:minior",
  "order": 0,
  "variations": [
    {
      "aspects": [],
      "poser": "cobblemon:minior",
      "model": "cobblemon:minior.geo",
      "texture": "cobblemon:textures/pokemon/0774_minior/minior_red.png",
      "layers": [
        {
          "name": "emissive",
          "texture": "cobblemon:textures/pokemon/0774_minior/minior_red_core.png",
          "emissive": true,
          "translucent": true
        },
        {
          "name": "glow",
          "texture": "cobblemon:textures/pokemon/0774_minior/red_emissive.png",
          "emissive": true,
          "translucent": false
        }
      ]
    },
    {
      "aspects": [
        "core-form",
        "orange-core"
      ],
      "poser": "cobblemon:minior",
      "model": "cobblemon:minior.geo",
      "texture": "cobblemon:textures/pokemon/0774_minior/minior_orange.png",
      "layers": [
        {
          "name": "emissive",
          "texture": "cobblemon:textures/pokemon/0774_minior/minior_orange_core.png",
          "emissive": true,
          "translucent": true
        },
        {
          "name": "glow",
          "texture": "cobblemon:textures/pokemon/0774_minior/orange_emissive.png",
          "emissive": true,
          "translucent": false
        }
      ]
    },
    {
      "aspects": [
        "core-form",
        "yellow-core"
      ],
      "poser": "cobblemon:minior",
      "model": "cobblemon:minior.geo",
      "texture": "cobblemon:textures/pokemon/0774_minior/minior_yellow.png",
      "layers": [
        {
          "name": "emissive",
          "texture": "cobblemon:textures/pokemon/0774_minior/minior_yellow_core.png",
          "emissive": true,
          "translucent": true
        },
        {
          "name": "glow",
          "texture": "cobblemon:textures/pokemon/0774_minior/yellow_emissive.png",
          "emissive": true,
          "translucent": false
        }
      ]
    },
    {
      "aspects": [
        "core-form",
        "green-core"
      ],
      "poser": "cobblemon:minior",
      "model": "cobblemon:minior.geo",
      "texture": "cobblemon:textures/pokemon/0774_minior/minior_green.png",
      "layers": [
        {
          "name": "emissive",
          "texture": "cobblemon:textures/pokemon/0774_minior/minior_green_core.png",
          "emissive": true,
          "translucent": true
        },
        {
          "name": "glow",
          "texture": "cobblemon:textures/pokemon/0774_minior/green_emissive.png",
          "emissive": true,
          "translucent": false
        }
      ]
    },
    {
      "aspects": [
        "core-form",
        "blue-core"
      ],
      "poser": "cobblemon:minior",
      "model": "cobblemon:minior.geo",
      "texture": "cobblemon:textures/pokemon/0774_minior/minior_blue.png",
      "layers": [
        {
          "name": "emissive",
          "texture": "cobblemon:textures/pokemon/0774_minior/minior_blue_core.png",
          "emissive": true,
          "translucent": true
        },
        {
          "name": "glow",
          "texture": "cobblemon:textures/pokemon/0774_minior/blue_emissive.png",
          "emissive": true,
          "translucent": false
        }
      ]
    },
    {
      "aspects": [
        "core-form",
        "indigo-core"
      ],
      "poser": "cobblemon:minior",
      "model": "cobblemon:minior.geo",
      "texture": "cobblemon:textures/pokemon/0774_minior/minior_indigo.png",
      "layers": [
        {
          "name": "emissive",
          "texture": "cobblemon:textures/pokemon/0774_minior/minior_indigo_core.png",
          "emissive": true,
          "translucent": true
        },
        {
          "name": "glow",
          "texture": "cobblemon:textures/pokemon/0774_minior/indigo_emissive.png",
          "emissive": true,
          "translucent": false
        }
      ]
    },
    {
      "aspects": [
        "core-form",
        "violet-core"
      ],
      "poser": "cobblemon:minior",
      "model": "cobblemon:minior.geo",
      "texture": "cobblemon:textures/pokemon/0774_minior/minior_violet.png",
      "layers": [
        {
          "name": "emissive",
          "texture": "cobblemon:textures/pokemon/0774_minior/minior_violet_core.png",
          "emissive": true,
          "translucent": true
        },
        {
          "name": "glow",
          "texture": "cobblemon:textures/pokemon/0774_minior/violet_emissive.png",
          "emissive": true,
          "translucent": false
        }
      ]
    },
    {
      "aspects": [
        "shiny"
      ],
      "poser": "cobblemon:minior",
      "model": "cobblemon:minior.geo",
      "texture": "cobblemon:textures/pokemon/0774_minior/minior_shiny.png",
      "layers": [
        {
          "name": "emissive",
          "texture": "cobblemon:textures/pokemon/0774_minior/minior_shiny_core.png",
          "emissive": true,
          "translucent": true
        },
        {
          "name": "glow",
          "texture": "cobblemon:textures/pokemon/0774_minior/shiny_emissive.png",
          "emissive": true,
          "translucent": false
        }
      ]
    }
  ]
}