{
	"format_version": "1.8.0",
	"animations": {
		"animation.coalossal.render": {
			"loop": true,
			"animation_length": 4,
			"bones": {
				"leg1": {
					"rotation": [0, 0, -7.5],
					"position": [0, -2, -4]
				},
				"legpart1": {
					"rotation": [0, 0, 0],
					"position": [0, 0, 2]
				},
				"torso": {
					"rotation": [0.07892, 10.00689, 0.33125]
				},
				"hand_parte1": {
					"rotation": [0, 27.5, 0],
					"position": [0, 0, 7]
				},
				"hand_mini1": {
					"rotation": [0, -22.5, 45],
					"position": [3, 5, -4]
				},
				"fist": {
					"rotation": [0, 50, 0],
					"position": [5, 1, 15]
				},
				"hand_parte2": {
					"rotation": [0, 15, 0],
					"position": [0, 0, 0]
				},
				"hand_mini2": {
					"rotation": [0, 10, -45],
					"position": [-1, 7, -2]
				},
				"fist3": {
					"rotation": [0, -42.5, 0],
					"position": [-3, 0, 11]
				},
				"head": {
					"rotation": [-10.2614, 14.8687, -2.00307],
					"position": [-1, 0, -2]
				},
				"mounch1": {
					"rotation": [17.5, 0, 0],
					"position": [0, 0, -1]
				},
				"torso_mini": {
					"position": [0, 0, -1]
				},
				"leg2": {
					"rotation": [0, 32.5, 0],
					"position": [0, 0, -4]
				},
				"legpart2": {
					"rotation": [0, 0, 0],
					"position": [0, 0, 2]
				},
				"bone4": {
					"position": [0, -1, 0]
				},
				"nail_left": {
					"rotation": [0, 0, 25],
					"position": [2, -1, 0]
				},
				"nail_right": {
					"rotation": [0, 0, -25],
					"position": [-2, -2, 0]
				},
				"legwalk1": {
					"rotation": [0, 0, 7.5],
					"position": [0, 2, 0]
				}
			}
		},
		"animation.coalossal.blink": {
			"animation_length": 0.1667,
			"bones": {
				"eye1": {
					"position": {
						"0.0": [-1, 0, 0],
						"0.1667": {
							"pre": [-1, 0, 0],
							"post": [0, 0, 0]
						}
					}
				},
				"eye2": {
					"position": {
						"0.0": [1, 0, 0],
						"0.1667": {
							"pre": [1, 0, 0],
							"post": [0, 0, 0]
						}
					}
				}
			}
		},
		"animation.coalossal.recoil": {
			"animation_length": 0.875,
			"bones": {
				"leg1": {
					"rotation": {
						"0.0": [0, 0, 0],
						"0.0417": [0, -14, 0],
						"0.2083": [0, -20, 0],
						"0.875": [0, 0, 0]
					},
					"position": {
						"0.0": [0, 0, 0],
						"0.2083": [0, 0, -2],
						"0.875": [0, 0, 0]
					}
				},
				"torso": {
					"rotation": {
						"0.0": [0, 0, 0],
						"0.0417": {
							"pre": [-7.00891, -1.4945, 0.1315],
							"post": [-7.00891, -1.4945, 0.1315],
							"lerp_mode": "catmullrom"
						},
						"0.2083": {
							"post": [-10.04292, -7.4713, 0.6574],
							"lerp_mode": "catmullrom"
						},
						"0.875": {
							"post": [0, 0, 0],
							"lerp_mode": "catmullrom"
						}
					}
				},
				"hand_parte1": {
					"rotation": {
						"0.0": [0, 0, 0],
						"0.2083": [0, -5, 0],
						"0.875": [0, 0, 0]
					}
				},
				"head": {
					"rotation": {
						"0.0": [0, 0, 0],
						"0.2083": [0, -20, 0],
						"0.875": [0, 0, 0]
					},
					"position": {
						"0.0": [0, 0, 0],
						"0.2083": [0, 0, 0],
						"0.875": [0, 0, 0]
					}
				},
				"eye1": {
					"position": {
						"0.0": [0, 0, 0],
						"0.2083": [-1, 0, 0],
						"0.875": [0, 0, 0]
					}
				},
				"eye2": {
					"position": {
						"0.0": [0, 0, 0],
						"0.2083": [1, 0, 0],
						"0.875": [0, 0, 0]
					}
				}
			}
		},
		"animation.coalossal.ground_walk": {
			"loop": true,
			"animation_length": 2,
			"bones": {
				"leg1": {
					"rotation": {
						"0.0": [-20, 0, 0],
						"0.4167": {
							"pre": [-16.31323, -9.22186, -0.04485],
							"post": [-16.31323, -9.22186, -0.04485],
							"lerp_mode": "catmullrom"
						},
						"0.8333": {
							"post": [26.755, -22.87079, -0.11123],
							"lerp_mode": "catmullrom"
						},
						"1.0": [23.03192, -24.51596, -0.11923],
						"1.25": {
							"pre": [27.27394, -18.38697, -0.08942],
							"post": [27.27394, -18.38697, -0.08942],
							"lerp_mode": "catmullrom"
						},
						"1.5417": {
							"post": [2.77562, -10.8508, -0.05277],
							"lerp_mode": "catmullrom"
						},
						"1.7917": {
							"post": [-29.4311, -3.55516, -0.01729],
							"lerp_mode": "catmullrom"
						},
						"1.9167": {
							"post": [-29.99268, -0.79615, -0.00387],
							"lerp_mode": "catmullrom"
						},
						"2.0": [-20, 0, 0]
					},
					"position": {
						"0.0": [0, 1, -14],
						"0.4167": {
							"pre": [-0.38, 1.62, -9.61],
							"post": [-0.38, 1.62, -9.61],
							"lerp_mode": "catmullrom"
						},
						"0.6667": {
							"post": [-0.74, -0.12, -1.31],
							"lerp_mode": "catmullrom"
						},
						"0.8333": {
							"post": [-0.93, 0.34, 3.32],
							"lerp_mode": "catmullrom"
						},
						"1.0": [-1, 0, 3],
						"1.2083": {
							"pre": [-0.79, 1.21, -0.54],
							"post": [-0.79, 1.21, -0.54],
							"lerp_mode": "catmullrom"
						},
						"1.5": {
							"post": [-0.49, 0.2, -7.54],
							"lerp_mode": "catmullrom"
						},
						"1.6667": {
							"post": [-0.27, 1.73, -12.03],
							"lerp_mode": "catmullrom"
						},
						"1.7917": {
							"post": [-0.14, -0.35, -14.64],
							"lerp_mode": "catmullrom"
						},
						"1.9167": {
							"post": [-0.03, 0.86, -16.56],
							"lerp_mode": "catmullrom"
						},
						"2.0": [0, 1, -14]
					}
				},
				"legpart1": {
					"rotation": {
						"0.0": [20, 0, 0],
						"0.4167": [16.51, 0, 0],
						"0.8333": [-26.26, 0, 0],
						"1.0": {
							"pre": [-22.5, 0, 0],
							"post": [-22.5, 0, 0],
							"lerp_mode": "catmullrom"
						},
						"1.25": [-26.02, 0, 0],
						"1.5417": [0.57, 0, 0],
						"1.9167": [37.96, 0, 0],
						"2.0": [20, 0, 0]
					},
					"position": {
						"0.0": [0, 0, 3],
						"0.4167": [0, 0.38, 1.74],
						"0.8333": [0, 0.93, -4.33],
						"1.0": {
							"pre": [0, 1, -3],
							"post": [0, 1, -3],
							"lerp_mode": "catmullrom"
						},
						"1.25": [0, 0.79, -2.66],
						"1.5": [0, 1.53, -0.91],
						"1.9167": [0, 2.17, 4.62],
						"2.0": [0, 0, 3]
					}
				},
				"leg2": {
					"rotation": {
						"0.0": [23.03192, 24.51596, 0.11923],
						"0.25": {
							"pre": [23.80818, 20.68534, 0.1006],
							"post": [23.80818, 20.68534, 0.1006],
							"lerp_mode": "catmullrom"
						},
						"0.5417": {
							"post": [13.49631, 11.7762, 0.05727],
							"lerp_mode": "catmullrom"
						},
						"0.7917": {
							"post": [-16.14271, 3.06036, 0.01488],
							"lerp_mode": "catmullrom"
						},
						"0.9167": {
							"post": [-15.95708, 1.22414, 0.00595],
							"lerp_mode": "catmullrom"
						},
						"1.0": {
							"post": [-20, 0, 0],
							"lerp_mode": "catmullrom"
						},
						"1.4167": {
							"post": [0.42997, 10.21498, 0.04968],
							"lerp_mode": "catmullrom"
						},
						"1.8333": {
							"post": [28.10169, 21.63239, 0.1052],
							"lerp_mode": "catmullrom"
						},
						"2.0": [23.03192, 24.51596, 0.11923]
					},
					"position": {
						"0.0": [1, 0, 3],
						"0.2083": {
							"pre": [0.89, 0.11, -0.91],
							"post": [0.89, 0.11, -0.91],
							"lerp_mode": "catmullrom"
						},
						"0.5": {
							"post": [0.54, 0.46, -5.35],
							"lerp_mode": "catmullrom"
						},
						"0.6667": {
							"post": [0.29, 2.05, -9.36],
							"lerp_mode": "catmullrom"
						},
						"0.7917": {
							"post": [0.13, -0.13, -12],
							"lerp_mode": "catmullrom"
						},
						"1.0": {
							"post": [0, 1, -14],
							"lerp_mode": "catmullrom"
						},
						"1.4167": {
							"post": [0.42, -0.42, -8.92],
							"lerp_mode": "catmullrom"
						},
						"1.6667": {
							"post": [0.68, -0.61, -2.22],
							"lerp_mode": "catmullrom"
						},
						"1.8333": {
							"post": [0.83, 0.88, 1.59],
							"lerp_mode": "catmullrom"
						},
						"2.0": [1, 0, 3]
					}
				},
				"legpart2": {
					"rotation": {
						"0.0": [-22.5, 0, 0],
						"1.0": {
							"pre": [20, 0, 0],
							"post": [20, 0, 0],
							"lerp_mode": "catmullrom"
						},
						"1.8333": {
							"post": [-29.35, 0, 0],
							"lerp_mode": "catmullrom"
						},
						"2.0": [-22.5, 0, 0]
					},
					"position": {
						"0.0": [0, 1, -3],
						"0.25": [0, 1.84, -2.06],
						"0.5": [0, -0.43, -0.05],
						"0.7917": [0, -0.23, 1.28],
						"1.0": {
							"pre": [0, 0, 3],
							"post": [0, 0, 3],
							"lerp_mode": "catmullrom"
						},
						"2.0": [0, 1, -3]
					}
				},
				"torso": {
					"rotation": ["12.5+math.cos(q.anim_time*90*4-40)*2", "12.5*-math.cos(query.anim_time*90*2+5)*0.5", "0+math.sin(query.anim_time*90*4+30)"],
					"position": [0, "0-math.sin(q.anim_time*90*4+180)*1", 0]
				},
				"torso_mini": {
					"rotation": [-12.5, "-math.sin(q.anim_time *90 * 8/4 + 0) * 8", "0+math.sin((query.anim_time)*90*8/4+0)*8"],
					"position": [0, -1, 0]
				},
				"hand_parte1": {
					"rotation": {
						"0.0": {
							"post": [-1.63219, -7.32123, 12.60443],
							"lerp_mode": "catmullrom"
						},
						"1.0": {
							"post": [1.7208, 19.81593, 12.97989],
							"lerp_mode": "catmullrom"
						},
						"2.0": {
							"post": [-1.63219, -7.32123, 12.60443],
							"lerp_mode": "catmullrom"
						}
					},
					"position": {
						"0.0": {
							"post": [-8, 5, 2],
							"lerp_mode": "catmullrom"
						},
						"1.0": {
							"post": [-6, 4, 7],
							"lerp_mode": "catmullrom"
						},
						"2.0": {
							"post": [-8, 5, 2],
							"lerp_mode": "catmullrom"
						}
					}
				},
				"hand_mini1": {
					"rotation": {
						"0.0": {
							"post": [0, 10, 32.5],
							"lerp_mode": "catmullrom"
						},
						"1.0": {
							"post": [0, 2.5, 35],
							"lerp_mode": "catmullrom"
						},
						"2.0": {
							"post": [0, 10, 32.5],
							"lerp_mode": "catmullrom"
						}
					},
					"position": {
						"0.0": {
							"post": [0, 5, 2],
							"lerp_mode": "catmullrom"
						},
						"1.0": {
							"post": [0, 2, 0],
							"lerp_mode": "catmullrom"
						},
						"2.0": {
							"post": [0, 5, 2],
							"lerp_mode": "catmullrom"
						}
					}
				},
				"fist1": {
					"rotation": {
						"0.0": {
							"post": [0, 35, 0],
							"lerp_mode": "catmullrom"
						}
					},
					"position": {
						"0.0": {
							"post": [0, 0, 10],
							"lerp_mode": "catmullrom"
						}
					}
				},
				"hand_parte2": {
					"rotation": {
						"0.0": {
							"post": [1.7208, -19.81593, -12.97989],
							"lerp_mode": "catmullrom"
						},
						"1.0": {
							"post": [-1.63219, 7.32123, -12.60443],
							"lerp_mode": "catmullrom"
						},
						"2.0": {
							"post": [1.7208, -19.81593, -12.97989],
							"lerp_mode": "catmullrom"
						}
					},
					"position": {
						"0.0": {
							"post": [7, 5, 7],
							"lerp_mode": "catmullrom"
						},
						"1.0": {
							"post": [6, 4, 2],
							"lerp_mode": "catmullrom"
						},
						"2.0": {
							"post": [7, 5, 7],
							"lerp_mode": "catmullrom"
						}
					}
				},
				"hand_mini2": {
					"rotation": {
						"0.0": {
							"post": [0, -2.5, -35],
							"lerp_mode": "catmullrom"
						},
						"1.0": {
							"post": [0, -10, -32.5],
							"lerp_mode": "catmullrom"
						},
						"2.0": {
							"post": [0, -2.5, -35],
							"lerp_mode": "catmullrom"
						}
					},
					"position": {
						"0.0": {
							"post": [0, 2, 0],
							"lerp_mode": "catmullrom"
						},
						"1.0": {
							"post": [0, 5, 2],
							"lerp_mode": "catmullrom"
						},
						"2.0": {
							"post": [0, 2, 0],
							"lerp_mode": "catmullrom"
						}
					}
				},
				"fist2": {
					"rotation": {
						"0.0": {
							"post": [0, -37.5, 0],
							"lerp_mode": "catmullrom"
						}
					},
					"position": {
						"0.0": {
							"post": [0, 0, 10],
							"lerp_mode": "catmullrom"
						}
					}
				},
				"head": {
					"rotation": [0, "0+math.sin(q.anim_time*90*4+360)*4", 0]
				},
				"allbody": {
					"position": {
						"0.0": [0, 0, 0],
						"0.0417": [0, -1, 0],
						"0.0833": [0, 0.07, 0],
						"0.6667": [0, 0.06, 0],
						"0.7083": [0, -1, 0],
						"0.75": [0, 0, 0],
						"1.7917": [0, -1, 0],
						"1.8333": [0, 0.2, 0],
						"1.875": [0, -0.85, 0],
						"2.0": [0, 0, 0]
					}
				},
				"fist": {
					"position": [2, 0, 1]
				},
				"fist3": {
					"position": [-2, 0, 1]
				},
				"legwalk2": {
					"rotation": {
						"0.0": {
							"post": [0, 0, 0],
							"lerp_mode": "catmullrom"
						},
						"0.5": {
							"post": [-1.47, 0, 0],
							"lerp_mode": "catmullrom"
						},
						"0.7917": {
							"post": [-2.32, 0, 0],
							"lerp_mode": "catmullrom"
						},
						"1.75": {
							"post": [22.5, 0, 0],
							"lerp_mode": "catmullrom"
						},
						"2.0": {
							"post": [0, 0, 0],
							"lerp_mode": "catmullrom"
						}
					}
				},
				"bone3": {
					"rotation": [0, "-math.sin(q.anim_time *90* 8/4+ 0 )* 8", "0+math.sin(query.anim_time*90 *8/4+ 0)* 2"]
				}
			}
		},
		"animation.coalossal.ground_idle": {
			"loop": true,
			"bones": {
				"leg1": {
					"rotation": [0, -17.5, "0+math.sin(q.anim_time*90*1)*0.45"],
					"position": [0, 0, -3]
				},
				"leg2": {
					"rotation": [0, 17.5, "0-math.sin(q.anim_time*90*1)*0.45"],
					"position": [0, 0, -3]
				},
				"torso": {
					"rotation": ["10-math.sin(query.anim_time*90*1-90)*0.75", 0, "-math.cos(q.anim_time*90*1)*0.5"],
					"position": [0, "-1-math.sin(q.anim_time*90*1)*0.1", 6]
				},
				"torso_mini": {
					"rotation": ["-10+math.cos(query.anim_time*90*2)*0.5", 0, 0],
					"position": [0, -1, 0]
				},
				"hand_parte1": {
					"rotation": [0, "7.5-math.cos(query.anim_time*90*1-90)*0.5", "40+math.sin(q.anim_time*90*1+60)*0.85"],
					"position": [-20, 14, 3]
				},
				"hand_mini1": {
					"rotation": [2.88419, "-6.9262-math.cos(q.anim_time*90*1+90)*0.5", -2.67458],
					"position": [-1, 1, -1]
				},
				"fist": {
					"rotation": [0, "57.5-math.cos(query.anim_time*90*1-90)*1", 0],
					"position": [5, 0, 17]
				},
				"hand_parte2": {
					"rotation": [0, "-7.5+math.cos(query.anim_time*90*1-90)*0.5", "-40-math.sin(q.anim_time*90*1+60)*0.85"],
					"position": [20, 14, 3]
				},
				"hand_mini2": {
					"rotation": [2.88419, "6.9262-math.cos(q.anim_time*90*1+90)*0.5", 2.67458],
					"position": [1, 1, -1]
				},
				"fist3": {
					"rotation": [0, "-57.5+math.cos(query.anim_time*90*1-90)*1", 0],
					"position": [-4, 0, 15]
				},
				"bone2": {
					"rotation": [0, 0, 40],
					"position": [-27, -1, 0]
				},
				"bone": {
					"rotation": [0, 0, -40],
					"position": [2, -5, 0]
				},
				"bone3": {
					"rotation": ["0+math.cos(q.anim_time*90*8/4+0)*2", 0, 0]
				},
				"bone4": {
					"rotation": ["0+math.sin(q.anim_time*90*2-90)*0.5", 0, 0]
				},
				"bone5": {
					"position": [0, -1, 0]
				},
				"hands": {
					"position": [0, 3, 0]
				}
			}
		},
		"animation.coalossal.battle_idle": {
			"loop": true,
			"bones": {
				"leg1": {
					"rotation": [0, -17.5, 0],
					"position": [0, 0, -3]
				},
				"leg2": {
					"rotation": [0, 17.5, 0],
					"position": [0, 0, -3]
				},
				"torso": {
					"rotation": [15, 0, 0],
					"position": [0, -1, 6]
				},
				"torso_mini": {
					"rotation": [-12.5, 0, 0],
					"position": [0, -2, 1]
				},
				"hand_parte1": {
					"rotation": [0, 7.5, 40],
					"position": [-20, 13, 3]
				},
				"hand_mini1": {
					"rotation": [1.30962, -7.38542, 9.91547],
					"position": [0, 2, -1]
				},
				"fist": {
					"rotation": [0, 57.5, 0],
					"position": [6, 0, 16]
				},
				"hand_parte2": {
					"rotation": [0, -7.5, -40],
					"position": [20, 13, 3]
				},
				"hand_mini2": {
					"rotation": [1.30962, 7.38542, -9.91547],
					"position": [0, 2, -1]
				},
				"fist3": {
					"rotation": [0, -57.5, 0],
					"position": [-4, 0, 15]
				},
				"head": {
					"rotation": [-10, 0, 0],
					"position": [0, 0, -1]
				},
				"bone2": {
					"rotation": [0, 0, 40],
					"position": [-28, -2, 0]
				},
				"bone": {
					"rotation": [0, 0, -40],
					"position": [1, -4, 0]
				},
				"bone4": {
					"rotation": [-5, 0, 0],
					"position": [0, -1, -5]
				},
				"bone5": {
					"position": [0, -1, 0]
				},
				"hands": {
					"position": [0, 3, 0]
				}
			}
		},
		"animation.coalossal.special": {
			"animation_length": 3,
			"bones": {
				"leg1": {
					"rotation": {
						"0.0": {
							"post": [0, -17.5, 0],
							"lerp_mode": "catmullrom"
						},
						"0.25": {
							"post": [0, -17.5, 0],
							"lerp_mode": "catmullrom"
						},
						"1.2083": {
							"post": [-15.09491, -44.39759, -10.50221],
							"lerp_mode": "catmullrom"
						},
						"1.25": {
							"post": [7.43656, -44.5119, -10.54684],
							"lerp_mode": "catmullrom"
						},
						"1.75": {
							"post": [7.43656, -44.5119, -10.54684],
							"lerp_mode": "catmullrom"
						},
						"2.4167": {
							"post": [-4.4638, -37.36066, -4.16305],
							"lerp_mode": "catmullrom"
						},
						"2.5": {
							"post": [0, -35.01668, -3.41537],
							"lerp_mode": "catmullrom"
						},
						"2.8333": {
							"post": [0, -17.5, 0],
							"lerp_mode": "catmullrom"
						}
					},
					"position": {
						"0.0": {
							"post": [0, 0, -3],
							"lerp_mode": "catmullrom"
						},
						"0.2917": {
							"post": [0, 1, -4],
							"lerp_mode": "catmullrom"
						},
						"0.375": {
							"post": [1.14, 0.31, -3.8],
							"lerp_mode": "catmullrom"
						},
						"0.6667": {
							"post": [3.3, -0.43, -4],
							"lerp_mode": "catmullrom"
						},
						"1.0": {
							"post": [3.3, -0.43, -4.3],
							"lerp_mode": "catmullrom"
						},
						"1.2083": {
							"post": [5.21, 0.01, -6.97],
							"lerp_mode": "catmullrom"
						},
						"1.25": {
							"post": [3, -2, -6],
							"lerp_mode": "catmullrom"
						},
						"1.75": {
							"post": [3, -1, -6],
							"lerp_mode": "catmullrom"
						},
						"2.0": {
							"post": [2.1, -2, -4.06],
							"lerp_mode": "catmullrom"
						},
						"2.4167": {
							"post": [0.38, 0.54, -0.38],
							"lerp_mode": "catmullrom"
						},
						"2.5": {
							"post": [0.2, -1.43, -0.34],
							"lerp_mode": "catmullrom"
						},
						"2.875": {
							"post": [0, 0, -3],
							"lerp_mode": "catmullrom"
						}
					}
				},
				"leg2": {
					"rotation": {
						"0.0": [0, 17.5, 0],
						"0.1667": {
							"pre": [0, 17.5, 0],
							"post": [0, 17.5, 0],
							"lerp_mode": "catmullrom"
						},
						"0.3333": {
							"post": [1.41546, 27.10325, 1.39427],
							"lerp_mode": "catmullrom"
						},
						"0.6667": {
							"post": [6.25038, 39.58992, 9.7516],
							"lerp_mode": "catmullrom"
						},
						"1.0": {
							"post": [6.25038, 39.58992, 9.7516],
							"lerp_mode": "catmullrom"
						},
						"1.1667": [-14.76932, 24.03723, 5.80351],
						"1.25": [1.57409, 17.43127, 5.24132],
						"2.0": {
							"pre": [1.57409, 17.43127, 5.24132],
							"post": [1.57409, 17.43127, 5.24132],
							"lerp_mode": "catmullrom"
						},
						"2.2083": {
							"post": [-8.95434, 17.45434, 3.48179],
							"lerp_mode": "catmullrom"
						},
						"2.375": {
							"post": [5.47537, 17.46077, 2.9919],
							"lerp_mode": "catmullrom"
						},
						"2.75": [0, 17.5, 0]
					},
					"position": {
						"0.0": [0, 0, -3],
						"0.25": {
							"pre": [0, 2, -2],
							"post": [0, 2, -2],
							"lerp_mode": "catmullrom"
						},
						"0.3333": {
							"post": [0, -1, -3],
							"lerp_mode": "catmullrom"
						},
						"0.6667": {
							"post": [-2, -2, -5],
							"lerp_mode": "catmullrom"
						},
						"1.0": {
							"post": [-2, -2, -5],
							"lerp_mode": "catmullrom"
						},
						"1.1667": [-3.41, -0.7, -5.93],
						"1.25": [-4, -4, -6],
						"2.0": {
							"pre": [-4, -4, -6],
							"post": [-4, -4, -6],
							"lerp_mode": "catmullrom"
						},
						"2.2083": {
							"post": [-2.66, 0.01, -4.99],
							"lerp_mode": "catmullrom"
						},
						"2.3333": {
							"post": [-2.29, -2.82, -2.82],
							"lerp_mode": "catmullrom"
						},
						"2.875": [0, 0, -3]
					}
				},
				"torso": {
					"rotation": {
						"0.0": [15, 0, 0],
						"0.2083": {
							"pre": [10.45164, 7.17491, 3.12592],
							"post": [10.45164, 7.17491, 3.12592],
							"lerp_mode": "catmullrom"
						},
						"0.4583": {
							"post": [16.06593, 7.97971, 1.78256],
							"lerp_mode": "catmullrom"
						},
						"0.6667": {
							"post": [25.90327, 14.34982, 6.25184],
							"lerp_mode": "catmullrom"
						},
						"1.0": {
							"post": [25.90327, 14.34982, 6.25184],
							"lerp_mode": "catmullrom"
						},
						"1.1667": {
							"post": [4.60914, -20.34213, -0.41013],
							"lerp_mode": "catmullrom"
						},
						"1.25": {
							"post": [34.07977, -18.0114, -8.27738],
							"lerp_mode": "catmullrom"
						},
						"1.6667": {
							"post": [32.5, -16, -7.5],
							"lerp_mode": "catmullrom"
						},
						"2.0417": {
							"post": [25, -8, -7.5],
							"lerp_mode": "catmullrom"
						},
						"2.2083": {
							"post": [10.60142, -14.19754, -8.19756],
							"lerp_mode": "catmullrom"
						},
						"2.375": {
							"post": [16.34953, -19.6537, -7.35385],
							"lerp_mode": "catmullrom"
						},
						"2.8333": [15, 0, 0]
					},
					"position": {
						"0.0": [0, -1, 6],
						"0.6667": {
							"pre": [0, -1, 7],
							"post": [0, -1, 7],
							"lerp_mode": "catmullrom"
						},
						"0.9583": {
							"post": [0, -1, 7],
							"lerp_mode": "catmullrom"
						},
						"1.1667": {
							"post": [-2, -1, 3.93],
							"lerp_mode": "catmullrom"
						},
						"1.25": {
							"post": [-1.99, -0.01, 8.9],
							"lerp_mode": "catmullrom"
						},
						"1.7083": {
							"post": [-1.99, -0.01, 8.9],
							"lerp_mode": "catmullrom"
						},
						"2.0417": {
							"post": [-1.99, -0.01, 8.9],
							"lerp_mode": "catmullrom"
						},
						"2.2083": {
							"post": [-1.67, 0.75, 8.43],
							"lerp_mode": "catmullrom"
						},
						"2.375": {
							"post": [-2.28, -0.66, 7.86],
							"lerp_mode": "catmullrom"
						},
						"2.8333": [0, -1, 6]
					}
				},
				"torso_mini": {
					"rotation": {
						"0.0": [-12.5, 0, 0],
						"0.25": {
							"pre": [-2.50238, -2.49762, 0.10912],
							"post": [-2.50238, -2.49762, 0.10912],
							"lerp_mode": "catmullrom"
						},
						"0.5": {
							"post": [-8.82732, -3.81124, 7.13668],
							"lerp_mode": "catmullrom"
						},
						"1.0": {
							"post": [-13.46195, -8.36945, 11.98118],
							"lerp_mode": "catmullrom"
						},
						"1.25": [-14.25559, -10.4426, 10.18377],
						"1.75": {
							"pre": [-14.25559, -10.4426, 10.18377],
							"post": [-14.25559, -10.4426, 10.18377],
							"lerp_mode": "catmullrom"
						},
						"3.0": [-12.5, 0, 0]
					},
					"position": {
						"0.0": [0, -2, 1],
						"0.3333": {
							"pre": [0, -2, 1],
							"post": [0, -2, 1],
							"lerp_mode": "catmullrom"
						},
						"1.25": [-1, -2, 0],
						"1.75": {
							"pre": [-1, -2, 0],
							"post": [-1, -2, 0],
							"lerp_mode": "catmullrom"
						},
						"3.0": [0, -2, 1]
					}
				},
				"hand_parte1": {
					"rotation": {
						"0.0": [0, 7.5, 40],
						"0.25": [0, 7.5, 40],
						"0.5": {
							"pre": [7.15014, 14.46845, 40.68682],
							"post": [7.15014, 14.46845, 40.68682],
							"lerp_mode": "catmullrom"
						},
						"0.6667": {
							"post": [11.96154, 30.58932, 42.70863],
							"lerp_mode": "catmullrom"
						},
						"1.1667": {
							"post": [11.96154, 30.58932, 42.70863],
							"lerp_mode": "catmullrom"
						},
						"1.25": [25, 32.5, 40],
						"1.875": {
							"pre": [25, 35, 40],
							"post": [25, 35, 40],
							"lerp_mode": "catmullrom"
						},
						"2.2083": {
							"post": [25, 30, 40],
							"lerp_mode": "catmullrom"
						},
						"2.5": {
							"post": [0, 20, 40],
							"lerp_mode": "catmullrom"
						},
						"3.0": [0, 7.5, 40]
					},
					"position": {
						"0.0": [-20, 13, 3],
						"0.25": [-20, 13, 3],
						"0.6667": {
							"pre": [-16.67, 11.7, 8.63],
							"post": [-16.67, 11.7, 8.63],
							"lerp_mode": "catmullrom"
						},
						"1.1667": {
							"post": [-16.67, 11.7, 8.63],
							"lerp_mode": "catmullrom"
						},
						"1.25": [-10, 10, 16],
						"1.625": {
							"pre": [-10, 10, 16],
							"post": [-10, 10, 16],
							"lerp_mode": "catmullrom"
						},
						"2.1667": {
							"post": [-10, 10, 16],
							"lerp_mode": "catmullrom"
						},
						"2.5": [-20, 13, 3],
						"3.0": [-20, 13, 3]
					}
				},
				"hand_mini1": {
					"rotation": {
						"0.0": [1.30962, -7.38542, 9.91547],
						"0.25": {
							"pre": [1.31924, 10.11005, 10.31546],
							"post": [1.31924, 10.11005, 10.31546],
							"lerp_mode": "catmullrom"
						},
						"0.5": {
							"post": [1.50573, 6.44199, 10.34088],
							"lerp_mode": "catmullrom"
						},
						"0.6667": {
							"post": [1.62474, 21.43815, 10.75248],
							"lerp_mode": "catmullrom"
						},
						"1.0": {
							"post": [1.94419, 38.92986, 11.38046],
							"lerp_mode": "catmullrom"
						},
						"1.1667": {
							"post": [1.30129, -12.74505, 9.79726],
							"lerp_mode": "catmullrom"
						},
						"1.25": {
							"post": [1.92614, 47.59655, 11.50638],
							"lerp_mode": "catmullrom"
						},
						"1.75": {
							"post": [1.92614, 47.59655, 11.50638],
							"lerp_mode": "catmullrom"
						},
						"3.0": [1.30962, -7.38542, 9.91547]
					},
					"position": {
						"0.0": [0, 2, -1],
						"0.2083": {
							"pre": [0, 2, 1],
							"post": [0, 2, 1],
							"lerp_mode": "catmullrom"
						},
						"0.5": {
							"post": [-1, 2, 1.36],
							"lerp_mode": "catmullrom"
						},
						"0.6667": {
							"post": [-1, 2, 2.9],
							"lerp_mode": "catmullrom"
						},
						"1.0": {
							"post": [0, 2, 5.9],
							"lerp_mode": "catmullrom"
						},
						"1.1667": {
							"post": [0, 2, -1.73],
							"lerp_mode": "catmullrom"
						},
						"1.25": {
							"post": [0, 2, 7],
							"lerp_mode": "catmullrom"
						},
						"1.75": {
							"post": [0, 2, 8],
							"lerp_mode": "catmullrom"
						},
						"3.0": [0, 2, -1]
					}
				},
				"fist": {
					"rotation": {
						"0.0": [0, 57.5, 0],
						"0.25": {
							"pre": [0, 57.5, 0],
							"post": [0, 57.5, 0],
							"lerp_mode": "catmullrom"
						},
						"0.5": {
							"post": [0, 42.5, 0],
							"lerp_mode": "catmullrom"
						},
						"1.0": {
							"post": [0, 57.5, 0],
							"lerp_mode": "catmullrom"
						},
						"1.25": {
							"post": [0, 57.5, 0],
							"lerp_mode": "catmullrom"
						},
						"2.0": [0, 45, 0],
						"2.5": [0, 72.48, 0],
						"3.0": [0, 57.5, 0]
					},
					"position": {
						"0.0": [6, 0, 16],
						"0.3333": {
							"pre": [6, 0, 16],
							"post": [6, 0, 16],
							"lerp_mode": "catmullrom"
						},
						"0.5": {
							"post": [3, 0, 13],
							"lerp_mode": "catmullrom"
						},
						"1.0": {
							"post": [6, 0, 16],
							"lerp_mode": "catmullrom"
						},
						"1.25": {
							"post": [6, 0, 16],
							"lerp_mode": "catmullrom"
						},
						"2.0": [5, 0, 13],
						"2.5": [9.5, 0, 19.5],
						"3.0": [6, 0, 16]
					}
				},
				"hand_parte2": {
					"rotation": {
						"0.0": [0, -7.5, -40],
						"0.2917": {
							"pre": [0, 15, -40],
							"post": [0, 15, -40],
							"lerp_mode": "catmullrom"
						},
						"0.5417": {
							"post": [0.02427, 16.84079, -40.15628],
							"lerp_mode": "catmullrom"
						},
						"1.0": {
							"post": [0.02427, 16.84079, -40.15628],
							"lerp_mode": "catmullrom"
						},
						"1.25": [2.28936, 19.80135, -29.45651],
						"1.75": {
							"pre": [2.28936, 19.80135, -29.45651],
							"post": [2.28936, 19.80135, -29.45651],
							"lerp_mode": "catmullrom"
						},
						"2.4167": {
							"post": [0.8667, -7.23356, -36.18632],
							"lerp_mode": "catmullrom"
						},
						"3.0": [0, -7.5, -40]
					},
					"position": {
						"0.0": [20, 13, 3],
						"0.2917": {
							"pre": [18, 13, -1],
							"post": [18, 13, -1],
							"lerp_mode": "catmullrom"
						},
						"0.5417": {
							"post": [17.4, 13.27, 1.7],
							"lerp_mode": "catmullrom"
						},
						"1.0": {
							"post": [17.4, 13.27, 1.7],
							"lerp_mode": "catmullrom"
						},
						"1.25": [14, 9, 0],
						"1.75": {
							"pre": [14, 9, 0],
							"post": [14, 9, 0],
							"lerp_mode": "catmullrom"
						},
						"2.5": {
							"post": [17.74, 11.5, 2.87],
							"lerp_mode": "catmullrom"
						},
						"3.0": [20, 13, 3]
					}
				},
				"hand_mini2": {
					"rotation": {
						"0.0": [1.30962, 7.38542, -9.91547],
						"0.25": [1.30962, 7.38542, -9.91547],
						"0.5417": {
							"pre": [-5.14493, 33.9531, -21.14687],
							"post": [-5.14493, 33.9531, -21.14687],
							"lerp_mode": "catmullrom"
						},
						"1.0": {
							"post": [-5.14493, 33.9531, -21.14687],
							"lerp_mode": "catmullrom"
						},
						"1.1667": {
							"post": [3.72138, -28.79572, -9.05548],
							"lerp_mode": "catmullrom"
						},
						"1.25": [5.04644, 34.58764, -3.10362],
						"1.75": {
							"pre": [5.04644, 34.58764, -3.10362],
							"post": [5.04644, 34.58764, -3.10362],
							"lerp_mode": "catmullrom"
						},
						"2.4167": {
							"post": [2.80284, 22.60767, -7.09802],
							"lerp_mode": "catmullrom"
						},
						"2.8333": [1.30962, 7.38542, -9.91547]
					},
					"position": {
						"0.0": [0, 2, -1],
						"0.25": [0, 2, -1],
						"0.5417": {
							"pre": [-1.43, 2, -4.3],
							"post": [-1.43, 2, -4.3],
							"lerp_mode": "catmullrom"
						},
						"1.0": {
							"post": [-1.43, 2, -4.3],
							"lerp_mode": "catmullrom"
						},
						"1.1667": {
							"post": [0.89, 2, 3.79],
							"lerp_mode": "catmullrom"
						},
						"1.25": [-1, 2, -4],
						"1.875": {
							"pre": [-1, 2, -4],
							"post": [-1, 2, -4],
							"lerp_mode": "catmullrom"
						},
						"2.4167": {
							"post": [-0.38, 2, -3.13],
							"lerp_mode": "catmullrom"
						},
						"2.75": [0, 2, -1]
					}
				},
				"fist3": {
					"rotation": {
						"0.0": [0, -57.5, 0],
						"0.25": {
							"pre": [0, -62.5, 0],
							"post": [0, -62.5, 0],
							"lerp_mode": "catmullrom"
						},
						"0.5417": {
							"post": [0, -64.25, 0],
							"lerp_mode": "catmullrom"
						},
						"1.0": {
							"post": [0, -64.25, 0],
							"lerp_mode": "catmullrom"
						},
						"1.25": [0, -50, 0],
						"1.75": {
							"pre": [0, -50, 0],
							"post": [0, -50, 0],
							"lerp_mode": "catmullrom"
						},
						"2.1667": [0, -72.94, 0],
						"2.5": [0, -67.18, 0],
						"3.0": [0, -57.5, 0]
					},
					"position": {
						"0.0": [-4, 0, 15],
						"0.2083": {
							"pre": [-4, 0, 15],
							"post": [-4, 0, 15],
							"lerp_mode": "catmullrom"
						},
						"0.5417": {
							"post": [-6.57, 0, 14.7],
							"lerp_mode": "catmullrom"
						},
						"1.0": {
							"post": [-6.57, 0, 14.7],
							"lerp_mode": "catmullrom"
						},
						"1.25": [-3, 0, 12],
						"1.75": {
							"pre": [-3, 0, 12],
							"post": [-3, 0, 12],
							"lerp_mode": "catmullrom"
						},
						"2.1667": [-9.24, 0, 17.26],
						"2.5": [-6.62, 0, 15.87],
						"3.0": [-4, 0, 15]
					}
				},
				"head": {
					"rotation": {
						"0.0": [-10, 0, 0],
						"0.1667": {
							"pre": [-10, 0, 0],
							"post": [-10, 0, 0],
							"lerp_mode": "catmullrom"
						},
						"0.3333": {
							"post": [-2.83919, -0.43928, 0.06438],
							"lerp_mode": "catmullrom"
						},
						"0.5": [-2.83919, "-0.43927848-Math.cos(q.anim_time*90*16-60)*8", 0.06438],
						"0.7083": [-2.83919, "-0.43927848-Math.cos(q.anim_time*90*16-60)*8", 0.06438],
						"1.0": {
							"pre": [-12.23154, -2.88999, 0.42354],
							"post": [-12.23154, -2.88999, 0.42354],
							"lerp_mode": "catmullrom"
						},
						"1.25": [-15.23772, -12.3071, 2.20462],
						"1.75": {
							"pre": [-15.23772, -12.3071, 2.20462],
							"post": [-15.23772, -12.3071, 2.20462],
							"lerp_mode": "catmullrom"
						},
						"3.0": [-10, 0, 0]
					},
					"position": {
						"0.0": [0, 0, -1],
						"0.3333": {
							"pre": [0, 0, -1],
							"post": [0, 0, -1],
							"lerp_mode": "catmullrom"
						},
						"3.0": [0, 0, -1]
					}
				},
				"bone2": {
					"rotation": [0, 0, 40],
					"position": [-28, -2, 0]
				},
				"bone": {
					"rotation": [0, 0, -40],
					"position": [1, -4, 0]
				},
				"bone4": {
					"rotation": [-5, 0, 0],
					"position": [0, -1, -5]
				},
				"bone5": {
					"position": [0, -1, 0]
				},
				"hands": {
					"position": [0, 3, 0]
				},
				"allbody": {
					"rotation": {
						"0.0": [0, 0, 0],
						"0.25": {
							"pre": [0, 0, 0],
							"post": [0, 0, 0],
							"lerp_mode": "catmullrom"
						},
						"1.1667": {
							"post": [10.88093, 31.7062, 7.62384],
							"lerp_mode": "catmullrom"
						},
						"1.25": [2.64959, 45.84856, 7.3566],
						"1.75": {
							"pre": [2.64959, 45.84856, 7.3566],
							"post": [2.64959, 45.84856, 7.3566],
							"lerp_mode": "catmullrom"
						},
						"2.1667": {
							"post": [1.53495, 22.67551, 4.28931],
							"lerp_mode": "catmullrom"
						},
						"2.5": {
							"post": [0.41886, 10.86028, 1.194],
							"lerp_mode": "catmullrom"
						},
						"2.6667": {
							"post": [0, 0, 0],
							"lerp_mode": "catmullrom"
						}
					},
					"position": {
						"0.0": [0, 0, 0],
						"0.2917": {
							"pre": [0, 0, 0],
							"post": [0, 0, 0],
							"lerp_mode": "catmullrom"
						},
						"0.6667": {
							"post": [0, 0, 4],
							"lerp_mode": "catmullrom"
						},
						"1.0833": {
							"post": [0, 0, 2.7],
							"lerp_mode": "catmullrom"
						},
						"1.1667": {
							"post": [0, 4.75, -10],
							"lerp_mode": "catmullrom"
						},
						"1.25": [0, 1, -20],
						"1.2917": [0, -0.02, -20],
						"1.3333": [0, 0.98, -20],
						"1.375": [0, -0.04, -20],
						"1.4167": [0, 0.96, -20],
						"1.75": {
							"pre": [0, 1, -20],
							"post": [0, 1, -20],
							"lerp_mode": "catmullrom"
						},
						"2.0": {
							"post": [0, 0.8, -16.25],
							"lerp_mode": "catmullrom"
						},
						"2.2083": {
							"post": [0, 2.62, -10],
							"lerp_mode": "catmullrom"
						},
						"2.2917": {
							"post": [0, -0.49, -5],
							"lerp_mode": "catmullrom"
						},
						"2.5833": {
							"post": [0, 0, 0],
							"lerp_mode": "catmullrom"
						}
					},
					"scale": {
						"0.0": [1, 1, 1],
						"1.1667": [1, 1, 1],
						"1.2083": [1.25, 1, 1],
						"1.25": [1, 1, 1]
					}
				},
				"legpart2": {
					"rotation": {
						"0.0": [0, 0, 0],
						"0.25": [0, 0, 0],
						"0.5417": {
							"pre": [0, 0, -7.5],
							"post": [0, 0, -7.5],
							"lerp_mode": "catmullrom"
						},
						"1.0": {
							"post": [0, 0, -7.5],
							"lerp_mode": "catmullrom"
						},
						"1.25": [6.17475, -0.79123, -3.35746],
						"2.3333": [7.5, 0, -2.22222],
						"3.0": [0, 0, 0]
					},
					"position": {
						"0.0": [0, 0, 0],
						"0.25": [0, 0, 0],
						"0.5417": {
							"pre": [0, 2, 0],
							"post": [0, 2, 0],
							"lerp_mode": "catmullrom"
						},
						"1.0": {
							"post": [0, 2, 0],
							"lerp_mode": "catmullrom"
						},
						"1.25": [0, 1, 0],
						"2.3333": [0, 1.59, 0],
						"3.0": [0, 0, 0]
					}
				},
				"mounch1": {
					"rotation": {
						"0.0": [0, 0, 0],
						"0.25": {
							"pre": [0.79, 0, 0],
							"post": [0.79, 0, 0],
							"lerp_mode": "catmullrom"
						},
						"0.5": {
							"post": [0, 0, 0],
							"lerp_mode": "catmullrom"
						},
						"1.0": {
							"post": [27.34, 0, 0],
							"lerp_mode": "catmullrom"
						},
						"1.25": {
							"post": [17.5, 0, 0],
							"lerp_mode": "catmullrom"
						},
						"1.75": {
							"post": [17.5, 0, 0],
							"lerp_mode": "catmullrom"
						},
						"3.0": [0, 0, 0]
					},
					"position": {
						"0.0": [0, 0, 0],
						"0.5": {
							"pre": [0, 0, 0],
							"post": [0, 0, 0],
							"lerp_mode": "catmullrom"
						},
						"1.25": {
							"post": [0, 0, -1],
							"lerp_mode": "catmullrom"
						},
						"1.75": {
							"post": [0, 0, -1],
							"lerp_mode": "catmullrom"
						},
						"3.0": [0, 0, 0]
					}
				},
				"legpart1": {
					"rotation": {
						"0.0": [0, 0, 0],
						"1.1667": {
							"pre": [12.5, 0, 0],
							"post": [12.5, 0, 0],
							"lerp_mode": "catmullrom"
						},
						"1.25": [0, 0, 0],
						"1.75": {
							"pre": [0, 0, 0],
							"post": [0, 0, 0],
							"lerp_mode": "catmullrom"
						},
						"2.4167": {
							"post": [7.5, 0, 0],
							"lerp_mode": "catmullrom"
						},
						"2.5": {
							"post": [0, 0, 0],
							"lerp_mode": "catmullrom"
						},
						"3.0": [0, 0, 0]
					},
					"position": {
						"0.0": [0, 0, 0],
						"2.4167": [0, 1, 0],
						"3.0": [0, 0, 0]
					}
				},
				"legwalk1": {
					"rotation": {
						"0.0": [0, 0, 0],
						"1.1667": {
							"pre": [-12.5, 0, 0],
							"post": [-12.5, 0, 0],
							"lerp_mode": "catmullrom"
						},
						"1.25": [0, 0, 0],
						"1.75": {
							"pre": [0, 0, 0],
							"post": [0, 0, 0],
							"lerp_mode": "catmullrom"
						},
						"3.0": [0, 0, 0]
					}
				},
				"eye1": {
					"position": {
						"0.0": [0, 0, 0],
						"0.1667": {"pre": [0, 0, 0], "post": [-1, 0, 0]},
						"0.25": {"pre": [-1, 0, 0], "post": [0, 0, 0]},
						"0.5": {"pre": [0, 0, 0], "post": [-1, 0, 0]},
						"0.7083": {"pre": [-1, 0, 0], "post": [0, 0, 0]}
					}
				},
				"eye_hurt1": {
					"position": {
						"0.0": [0, 0, 0],
						"0.5": {"pre": [0, 0, 0], "post": [2, 0, 0]},
						"0.7083": {"pre": [2, 0, 0], "post": [0, 0, 0]}
					}
				},
				"eye_happy1": {
					"position": {
						"0.0": [0, 0, 0],
						"0.1667": {"pre": [0, 0, 0], "post": [2, 0, 0]},
						"0.25": {"pre": [2, 0, 0], "post": [0, 0, 0]}
					}
				},
				"eye2": {
					"position": {
						"0.0": [0, 0, 0],
						"0.1667": {"pre": [0, 0, 0], "post": [1, 0, 0]},
						"0.25": {"pre": [1, 0, 0], "post": [0, 0, 0]},
						"0.5": {"pre": [0, 0, 0], "post": [1, 0, 0]},
						"0.7083": {"pre": [1, 0, 0], "post": [0, 0, 0]}
					}
				},
				"eye_hurt2": {
					"position": {
						"0.0": [0, 0, 0],
						"0.5": {"pre": [0, 0, 0], "post": [-2, 0, 0]},
						"0.7083": {"pre": [-2, 0, 0], "post": [0, 0, 0]}
					}
				},
				"eye_happy2": {
					"position": {
						"0.0": [0, 0, 0],
						"0.1667": {"pre": [0, 0, 0], "post": [-2, 0, 0]},
						"0.25": {"pre": [-2, 0, 0], "post": [0, 0, 0]}
					}
				},
				"legwalk2": {
					"rotation": {
						"0.0": [0, 0, 0],
						"1.25": [0, 0, 0],
						"2.3333": [-7.5, 0, 0],
						"2.75": [0, 0, 0]
					},
					"position": {
						"0.0": [0, 0, 0],
						"1.25": [0, 1, 0],
						"2.0": [0, 0, 0],
						"2.75": [0, 0, 0]
					}
				}
			}
		},
		"animation.coalossal.physical": {
			"animation_length": 3,
			"bones": {
				"leg1": {
					"rotation": {
						"0.0": [0, -17.5, 0],
						"1.0": [-3.59916, -29.17717, -1.13871],
						"1.25": [-5.06654, -44.56884, -0.41654],
						"1.75": [-5.06654, -44.56884, -0.41654],
						"3.0": [0, -17.5, 0]
					},
					"position": {
						"0.0": [0, 0, -3],
						"1.0": [1.2, 0, -7],
						"1.25": [4, 0, -8],
						"1.75": [4, 0, -8],
						"3.0": [0, 0, -3]
					}
				},
				"leg2": {
					"rotation": {
						"0.0": [0, 17.5, 0],
						"0.5833": {
							"pre": [7.67609, 26.35746, 5.33949],
							"post": [7.67609, 26.35746, 5.33949],
							"lerp_mode": "catmullrom"
						},
						"0.875": {
							"post": [-4.91993, 25.23638, 0],
							"lerp_mode": "catmullrom"
						},
						"0.9583": {
							"post": [11.8242, 24.94088, 10.4263],
							"lerp_mode": "catmullrom"
						},
						"1.0417": {
							"post": [-2.04467, 24.78552, 21.52003],
							"lerp_mode": "catmullrom"
						},
						"1.2083": {
							"post": [20.45533, 24.78552, 21.52003],
							"lerp_mode": "catmullrom"
						},
						"1.25": {
							"post": [-1.69835, 27.5019, 4.14151],
							"lerp_mode": "catmullrom"
						},
						"1.2917": {
							"post": [5.20385, 26.11915, 3.12585],
							"lerp_mode": "catmullrom"
						},
						"1.4167": {
							"post": [1.21869, 19.64109, 2.96867],
							"lerp_mode": "catmullrom"
						},
						"1.75": {
							"post": [1.21869, 19.64109, 2.96867],
							"lerp_mode": "catmullrom"
						},
						"1.9167": {
							"post": [1.21869, 19.64109, 2.96867],
							"lerp_mode": "catmullrom"
						},
						"2.25": {
							"post": [13.39363, 19.07, 2.17684],
							"lerp_mode": "catmullrom"
						},
						"2.5": {
							"post": [0.327, 18.56251, 1.4732],
							"lerp_mode": "catmullrom"
						},
						"3.0": [0, 17.5, 0]
					},
					"position": {
						"0.0": [0, 0, -3],
						"0.4583": {
							"pre": [0, -1, -6],
							"post": [0, -1, -6],
							"lerp_mode": "catmullrom"
						},
						"0.7083": {
							"post": [0, 0.8, -3.78],
							"lerp_mode": "catmullrom"
						},
						"0.7917": {
							"post": [0, -0.46, -2.8],
							"lerp_mode": "catmullrom"
						},
						"0.875": {
							"post": [0, -0.46, -2.8],
							"lerp_mode": "catmullrom"
						},
						"1.0417": [-4, 0.2, -4.8],
						"1.2083": [-4, 0.2, -4.8],
						"1.25": [-1.76, 0.07, -12.16],
						"1.2917": [-1.65, -1.06, -12.09],
						"1.3333": [-1.54, -0.12, -12.02],
						"1.375": [-1.43, -1.25, -11.95],
						"1.4167": [-1.32, -0.31, -11.88],
						"1.75": [-1.32, -0.31, -11.88],
						"1.9167": [-1.32, -0.31, -11.88],
						"2.2083": [-0.91, 1.79, -8.15],
						"2.5": [-0.57, 0.13, -6.25],
						"3.0": [0, 0, -3]
					}
				},
				"torso": {
					"rotation": {
						"0.0": [15, 0, 0],
						"0.1667": {
							"pre": [14, 0, 0],
							"post": [14, 0, 0],
							"lerp_mode": "catmullrom"
						},
						"0.5417": {
							"post": [20, 0, 0],
							"lerp_mode": "catmullrom"
						},
						"0.9167": {
							"post": [12.3227, 15.75941, 10.78271],
							"lerp_mode": "catmullrom"
						},
						"1.1667": {
							"post": [12.3227, 15.75941, 10.78271],
							"lerp_mode": "catmullrom"
						},
						"1.25": {
							"post": [35.1214, -26.20035, -4.63034],
							"lerp_mode": "catmullrom"
						},
						"1.75": {
							"post": [37.61286, -32.24406, -9.72408],
							"lerp_mode": "catmullrom"
						},
						"2.25": {
							"post": [24.80874, -10.96227, 1.94702],
							"lerp_mode": "catmullrom"
						},
						"3.0": [15, 0, 0]
					},
					"position": {
						"0.0": [0, -1, 6],
						"0.25": {
							"pre": [0, -1, 6],
							"post": [0, -1, 6],
							"lerp_mode": "catmullrom"
						},
						"1.1667": {
							"post": [0, 1, 6],
							"lerp_mode": "catmullrom"
						},
						"1.25": {
							"post": [-2, 3, 6],
							"lerp_mode": "catmullrom"
						},
						"1.75": {
							"post": [-2, 3, 6],
							"lerp_mode": "catmullrom"
						},
						"2.25": {
							"post": [-1.25, 1.5, 4],
							"lerp_mode": "catmullrom"
						},
						"3.0": [0, -1, 6]
					}
				},
				"torso_mini": {
					"rotation": {
						"0.0": [-12.5, 0, 0],
						"0.3333": {
							"pre": [-9, 0, 0],
							"post": [-9, 0, 0],
							"lerp_mode": "catmullrom"
						},
						"1.1667": {
							"post": [-12.34106, 2.10387, 7.21802],
							"lerp_mode": "catmullrom"
						},
						"1.25": [-12.60443, "-7.3212340667+math.sin(q.anim_time*90*24-0)*0.8", 1.63219],
						"1.75": [-12.60443, "-7.3212340667+math.sin(q.anim_time*90*24-0)*0.8", 1.63219],
						"2.0": [-12.5, 0, 0],
						"2.25": [-12.49239, "0.5336176434-math.sin(q.anim_time*90*16-30)*8", -0.11896],
						"2.5": [-12.49239, "0.5336176434-math.sin(q.anim_time*90*14-60)*10", -0.11896],
						"2.875": [-12.5, 0, 0],
						"3.0": [-12.5, 0, 0]
					},
					"position": {
						"0.0": [0, -2, 1],
						"0.2083": {
							"pre": [0, -1, 0],
							"post": [0, -1, 0],
							"lerp_mode": "catmullrom"
						},
						"3.0": [0, -2, 1]
					}
				},
				"hand_parte1": {
					"rotation": {
						"0.0": [0, 7.5, 40],
						"0.4167": {
							"pre": [0, 6, 39.5],
							"post": [0, 6, 39.5],
							"lerp_mode": "catmullrom"
						},
						"1.0": {
							"post": [-0.40755, 15.35373, 40.57093],
							"lerp_mode": "catmullrom"
						},
						"1.1667": {
							"post": [0, -13.88889, 40],
							"lerp_mode": "catmullrom"
						},
						"1.25": {
							"post": [5.89232, -63.07681, 27.72917],
							"lerp_mode": "catmullrom"
						},
						"1.75": {
							"post": [5.89232, -63.07681, 27.72917],
							"lerp_mode": "catmullrom"
						},
						"2.0": {
							"post": [4.72047, -55.60847, 29.08851],
							"lerp_mode": "catmullrom"
						},
						"2.1667": {
							"post": [3, -47.5, 34],
							"lerp_mode": "catmullrom"
						},
						"3.0": [0, 7.5, 40]
					},
					"position": {
						"0.0": [-20, 13, 3],
						"0.5": {
							"pre": [-20, 13, 3],
							"post": [-20, 13, 3],
							"lerp_mode": "catmullrom"
						},
						"1.0": {
							"post": [-18.44, 12.21, 3.18],
							"lerp_mode": "catmullrom"
						},
						"1.1667": {
							"post": [-17.55, 11.44, -0.75],
							"lerp_mode": "catmullrom"
						},
						"1.25": {
							"post": [-11.92, 5.06, -3.07],
							"lerp_mode": "catmullrom"
						},
						"1.75": {
							"post": [-11.92, 5.06, -3.07],
							"lerp_mode": "catmullrom"
						},
						"3.0": [-20, 13, 3]
					}
				},
				"hand_mini1": {
					"rotation": {
						"0.0": [1.30962, -7.38542, 9.91547],
						"1.1667": {
							"pre": [1.43165, -24.8805, 9.4814],
							"post": [1.43165, -24.8805, 9.4814],
							"lerp_mode": "catmullrom"
						},
						"1.25": {
							"post": [0, 25, 20],
							"lerp_mode": "catmullrom"
						},
						"1.75": {
							"post": [0, 25, 20],
							"lerp_mode": "catmullrom"
						},
						"3.0": [1.30962, -7.38542, 9.91547]
					},
					"position": {
						"0.0": [0, 2, -1],
						"1.1667": {
							"pre": [1, 2, -4],
							"post": [1, 2, -4],
							"lerp_mode": "catmullrom"
						},
						"1.25": {
							"post": [-1, 4, 3],
							"lerp_mode": "catmullrom"
						},
						"1.75": {
							"post": [-1, 4, 3],
							"lerp_mode": "catmullrom"
						},
						"3.0": [0, 2, -1]
					}
				},
				"fist": {
					"rotation": {
						"0.0": [0, 57.5, 0],
						"3.0": [0, 57.5, 0]
					},
					"position": {
						"0.0": [6, 0, 16],
						"3.0": [6, 0, 16]
					}
				},
				"hand_parte2": {
					"rotation": {
						"0.0": [0, -7.5, -40],
						"0.25": {
							"pre": [0, -6, -39],
							"post": [0, -6, -39],
							"lerp_mode": "catmullrom"
						},
						"0.5": {
							"post": [8.10881, 5.87263, -38.91744],
							"lerp_mode": "catmullrom"
						},
						"0.75": {
							"post": [11.32106, 8.9793, -38.76309],
							"lerp_mode": "catmullrom"
						},
						"1.1667": {
							"post": [17.38224, 4.26672, 9.75392],
							"lerp_mode": "catmullrom"
						},
						"1.25": {
							"post": [31.5632, -57.0983, -21.00012],
							"lerp_mode": "catmullrom"
						},
						"1.75": {
							"post": [31.5632, -57.0983, -21.00012],
							"lerp_mode": "catmullrom"
						},
						"2.25": {
							"post": [16.34227, -13.82404, -23.05269],
							"lerp_mode": "catmullrom"
						},
						"2.5": {
							"post": [7.70845, -7.91475, -33.32425],
							"lerp_mode": "catmullrom"
						},
						"3.0": [0, -7.5, -40]
					},
					"position": {
						"0.0": [20, 13, 3],
						"0.25": {
							"pre": [20, 13, 3],
							"post": [20, 13, 3],
							"lerp_mode": "catmullrom"
						},
						"0.4167": {
							"post": [20, 13, 3],
							"lerp_mode": "catmullrom"
						},
						"0.75": {
							"post": [18.5, 12, 6.5],
							"lerp_mode": "catmullrom"
						},
						"1.1667": {
							"post": [-4, -2, 10],
							"lerp_mode": "catmullrom"
						},
						"1.25": {
							"post": [-6, -1.14, 17.67],
							"lerp_mode": "catmullrom"
						},
						"1.75": {
							"post": [-6, -1.14, 17.67],
							"lerp_mode": "catmullrom"
						},
						"2.25": {
							"post": [10.89, 4.78, 10.86],
							"lerp_mode": "catmullrom"
						},
						"2.4167": {
							"post": [13.29, 9.35, 5.78],
							"lerp_mode": "catmullrom"
						},
						"3.0": [20, 13, 3]
					},
					"scale": {
						"1.1667": [1, 1, 1],
						"1.2083": [1.2, 1, 1],
						"1.25": [1, 1, 1],
						"1.75": [1, 1, 1]
					}
				},
				"hand_mini2": {
					"rotation": {
						"0.0": [1.30962, 7.38542, -9.91547],
						"0.5417": {
							"pre": [0.9, 5, -8],
							"post": [0.9, 5, -8],
							"lerp_mode": "catmullrom"
						},
						"1.0": {
							"post": [10.87616, 16.18134, 16.72085],
							"lerp_mode": "catmullrom"
						},
						"1.1667": {
							"post": [0, 19.29822, -20],
							"lerp_mode": "catmullrom"
						},
						"1.25": {
							"post": [0, -27.26736, -20],
							"lerp_mode": "catmullrom"
						},
						"1.75": {
							"post": [0, -27.26736, -20],
							"lerp_mode": "catmullrom"
						},
						"2.25": {
							"post": [1.30394, -5.11135, -10.20003],
							"lerp_mode": "catmullrom"
						},
						"3.0": [1.30962, 7.38542, -9.91547]
					},
					"position": {
						"0.0": [0, 2, -1],
						"0.5417": {
							"pre": [-0.43, 1.88, -1.65],
							"post": [-0.43, 1.88, -1.65],
							"lerp_mode": "catmullrom"
						},
						"1.0": {
							"post": [1.09, -1.2, -3.17],
							"lerp_mode": "catmullrom"
						},
						"1.1667": {
							"post": [-2, 4, -2.06],
							"lerp_mode": "catmullrom"
						},
						"1.25": {
							"post": [0, 4, 2],
							"lerp_mode": "catmullrom"
						},
						"1.75": {
							"post": [0, 4, 2],
							"lerp_mode": "catmullrom"
						},
						"2.25": [0, 2, -1],
						"3.0": [0, 2, -1]
					}
				},
				"fist3": {
					"rotation": {
						"0.0": [0, -57.5, 0],
						"0.5417": {
							"pre": [0, -62.05, 0],
							"post": [0, -62.05, 0],
							"lerp_mode": "catmullrom"
						},
						"1.0": {
							"post": [0, -51.1, 0],
							"lerp_mode": "catmullrom"
						},
						"1.1667": {
							"post": [0, -61.83, 0],
							"lerp_mode": "catmullrom"
						},
						"1.25": {
							"post": [0, -67.5, 0],
							"lerp_mode": "catmullrom"
						},
						"1.75": {
							"post": [0, -67.5, 0],
							"lerp_mode": "catmullrom"
						},
						"3.0": [0, -57.5, 0]
					},
					"position": {
						"0.0": [-4, 0, 15],
						"0.5417": {
							"pre": [-4.23, 0, 15.45],
							"post": [-4.23, 0, 15.45],
							"lerp_mode": "catmullrom"
						},
						"1.0": {
							"post": [-3.56, 0, 12.88],
							"lerp_mode": "catmullrom"
						},
						"1.1667": {
							"post": [-5.8, 0, 14.93],
							"lerp_mode": "catmullrom"
						},
						"1.25": {
							"post": [-7, 0, 16],
							"lerp_mode": "catmullrom"
						},
						"1.75": {
							"post": [-7, 0, 16],
							"lerp_mode": "catmullrom"
						},
						"3.0": [-4, 0, 15]
					}
				},
				"head": {
					"rotation": {
						"0.0": {
							"post": [-10, 0, 0],
							"lerp_mode": "catmullrom"
						},
						"0.25": {
							"post": [-9, 0, 0],
							"lerp_mode": "catmullrom"
						},
						"0.5": [-2.5, "-1.2539312557+math.sin(q.anim_time*90*16-60)*6", 1.57913],
						"0.7083": [-2.5, "-1.2539312557+math.sin(q.anim_time*90*16-60)*8", 1.57913],
						"1.0": {
							"pre": [-17.95157, -1.63369, 1.6942],
							"post": [-17.95157, -1.63369, 1.6942],
							"lerp_mode": "catmullrom"
						},
						"1.2083": {
							"post": [-10.90959, -10.07707, 2.48857],
							"lerp_mode": "catmullrom"
						},
						"1.25": {
							"post": [-7.65108, 9.84655, -1.75378],
							"lerp_mode": "catmullrom"
						},
						"1.75": {
							"post": [-7.65108, 9.84655, -1.75378],
							"lerp_mode": "catmullrom"
						},
						"2.25": ["-8.53427392+math.cos(q.anim_time*90*16-60)*1", "6.1442472+math.sin(q.anim_time*90*16-60)*8", -1.09436],
						"2.625": ["-8.53427392+math.cos(q.anim_time*90*16-60)*1.25", "6.1442472+math.sin(q.anim_time*90*16-60)*10", -1.09436],
						"3.0": [-10, 0, 0]
					},
					"position": {
						"0.0": {
							"post": [0, 0, -1],
							"lerp_mode": "catmullrom"
						},
						"0.3333": {
							"post": [0, 0, -1],
							"lerp_mode": "catmullrom"
						},
						"3.0": [0, 0, -1]
					}
				},
				"bone2": {
					"rotation": {
						"0.0": [0, 0, 40],
						"3.0": [0, 0, 40]
					},
					"position": {
						"0.0": [-28, -2, 0],
						"3.0": [-28, -2, 0]
					}
				},
				"bone": {
					"rotation": {
						"0.0": [0, 0, -40],
						"3.0": [0, 0, -40]
					},
					"position": {
						"0.0": [1, -4, 0],
						"3.0": [1, -4, 0]
					}
				},
				"bone4": {
					"rotation": {
						"0.0": [-5, 0, 0],
						"3.0": [-5, 0, 0]
					},
					"position": {
						"0.0": [0, -1, -5],
						"3.0": [0, -1, -5]
					}
				},
				"bone5": {
					"position": [0, -1, 0]
				},
				"hands": {
					"position": [0, 3, 0]
				},
				"mounch1": {
					"rotation": {
						"0.0": [0, 0, 0],
						"1.0": [4.5, 0, 0],
						"1.1667": [4.5, 0, 0],
						"1.25": [20.5, 0, 0],
						"1.75": [15, 0, 0],
						"2.375": {
							"pre": [17.5, 0, 0],
							"post": [17.5, 0, 0],
							"lerp_mode": "catmullrom"
						},
						"2.5": {
							"post": [6.1, 0, 0],
							"lerp_mode": "catmullrom"
						},
						"3.0": [0, 0, 0]
					},
					"position": {
						"0.0": [0, 0, 0],
						"1.0": [0, 1, 0.2],
						"1.1667": [0, 1, 0.2],
						"1.25": [0, 0.67, -1.2],
						"1.75": [0, 0, -1],
						"2.375": {
							"pre": [0, 1, -0.5],
							"post": [0, 1, -0.5],
							"lerp_mode": "catmullrom"
						},
						"3.0": [0, 0, 0]
					}
				},
				"allbody": {
					"rotation": {
						"0.0": [0, 0, 0],
						"0.5": {
							"pre": [0, 5, 0],
							"post": [0, 5, 0],
							"lerp_mode": "catmullrom"
						},
						"1.0": {
							"post": [0, -5, 0],
							"lerp_mode": "catmullrom"
						},
						"1.1667": {
							"post": [0, -6.62, 0],
							"lerp_mode": "catmullrom"
						},
						"1.25": {
							"post": [0, -12.56, 0],
							"lerp_mode": "catmullrom"
						},
						"3.0": [0, 0, 0]
					},
					"position": {
						"0.0": [0, 0, 0],
						"0.5": {
							"pre": [0.25, 0, 1.45],
							"post": [0.25, 0, 1.45],
							"lerp_mode": "catmullrom"
						},
						"1.0": [0.06, 0, -0.67],
						"1.1667": [0, 0, 0],
						"1.2083": [0, 0, 0],
						"1.25": [0, -1, 0],
						"1.2917": [0, 0, 0],
						"1.3333": [0, -1, 0],
						"1.375": [0, 0, 0],
						"1.4167": [0, 0, 0],
						"3.0": [0, 0, 0]
					},
					"scale": {
						"0.0": [1, 1, 1],
						"1.1667": [1, 1, 1],
						"1.2083": [0.9, 1, 1],
						"1.25": [1, 1, 1]
					}
				},
				"legwalk2": {
					"rotation": {
						"0.0": {
							"post": [0, 0, 0],
							"lerp_mode": "catmullrom"
						},
						"0.9583": {
							"post": [-3.83, 0, 0],
							"lerp_mode": "catmullrom"
						},
						"1.2083": {
							"post": [-12.5, 0, 0],
							"lerp_mode": "catmullrom"
						},
						"1.25": {
							"post": [0, 0, 0],
							"lerp_mode": "catmullrom"
						},
						"3.0": [0, 0, 0]
					}
				},
				"bone3": {
					"rotation": {
						"0.0": {
							"post": [0, 0, 0],
							"lerp_mode": "catmullrom"
						},
						"0.3333": {
							"post": [0.15573, 1.43196, 1.08017],
							"lerp_mode": "catmullrom"
						},
						"1.1667": {
							"post": [0, -12.5, 12.5],
							"lerp_mode": "catmullrom"
						},
						"1.25": {
							"post": [0, 2.5, 12.5],
							"lerp_mode": "catmullrom"
						},
						"1.75": {
							"post": [0, 2.5, 12.5],
							"lerp_mode": "catmullrom"
						},
						"2.25": {
							"post": [0, "-6.0768175583+math.cos(q.anim_time*90*18-0)*8", 7.11591],
							"lerp_mode": "catmullrom"
						},
						"2.5": {
							"post": [0, "-6.0768175583+math.cos(q.anim_time*90*16-30)*12", 7.11591],
							"lerp_mode": "catmullrom"
						},
						"2.875": {
							"post": [0, 0, 0],
							"lerp_mode": "catmullrom"
						}
					}
				},
				"eye1": {
					"position": {
						"0.0": [0, 0, 0],
						"0.5": {
							"pre": [0, 0, 0],
							"post": [-1, 0, 0]
						},
						"0.7083": {
							"pre": [-1, 0, 0],
							"post": [0, 0, 0]
						},
						"2.25": {
							"pre": [0, 0, 0],
							"post": [-1, 0, 0]
						},
						"2.5": {
							"pre": [-1, 0, 0],
							"post": [0, 0, 0]
						}
					}
				},
				"eye2": {
					"position": {
						"0.0": [0, 0, 0],
						"0.5": {
							"pre": [0, 0, 0],
							"post": [1, 0, 0]
						},
						"0.7083": {
							"pre": [1, 0, 0],
							"post": [0, 0, 0]
						},
						"2.25": {
							"pre": [0, 0, 0],
							"post": [1, 0, 0]
						},
						"2.5": {
							"pre": [1, 0, 0],
							"post": [0, 0, 0]
						}
					}
				},
				"eye_pupiled1": {
					"position": {
						"0.0": [0, 0, 0],
						"1.0833": {
							"pre": [0, 0, 0],
							"post": [0.48, 9, -2]
						},
						"1.25": {
							"pre": [0.48, 9, -2],
							"post": [0, 0, 0]
						}
					},
					"scale": {
						"0.0": [1, 1, 1],
						"1.0833": {
							"pre": [1, 1, 1],
							"post": [0.8, 0.8, 0.8]
						},
						"1.25": {
							"pre": [0.8, 0.8, 0.8],
							"post": [1, 1, 1]
						}
					}
				},
				"eye_hurt1": {
					"position": {
						"0.0": [0, 0, 0],
						"0.5": {
							"pre": [0, 0, 0],
							"post": [2, 0, 0]
						},
						"0.7083": {
							"pre": [2, 0, 0],
							"post": [0, 0, 0]
						},
						"2.25": {
							"pre": [0, 0, 0],
							"post": [2, 0, 0]
						},
						"2.5": {
							"pre": [2, 0, 0],
							"post": [0, 0, 0]
						}
					}
				},
				"eye_hurt2": {
					"position": {
						"0.0": [0, 0, 0],
						"0.5": {
							"pre": [0, 0, 0],
							"post": [-2, 0, 0]
						},
						"0.7083": {
							"pre": [-2, 0, 0],
							"post": [0, 0, 0]
						},
						"2.25": {
							"pre": [0, 0, 0],
							"post": [-2, 0, 0]
						},
						"2.5": {
							"pre": [-2, 0, 0],
							"post": [0, 0, 0]
						}
					}
				},
				"eye_pupiled2": {
					"position": {
						"0.0": [0, 0, 0],
						"1.0833": {
							"pre": [0, 0, 0],
							"post": [-0.48, 9, -2]
						},
						"1.25": {
							"pre": [-0.48, 9, -2],
							"post": [0, 0, 0]
						}
					},
					"scale": {
						"0.0": [1, 1, 1],
						"1.0833": {
							"pre": [1, 1, 1],
							"post": [0.8, 0.8, 0.8]
						},
						"1.25": {
							"pre": [0.8, 0.8, 0.8],
							"post": [1, 1, 1]
						}
					}
				}
			}
		},
		"animation.coalossal.battle_cry": {
			"animation_length": 2.3333,
			"bones": {
				"leg1": {
					"rotation": {
						"0.0": [0, -17.5, 0],
						"0.5417": {
							"pre": [5, -16.01166, 0],
							"post": [5, -16.01166, 0],
							"lerp_mode": "catmullrom"
						},
						"0.75": {
							"post": [-7.5, -15, 0],
							"lerp_mode": "catmullrom"
						},
						"0.875": {
							"post": [0.77032, -18.4112, 0],
							"lerp_mode": "catmullrom"
						},
						"1.0": {
							"post": [-8.35277, -22.0101, 0],
							"lerp_mode": "catmullrom"
						},
						"1.125": {
							"post": [0, -22.5, 0],
							"lerp_mode": "catmullrom"
						},
						"1.25": {
							"post": [10.59214, -20.55267, 0],
							"lerp_mode": "catmullrom"
						},
						"1.7917": {
							"post": [10.59214, -20.55267, 0],
							"lerp_mode": "catmullrom"
						},
						"2.25": [0, -17.5, 0]
					},
					"position": {
						"0.0": [0, 0, -3],
						"0.5417": {
							"pre": [0, -0.68, -3.86],
							"post": [0, -0.68, -3.86],
							"lerp_mode": "catmullrom"
						},
						"0.6667": {
							"post": [0, -0.37, -4.61],
							"lerp_mode": "catmullrom"
						},
						"0.75": {
							"post": [0, 3, -5],
							"lerp_mode": "catmullrom"
						},
						"1.0": {
							"post": [0, 2.42, -5.02],
							"lerp_mode": "catmullrom"
						},
						"1.0417": [0, 1.62, -5.04],
						"1.0833": [0, -1.09, -5.06],
						"1.125": [0, -1, -5],
						"1.1667": [0, 0.35, -4.81],
						"1.2083": [0, -0.66, -4.58],
						"1.25": {
							"pre": [0, 0.14, -4.22],
							"post": [0, 0.14, -4.22],
							"lerp_mode": "catmullrom"
						},
						"1.7917": {
							"post": [0, 0.14, -4.22],
							"lerp_mode": "catmullrom"
						},
						"2.25": [0, 0, -3]
					}
				},
				"leg2": {
					"rotation": {
						"0.0": [0, 17.5, 0],
						"0.5": {
							"pre": [15.50756, 36.09683, 9.15372],
							"post": [15.50756, 36.09683, 9.15372],
							"lerp_mode": "catmullrom"
						},
						"0.7083": {
							"post": [0, 42.5, 0],
							"lerp_mode": "catmullrom"
						},
						"0.8333": {
							"post": [0, 21.47, 0],
							"lerp_mode": "catmullrom"
						},
						"1.0": {
							"post": [0, 21.47, 0],
							"lerp_mode": "catmullrom"
						},
						"1.75": {
							"post": [0, 21.47, 0],
							"lerp_mode": "catmullrom"
						},
						"2.25": [0, 17.5, 0]
					},
					"position": {
						"0.0": [0, 0, -3],
						"0.5": {
							"pre": [0, 0, -7],
							"post": [0, 0, -7],
							"lerp_mode": "catmullrom"
						},
						"0.7083": {
							"post": [0, 0, -8],
							"lerp_mode": "catmullrom"
						},
						"0.8333": {
							"post": [0, 0, -8],
							"lerp_mode": "catmullrom"
						},
						"1.0": {
							"post": [0, 0, -8],
							"lerp_mode": "catmullrom"
						},
						"1.75": {
							"post": [0, 0, -8],
							"lerp_mode": "catmullrom"
						},
						"2.25": [0, 0, -3]
					}
				},
				"torso": {
					"rotation": {
						"0.0": {
							"post": [10, 0, 0],
							"lerp_mode": "catmullrom"
						},
						"0.2917": {
							"post": [7.5, 0, 0],
							"lerp_mode": "catmullrom"
						},
						"0.5": {
							"post": [17.5, 0, 0],
							"lerp_mode": "catmullrom"
						},
						"0.9167": {
							"post": [17.5, 0, 0],
							"lerp_mode": "catmullrom"
						},
						"1.2083": {
							"post": [-10, "0+math.cos(q.anim_time*90*24-0)*8", "0+math.sin(q.anim_time*90*32)*2"],
							"lerp_mode": "catmullrom"
						},
						"1.75": {
							"post": [-10, "0+math.cos(q.anim_time*90*24-0)*8", "0+math.sin(q.anim_time*90*32)*2"],
							"lerp_mode": "catmullrom"
						},
						"2.0833": {
							"post": [2.5, 0, 0],
							"lerp_mode": "catmullrom"
						},
						"2.3333": {
							"post": [10, 0, 0],
							"lerp_mode": "catmullrom"
						}
					},
					"position": {
						"0.0": [0, -1, 6],
						"0.5": [0, -1, 6],
						"0.9167": {
							"pre": [0, -1, 6],
							"post": [0, -1, 6],
							"lerp_mode": "catmullrom"
						},
						"1.2083": [0, -1, -6],
						"1.75": [0, -1, -6],
						"2.0833": [0, -1, 1],
						"2.25": [0, -1, 6]
					}
				},
				"torso_mini": {
					"rotation": {
						"0.0": {
							"post": [-2.5, 0, 0],
							"lerp_mode": "catmullrom"
						},
						"0.9167": {
							"post": [-2.5, 0, 0],
							"lerp_mode": "catmullrom"
						},
						"1.2083": [0, "0+math.sin(q.anim_time*90*2*2*90)*4", 0],
						"2.0833": [-2.5, 0, 0]
					},
					"position": {
						"0.0": {
							"post": [0, 0, -1],
							"lerp_mode": "catmullrom"
						},
						"0.9167": {
							"post": [0, 0, -1],
							"lerp_mode": "catmullrom"
						},
						"2.0833": [0, 0, -1]
					}
				},
				"hand_parte1": {
					"rotation": {
						"0.0": [0, 7.5, 40],
						"0.5": [0, 30, 40],
						"0.9167": [0, 30, 40],
						"1.2083": [0, -30, 40],
						"1.75": [0, -30, 40],
						"2.2083": [0, 7.5, 40]
					},
					"position": {
						"0.0": [-20, 13, 3],
						"0.5": {
							"pre": [-18.84, 13, 3.11],
							"post": [-18.84, 13, 3.11],
							"lerp_mode": "catmullrom"
						},
						"0.9167": {
							"post": [-18.84, 13, 3.11],
							"lerp_mode": "catmullrom"
						},
						"1.2083": {
							"post": [-18, 13, -2],
							"lerp_mode": "catmullrom"
						},
						"1.75": {
							"post": [-18, 13, -2],
							"lerp_mode": "catmullrom"
						},
						"2.2083": [-20, 13, 3]
					}
				},
				"hand_mini1": {
					"rotation": {
						"0.0": [0, -7.5, 20],
						"0.5417": {
							"pre": [6.24605, 19.03771, 38.54835],
							"post": [6.24605, 19.03771, 38.54835],
							"lerp_mode": "catmullrom"
						},
						"0.9583": {
							"post": [6.24605, 19.03771, 38.54835],
							"lerp_mode": "catmullrom"
						},
						"1.2083": {
							"post": [9.00717, 20.70481, 24.14867],
							"lerp_mode": "catmullrom"
						},
						"1.75": {
							"post": [9.00717, 20.70481, 24.14867],
							"lerp_mode": "catmullrom"
						},
						"2.25": [0, -7.5, 20]
					},
					"position": {
						"0.0": [0, 4, -1],
						"0.5417": {
							"pre": [0, 4, 1],
							"post": [0, 4, 1],
							"lerp_mode": "catmullrom"
						},
						"0.9583": {
							"post": [0, 4, 1],
							"lerp_mode": "catmullrom"
						},
						"1.2083": {
							"post": [-1, 4, 3],
							"lerp_mode": "catmullrom"
						},
						"1.75": {
							"post": [-1, 4, 3],
							"lerp_mode": "catmullrom"
						},
						"2.25": [0, 4, -1]
					}
				},
				"fist": {
					"rotation": {
						"0.0": [0, 57.5, 0],
						"0.2917": {
							"pre": [0, 57.5, 0],
							"post": [0, 57.5, 0],
							"lerp_mode": "catmullrom"
						},
						"0.5417": {
							"post": [71.83277, 46.03805, 76.71018],
							"lerp_mode": "catmullrom"
						},
						"0.9167": {
							"post": [71.83277, 46.03805, 76.71018],
							"lerp_mode": "catmullrom"
						},
						"1.2083": {
							"post": [0, 40, 0],
							"lerp_mode": "catmullrom"
						},
						"1.75": {
							"post": [0, 40, 0],
							"lerp_mode": "catmullrom"
						},
						"2.25": [0, 57.5, 0]
					},
					"position": {
						"0.0": [4, 0, 15],
						"0.2917": [4, 0, 15],
						"0.5417": [12, 12, 15],
						"0.9167": [12, 12, 15],
						"1.2083": [0, 0, 11],
						"1.75": {
							"pre": [0, 0, 11],
							"post": [0, 0, 11],
							"lerp_mode": "catmullrom"
						},
						"2.25": [4, 0, 15]
					}
				},
				"hand_parte2": {
					"rotation": {
						"0.0": [0, -7.5, -40],
						"0.5": [0, -30, -40],
						"0.9167": [0, -30, -40],
						"1.2083": [0, 30, -40],
						"1.75": [0, 30, -40],
						"2.2083": [0, -7.5, -40]
					},
					"position": {
						"0.0": [20, 13, 3],
						"0.5": {
							"pre": [18.84, 13, 3.11],
							"post": [18.84, 13, 3.11],
							"lerp_mode": "catmullrom"
						},
						"0.9167": {
							"post": [18.84, 13, 3.11],
							"lerp_mode": "catmullrom"
						},
						"1.2083": {
							"post": [18, 13, -2],
							"lerp_mode": "catmullrom"
						},
						"1.75": {
							"post": [18, 13, -2],
							"lerp_mode": "catmullrom"
						},
						"2.2083": [20, 13, 3]
					}
				},
				"hand_mini2": {
					"rotation": {
						"0.0": [0, 7.5, -20],
						"0.5417": {
							"pre": [6.24605, -19.03771, -38.54835],
							"post": [6.24605, -19.03771, -38.54835],
							"lerp_mode": "catmullrom"
						},
						"0.9583": {
							"post": [6.24605, -19.03771, -38.54835],
							"lerp_mode": "catmullrom"
						},
						"1.2083": {
							"post": [9.00717, -20.70481, -24.14867],
							"lerp_mode": "catmullrom"
						},
						"1.75": {
							"post": [9.00717, -20.70481, -24.14867],
							"lerp_mode": "catmullrom"
						},
						"2.25": [0, 7.5, -20]
					},
					"position": {
						"0.0": [0, 4, -1],
						"0.5417": {
							"pre": [0, 4, 1],
							"post": [0, 4, 1],
							"lerp_mode": "catmullrom"
						},
						"0.9583": {
							"post": [0, 4, 1],
							"lerp_mode": "catmullrom"
						},
						"1.2083": {
							"post": [1, 4, 3],
							"lerp_mode": "catmullrom"
						},
						"1.75": {
							"post": [1, 4, 3],
							"lerp_mode": "catmullrom"
						},
						"2.25": [0, 4, -1]
					}
				},
				"fist3": {
					"rotation": {
						"0.0": [0, -57.5, 0],
						"0.2917": {
							"pre": [0, -57.5, 0],
							"post": [0, -57.5, 0],
							"lerp_mode": "catmullrom"
						},
						"0.5417": {
							"post": [71.83277, -46.03805, -76.71018],
							"lerp_mode": "catmullrom"
						},
						"0.9167": {
							"post": [71.83277, -46.03805, -76.71018],
							"lerp_mode": "catmullrom"
						},
						"1.2083": {
							"post": [0, -40, 0],
							"lerp_mode": "catmullrom"
						},
						"1.75": {
							"post": [0, -40, 0],
							"lerp_mode": "catmullrom"
						},
						"2.25": [0, -57.5, 0]
					},
					"position": {
						"0.0": [-4, 0, 15],
						"0.2917": [-4, 0, 15],
						"0.5417": [-12, 12, 15],
						"0.9167": [-12, 12, 15],
						"1.2083": [0, 0, 11],
						"1.75": {
							"pre": [0, 0, 11],
							"post": [0, 0, 11],
							"lerp_mode": "catmullrom"
						},
						"2.25": [-4, 0, 15]
					}
				},
				"head": {
					"rotation": {
						"0.0": [-5, 0, 0],
						"0.5": {
							"pre": [22.5, 0, 0],
							"post": [22.5, 0, 0],
							"lerp_mode": "catmullrom"
						},
						"0.75": {
							"post": [-5, 0, 0],
							"lerp_mode": "catmullrom"
						},
						"0.9583": {
							"post": [20, 0, 0],
							"lerp_mode": "catmullrom"
						},
						"1.25": ["-12.5+math.cos(q.anim_time*90*24-60)*8", 0, "0+math.sin(q.anim_time*90*2*2*90)*4"],
						"1.75": ["-12.5+math.cos(q.anim_time*90*24-60)*8", 0, "0+math.sin(q.anim_time*90*2*2*90)*4"],
						"2.25": [-5, 0, 0]
					},
					"position": {
						"0.0": [0, 0, 0],
						"0.75": {
							"pre": [0, 0, 0],
							"post": [0, 0, 0],
							"lerp_mode": "catmullrom"
						},
						"1.25": [0, 0, -1.5],
						"1.75": [0, 0, -1.5],
						"2.25": [0, 0, 0]
					}
				},
				"mounch1": {
					"rotation": {
						"0.0": [2.5, 0, 0],
						"1.0": [2.5, 0, 0],
						"1.2083": ["25+math.sin(q.anim_time*90*22)*6", 0, 0],
						"1.75": ["25+math.sin(q.anim_time*90*22)*6", 0, 0],
						"2.2083": [2.5, 0, 0]
					}
				},
				"bone2": {
					"rotation": [0, 0, 40],
					"position": [-26, 0, 0]
				},
				"bone": {
					"rotation": [0, 0, -40],
					"position": [0, -3, 0]
				},
				"bone3": {
					"rotation": [-5, 0, 0],
					"position": [0, 0, -4]
				},
				"bone4": {
					"rotation": [-5, 0, 0],
					"position": [0, -1, -5]
				},
				"bone5": {
					"position": [0, -1, 0]
				},
				"hands": {
					"position": [0, 3, 0]
				},
				"legwalk1": {
					"rotation": {
						"0.0": [0, 0, 0],
						"1.25": [-12.5, 0, 0],
						"1.7917": [-12.5, 0, 0],
						"2.2917": [0, 0, 0]
					}
				}
			}
		},
		"animation.coalossal.status": {
			"animation_length": 2.3333,
			"bones": {
				"leg1": {
					"rotation": {
						"0.0": [0, -17.5, 0],
						"0.5417": {
							"pre": [5, -16.01166, 0],
							"post": [5, -16.01166, 0],
							"lerp_mode": "catmullrom"
						},
						"0.75": {
							"post": [-7.5, -15, 0],
							"lerp_mode": "catmullrom"
						},
						"0.875": {
							"post": [0.77032, -18.4112, 0],
							"lerp_mode": "catmullrom"
						},
						"1.0": {
							"post": [-8.35277, -22.0101, 0],
							"lerp_mode": "catmullrom"
						},
						"1.125": {
							"post": [0, -22.5, 0],
							"lerp_mode": "catmullrom"
						},
						"1.25": {
							"post": [10.59214, -20.55267, 0],
							"lerp_mode": "catmullrom"
						},
						"1.7917": {
							"post": [10.59214, -20.55267, 0],
							"lerp_mode": "catmullrom"
						},
						"2.25": [0, -17.5, 0]
					},
					"position": {
						"0.0": [0, 0, -3],
						"0.5417": {
							"pre": [0, -0.68, -3.86],
							"post": [0, -0.68, -3.86],
							"lerp_mode": "catmullrom"
						},
						"0.6667": {
							"post": [0, -0.37, -4.61],
							"lerp_mode": "catmullrom"
						},
						"0.75": {
							"post": [0, 3, -5],
							"lerp_mode": "catmullrom"
						},
						"1.0": {
							"post": [0, 2.42, -5.02],
							"lerp_mode": "catmullrom"
						},
						"1.0417": [0, 1.62, -5.04],
						"1.0833": [0, -1.09, -5.06],
						"1.125": [0, -1, -5],
						"1.1667": [0, 0.35, -4.81],
						"1.2083": [0, -0.66, -4.58],
						"1.25": {
							"pre": [0, 0.14, -4.22],
							"post": [0, 0.14, -4.22],
							"lerp_mode": "catmullrom"
						},
						"1.7917": {
							"post": [0, 0.14, -4.22],
							"lerp_mode": "catmullrom"
						},
						"2.25": [0, 0, -3]
					}
				},
				"leg2": {
					"rotation": {
						"0.0": [0, 17.5, 0],
						"0.5": {
							"pre": [15.50756, 36.09683, 9.15372],
							"post": [15.50756, 36.09683, 9.15372],
							"lerp_mode": "catmullrom"
						},
						"0.7083": {
							"post": [0, 42.5, 0],
							"lerp_mode": "catmullrom"
						},
						"0.8333": {
							"post": [0, 21.47, 0],
							"lerp_mode": "catmullrom"
						},
						"1.0": {
							"post": [0, 21.47, 0],
							"lerp_mode": "catmullrom"
						},
						"1.75": {
							"post": [0, 21.47, 0],
							"lerp_mode": "catmullrom"
						},
						"2.25": [0, 17.5, 0]
					},
					"position": {
						"0.0": [0, 0, -3],
						"0.5": {
							"pre": [0, 0, -7],
							"post": [0, 0, -7],
							"lerp_mode": "catmullrom"
						},
						"0.7083": {
							"post": [0, 0, -8],
							"lerp_mode": "catmullrom"
						},
						"0.8333": {
							"post": [0, 0, -8],
							"lerp_mode": "catmullrom"
						},
						"1.0": {
							"post": [0, 0, -8],
							"lerp_mode": "catmullrom"
						},
						"1.75": {
							"post": [0, 0, -8],
							"lerp_mode": "catmullrom"
						},
						"2.25": [0, 0, -3]
					}
				},
				"torso": {
					"rotation": {
						"0.0": {
							"post": [10, 0, 0],
							"lerp_mode": "catmullrom"
						},
						"0.2917": {
							"post": [7.5, 0, 0],
							"lerp_mode": "catmullrom"
						},
						"0.5": {
							"post": [17.5, 0, 0],
							"lerp_mode": "catmullrom"
						},
						"0.9167": {
							"post": [17.5, 0, 0],
							"lerp_mode": "catmullrom"
						},
						"1.2083": {
							"post": [-10, "0+math.cos(q.anim_time*90*24-0)*8", "0+math.sin(q.anim_time*90*32)*2"],
							"lerp_mode": "catmullrom"
						},
						"1.75": {
							"post": [-10, "0+math.cos(q.anim_time*90*24-0)*8", "0+math.sin(q.anim_time*90*32)*2"],
							"lerp_mode": "catmullrom"
						},
						"2.0833": {
							"post": [2.5, 0, 0],
							"lerp_mode": "catmullrom"
						},
						"2.3333": {
							"post": [10, 0, 0],
							"lerp_mode": "catmullrom"
						}
					},
					"position": {
						"0.0": [0, -1, 6],
						"0.5": [0, -1, 6],
						"0.9167": {
							"pre": [0, -1, 6],
							"post": [0, -1, 6],
							"lerp_mode": "catmullrom"
						},
						"1.2083": [0, -1, -6],
						"1.75": [0, -1, -6],
						"2.0833": [0, -1, 1],
						"2.3333": [0, -1, 6]
					}
				},
				"torso_mini": {
					"rotation": {
						"0.0": {
							"post": [-2.5, 0, 0],
							"lerp_mode": "catmullrom"
						},
						"0.9167": {
							"post": [-2.5, 0, 0],
							"lerp_mode": "catmullrom"
						},
						"1.2083": {
							"post": [0, "0+math.sin(q.anim_time*90*2*2*90)*4", 0],
							"lerp_mode": "catmullrom"
						},
						"2.0833": [-2.5, 0, 0]
					},
					"position": {
						"0.0": {
							"post": [0, 0, -1],
							"lerp_mode": "catmullrom"
						},
						"0.9167": {
							"post": [0, 0, -1],
							"lerp_mode": "catmullrom"
						},
						"2.0833": [0, 0, -1]
					}
				},
				"hand_parte1": {
					"rotation": {
						"0.0": [0, 7.5, 40],
						"0.5": [0, 30, 40],
						"0.9167": [0, 30, 40],
						"1.2083": [0, -30, 40],
						"1.75": [0, -30, 40],
						"2.2083": [0, 7.5, 40]
					},
					"position": {
						"0.0": [-20, 13, 3],
						"0.5": {
							"pre": [-18.84, 13, 3.11],
							"post": [-18.84, 13, 3.11],
							"lerp_mode": "catmullrom"
						},
						"0.9167": {
							"post": [-18.84, 13, 3.11],
							"lerp_mode": "catmullrom"
						},
						"1.2083": {
							"post": [-18, 13, -2],
							"lerp_mode": "catmullrom"
						},
						"1.75": {
							"post": [-18, 13, -2],
							"lerp_mode": "catmullrom"
						},
						"2.2083": [-20, 13, 3]
					}
				},
				"hand_mini1": {
					"rotation": {
						"0.0": [0, -7.5, 20],
						"0.5417": {
							"pre": [6.24605, 19.03771, 38.54835],
							"post": [6.24605, 19.03771, 38.54835],
							"lerp_mode": "catmullrom"
						},
						"0.9583": {
							"post": [6.24605, 19.03771, 38.54835],
							"lerp_mode": "catmullrom"
						},
						"1.2083": {
							"post": [9.00717, 20.70481, 24.14867],
							"lerp_mode": "catmullrom"
						},
						"1.75": {
							"post": [9.00717, 20.70481, 24.14867],
							"lerp_mode": "catmullrom"
						},
						"2.25": [0, -7.5, 20]
					},
					"position": {
						"0.0": [0, 4, -1],
						"0.5417": {
							"pre": [0, 4, 1],
							"post": [0, 4, 1],
							"lerp_mode": "catmullrom"
						},
						"0.9583": {
							"post": [0, 4, 1],
							"lerp_mode": "catmullrom"
						},
						"1.2083": {
							"post": [-1, 4, 3],
							"lerp_mode": "catmullrom"
						},
						"1.75": {
							"post": [-1, 4, 3],
							"lerp_mode": "catmullrom"
						},
						"2.25": [0, 4, -1]
					}
				},
				"fist": {
					"rotation": {
						"0.0": [0, 57.5, 0],
						"0.2917": {
							"pre": [0, 57.5, 0],
							"post": [0, 57.5, 0],
							"lerp_mode": "catmullrom"
						},
						"0.5417": {
							"post": [71.83277, 46.03805, 76.71018],
							"lerp_mode": "catmullrom"
						},
						"0.9167": {
							"post": [71.83277, 46.03805, 76.71018],
							"lerp_mode": "catmullrom"
						},
						"1.2083": {
							"post": [0, 40, 0],
							"lerp_mode": "catmullrom"
						},
						"1.75": {
							"post": [0, 40, 0],
							"lerp_mode": "catmullrom"
						},
						"2.25": [0, 57.5, 0]
					},
					"position": {
						"0.0": [4, 0, 15],
						"0.2917": [4, 0, 15],
						"0.5417": [12, 12, 15],
						"0.9167": [12, 12, 15],
						"1.2083": [0, 0, 11],
						"1.75": {
							"pre": [0, 0, 11],
							"post": [0, 0, 11],
							"lerp_mode": "catmullrom"
						},
						"2.25": [4, 0, 15]
					}
				},
				"hand_parte2": {
					"rotation": {
						"0.0": [0, -7.5, -40],
						"0.5": [0, -30, -40],
						"0.9167": [0, -30, -40],
						"1.2083": [0, 30, -40],
						"1.75": [0, 30, -40],
						"2.2083": [0, -7.5, -40]
					},
					"position": {
						"0.0": [20, 13, 3],
						"0.5": {
							"pre": [18.84, 13, 3.11],
							"post": [18.84, 13, 3.11],
							"lerp_mode": "catmullrom"
						},
						"0.9167": {
							"post": [18.84, 13, 3.11],
							"lerp_mode": "catmullrom"
						},
						"1.2083": {
							"post": [18, 13, -2],
							"lerp_mode": "catmullrom"
						},
						"1.75": {
							"post": [18, 13, -2],
							"lerp_mode": "catmullrom"
						},
						"2.2083": [20, 13, 3]
					}
				},
				"hand_mini2": {
					"rotation": {
						"0.0": [0, 7.5, -20],
						"0.5417": {
							"pre": [6.24605, -19.03771, -38.54835],
							"post": [6.24605, -19.03771, -38.54835],
							"lerp_mode": "catmullrom"
						},
						"0.9583": {
							"post": [6.24605, -19.03771, -38.54835],
							"lerp_mode": "catmullrom"
						},
						"1.2083": {
							"post": [9.00717, -20.70481, -24.14867],
							"lerp_mode": "catmullrom"
						},
						"1.75": {
							"post": [9.00717, -20.70481, -24.14867],
							"lerp_mode": "catmullrom"
						},
						"2.25": [0, 7.5, -20]
					},
					"position": {
						"0.0": [0, 4, -1],
						"0.5417": {
							"pre": [0, 4, 1],
							"post": [0, 4, 1],
							"lerp_mode": "catmullrom"
						},
						"0.9583": {
							"post": [0, 4, 1],
							"lerp_mode": "catmullrom"
						},
						"1.2083": {
							"post": [1, 4, 3],
							"lerp_mode": "catmullrom"
						},
						"1.75": {
							"post": [1, 4, 3],
							"lerp_mode": "catmullrom"
						},
						"2.25": [0, 4, -1]
					}
				},
				"fist3": {
					"rotation": {
						"0.0": [0, -57.5, 0],
						"0.2917": {
							"pre": [0, -57.5, 0],
							"post": [0, -57.5, 0],
							"lerp_mode": "catmullrom"
						},
						"0.5417": {
							"post": [71.83277, -46.03805, -76.71018],
							"lerp_mode": "catmullrom"
						},
						"0.9167": {
							"post": [71.83277, -46.03805, -76.71018],
							"lerp_mode": "catmullrom"
						},
						"1.2083": {
							"post": [0, -40, 0],
							"lerp_mode": "catmullrom"
						},
						"1.75": {
							"post": [0, -40, 0],
							"lerp_mode": "catmullrom"
						},
						"2.25": [0, -57.5, 0]
					},
					"position": {
						"0.0": [-4, 0, 15],
						"0.2917": [-4, 0, 15],
						"0.5417": [-12, 12, 15],
						"0.9167": [-12, 12, 15],
						"1.2083": [0, 0, 11],
						"1.75": {
							"pre": [0, 0, 11],
							"post": [0, 0, 11],
							"lerp_mode": "catmullrom"
						},
						"2.25": [-4, 0, 15]
					}
				},
				"head": {
					"rotation": {
						"0.0": [-5, 0, 0],
						"0.75": [-5, 0, 0],
						"0.9583": [20, 0, 0],
						"1.25": ["-12.5+math.cos(q.anim_time*90*24-60)*8", 0, "0+math.sin(q.anim_time*90*2*2*90)*4"],
						"1.75": ["-12.5+math.cos(q.anim_time*90*24-60)*8", 0, "0+math.sin(q.anim_time*90*2*2*90)*4"],
						"2.25": [-5, 0, 0]
					},
					"position": {
						"0.0": [0, 0, 0],
						"0.75": [0, 0, 0],
						"1.25": [0, 0, -1.5],
						"1.75": [0, 0, -1.5],
						"2.25": [0, 0, 0]
					}
				},
				"mounch1": {
					"rotation": {
						"0.0": [2.5, 0, 0],
						"1.0": [2.5, 0, 0],
						"1.2083": ["25+math.sin(q.anim_time*90*22)*6", 0, 0],
						"1.75": ["25+math.sin(q.anim_time*90*22)*6", 0, 0],
						"2.2083": [2.5, 0, 0]
					}
				},
				"bone2": {
					"rotation": [0, 0, 40],
					"position": [-26, 0, 0]
				},
				"bone": {
					"rotation": [0, 0, -40],
					"position": [0, -3, 0]
				},
				"bone3": {
					"rotation": [-5, 0, 0],
					"position": [0, 0, -4]
				},
				"bone4": {
					"rotation": [-5, 0, 0],
					"position": [0, -1, -5]
				},
				"bone5": {
					"position": [0, -1, 0]
				},
				"hands": {
					"position": [0, 3, 0]
				},
				"legwalk1": {
					"rotation": {
						"0.0": [0, 0, 0],
						"1.25": [-12.5, 0, 0],
						"1.7917": [-12.5, 0, 0],
						"2.2917": [0, 0, 0]
					}
				}
			}
		},
		"animation.coalossal.sleep": {
			"loop": true,
			"bones": {
				"leg1": {
					"rotation": [-75, -17.5, 0],
					"position": [3, 2, -16]
				},
				"leg2": {
					"rotation": [-75, 17.5, 0],
					"position": [-3, 2, -16]
				},
				"torso": {
					"rotation": ["15+math.cos(q.anim_time*90*2-0)*0.35", 0, 0],
					"position": [0, "-5-math.cos(q.anim_time*90*2-0)*0.1", 4]
				},
				"torso_mini": {
					"rotation": [-10, 0, 0],
					"position": [0, -2, 0]
				},
				"hand_parte1": {
					"rotation": [0, "15+math.sin(q.anim_time*90*2+0)*0.35", 40],
					"position": [-20, 13, 3]
				},
				"hand_mini1": {
					"rotation": [0, 0, 5],
					"position": [0, 2, -1]
				},
				"fist": {
					"rotation": [0, 57.5, 0],
					"position": [5, 0, 16]
				},
				"hand_parte2": {
					"rotation": [0, "-15-math.sin(q.anim_time*90*2+0)*0.35", -40],
					"position": [20, 13, 3]
				},
				"hand_mini2": {
					"rotation": [0, 0, -5],
					"position": [0, 2, -1]
				},
				"fist3": {
					"rotation": [0, -57.5, 0],
					"position": [-4, 0, 15]
				},
				"head": {
					"rotation": ["12.5+math.sin(q.anim_time*90*4-0)*0.35", 0, 0],
					"position": [0, 0, 1]
				},
				"bone2": {
					"rotation": [0, 0, 40],
					"position": [-27, -1, 0]
				},
				"bone": {
					"rotation": [0, 0, -40],
					"position": [1, -4, 0]
				},
				"bone3": {
					"rotation": [-5, 0, 0]
				},
				"bone4": {
					"rotation": [-5, 0, 0],
					"position": [0, -1, -5]
				},
				"bone5": {
					"position": [0, -1, 0]
				},
				"hands": {
					"position": [0, 3, 0]
				},
				"legpart1": {
					"rotation": [15, 0, 0],
					"position": [0, 0, 1]
				},
				"legwalk1": {
					"rotation": [7.5, 0, 0]
				},
				"legpart2": {
					"rotation": [15, 0, 0],
					"position": [0, 0, 1]
				},
				"legwalk2": {
					"rotation": [7.5, 0, 0]
				},
				"eye1": {
					"position": [-1, 0, 0]
				},
				"ceja1": {
					"position": [0, 0, 0]
				},
				"eye2": {
					"position": [1, 0, 0]
				},
				"ceja2": {
					"position": [1, 0, 0]
				}
			}
		},
		"animation.coalossal.cry": {
			"animation_length": 1,
			"bones": {
				"torso": {
					"rotation": {
						"0.0": {
							"post": [0, 0, 0],
							"lerp_mode": "catmullrom"
						},
						"0.25": {
							"post": [-5, 0, 0],
							"lerp_mode": "catmullrom"
						},
						"1.0": {
							"post": [0, 0, 0],
							"lerp_mode": "catmullrom"
						}
					}
				},
				"hand_parte1": {
					"rotation": {
						"0.0": {
							"post": [0, 0, 0],
							"lerp_mode": "catmullrom"
						},
						"0.25": {
							"post": [0, -7.5, 0],
							"lerp_mode": "catmullrom"
						},
						"1.0": {
							"post": [0, 0, 0],
							"lerp_mode": "catmullrom"
						}
					}
				},
				"hand_parte2": {
					"rotation": {
						"0.0": {
							"post": [0, 0, 0],
							"lerp_mode": "catmullrom"
						},
						"0.25": {
							"post": [0, 7.5, 0],
							"lerp_mode": "catmullrom"
						},
						"1.0": {
							"post": [0, 0, 0],
							"lerp_mode": "catmullrom"
						}
					}
				},
				"head": {
					"rotation": {
						"0.0": [0, 0, 0],
						"0.25": [-7.5, 0, 0],
						"1.0": [0, 0, 0]
					}
				},
				"mounch1": {
					"rotation": {
						"0.0": [0, 0, 0],
						"0.25": [22.5, 0, 0],
						"1.0": [0, 0, 0]
					},
					"position": {
						"0.0": [0, 0, 0],
						"0.25": [0, 0, -1],
						"1.0": [0, 0, 0]
					}
				}
			},
			"sound_effects": {
				"0.125": {
					"effect": "pokemon.coalossal.cry"
				}
			}
		}
	}
}