{
  "portraitScale": 1.90,
  "portraitTranslation": [ -0.2, -0.66, 0],
  "profileScale": 0.59,
  "profileTranslation": [ 0, 0.84, 0],
  "rootBone": "clobbopus",
    "animations": {
      "cry": "q.bedrock_stateful('clobbopus', 'cry')",
      "physical": "q.bedrock_primary('clobbopus', 'physical')",
      "special": "q.bedrock_primary('clobbopus', 'special')",
      "status": "q.bedrock_primary('clobbopus', 'status')",
      "recoil": "q.bedrock_stateful('clobbopus', 'recoil')"
    },
    "poses": {
      "standing": {
        "poseName": "standing",
        "transformTicks": 10,
        "poseTypes": ["STAND", "NONE", "PORTRAIT", "PROFILE"],
        "isBattle": false,
        "animations": [
          "q.look('head')",
          "q.bedrock('clobbopus', 'ground_idle')"
       ]
      },
      "battle": {
        "poseName": "battle_idle",
        "transformTicks": 10,
        "poseTypes": ["STAND"],
        "isBattle": true,
        "animations": [
          "q.look('head')",
          "q.bedrock('clobbopus', 'ground_idle')"
        ]
      },
   "float": {
       "poseTypes": ["FLOAT"],
       "animations": [
         "q.look('head')",
         "q.bedrock('clobbopus', 'ground_idle')"
       ],
       "quirks": ["q.bedrock_quirk('clobbopus', 'blink')"]
     },
     "swim": {
       "poseTypes": ["SWIM"],
       "animations": [
         "q.look('head')",
         "q.bedrock('clobbopus', 'ground_walk')"
        ],
        "quirks": [
          "q.bedrock_quirk('clobbopus', 'blink')"
       ]
      },
      "walking": {
        "poseName": "walking",
        "transformTicks": 10,
        "poseTypes": ["WALK"],
        "animations": [
          "q.bedrock('clobbopus', 'ground_walk')"
       ]
      },
      "sleeping": {
        "poseName": "sleeping",
        "transformTicks": 10,
        "poseTypes": ["SLEEP"],
        "animations": [
          "q.bedrock('clobbopus', 'ground_idle')"
        ]
      }
    }
  }