{
    "portraitScale": 1.65,
    "portraitTranslation": [-0.3, -0.7, 0.0],
    "profileScale": 0.9,
    "profileTranslation": [0.0, 0.4, 0.0],
    "animations": {
      "cry": "q.bedrock_stateful('dottler', 'cry')",
      "physical": "q.bedrock_stateful('dottler', 'physical')",
      "special": "q.bedrock_stateful('dottler', 'special')",
      "status": "q.bedrock_stateful('dottler', 'status')",
      "howl": "q.bedrock_stateful('dottler', 'special')",
      "recoil": "q.bedrock_stateful('dottler', 'recoil')"
    },
    "poses": {
      "standing": {
        "poseName": "standing",
        "transformTicks": 10,
        "poseTypes": ["STAND", "NONE", "PORTRAIT", "PROFILE"],
        "isBattle": false,
        "animations": [
          "q.look('head')",
          "q.bedrock('dottler', 'ground_idle')"
       ]
      },
      "battle": {
        "poseName": "battle_idle",
        "transformTicks": 10,
        "poseTypes": ["STAND"],
        "isBattle": true,
        "animations": [
          "q.look('head')",
          "q.bedrock('dottler', 'battle_idle')"
        ],
        "quirks": [
          "q.bedrock_quirk('dottler', 'blink')"
       ]
      },
      "walking": {
        "poseName": "walking",
        "transformTicks": 10,
        "poseTypes": ["WALK"],
        "animations": [
          "q.bedrock('dottler', 'ground_walk')"
       ]
      },
      "sleeping": {
        "poseName": "sleeping",
        "transformTicks": 10,
        "poseTypes": ["SLEEP"],
        "animations": [
          "q.bedrock('dottler', 'ground_idle')"
        ]
      }
    }
  }