{
  "portraitScale": 1.72,
  "portraitTranslation": [ -0.09, -0.19, 0 ],
  "profileScale": 0.60,
  "profileTranslation": [ 0.0, 0.84, 0 ],
    "animations": {
      "faint": "q.bedrock_primary('drilbur', 'faint')",
      "cry": "q.bedrock_stateful('drilbur', 'cry')",
        "physical": "q.bedrock_primary('drilbur', 'special', q.curve('symmetrical_wide'))",
        "special": "q.bedrock_primary('drilbur', 'drillrun', q.curve('symmetrical_wide'))",
        "drillrun": "q.bedrock_primary('drilbur', 'drillrun', q.curve('symmetrical_wide'))",
        "status": "q.bedrock_primary('drilbur', 'status', q.curve('symmetrical_wide'))",
        "recoil": "q.bedrock_stateful('drilbur', 'recoil')"
  },
  "poses": {
    "battle-standing": {
      "poseTypes": [
        "STAND"
      ],
      "isBattle": true,
      "animations": [
	  "q.look('head')",
        "q.bedrock('drilbur', 'battle_idle')"
      ],
	  "namedAnimations": {
			"cry": "q.bedrock_primary('drilbur', 'battle_cry', q.curve('symmetrical_wide'))"
          },
      "quirks": [
        "q.bedrock_quirk('drilbur', 'blink')",
        "q.bedrock_quirk('drilbur', 'quirk')"
      ]
    },"standing": {
      "poseTypes": [
        "STAND",
        "NONE",
        "PORTRAIT",
        "PROFILE"
      ],
      "isBattle": false,
      "animations": [
	  "q.look('head')",
        "q.bedrock('drilbur', 'ground_idle')"
      ],
      "quirks": [
        "q.bedrock_quirk('drilbur', 'blink')",
        "q.bedrock_quirk('drilbur', 'quirk')"
      ]
    },
    "walking": {
      "poseTypes": [
        "WALK","SWIM"
      ],
      "animations": [
        "q.bedrock('drilbur', 'ground_walk')"
      ],
      "quirks": [
        "q.bedrock_quirk('drilbur', 'blink')",
        "q.bedrock_quirk('drilbur', 'quirk')"
       ]
      },
      "sleeping": {
        "poseName": "sleeping",
        "transformTicks": 10,
        "poseTypes": ["SLEEP"],
        "animations": [
          "q.bedrock('drilbur', 'sleep')"
        ]
      },
      "shoulder_left": {
        "poseTypes": ["SHOULDER_LEFT"],
        "animations": [
          "q.bedrock('drilbur', 'shoulder_left')"
        ],
        "quirks": ["q.bedrock_quirk('drilbur', 'blink')"]
      },
      "shoulder_right": {
        "poseTypes": ["SHOULDER_RIGHT"],
        "animations": [
          "q.bedrock('drilbur', 'shoulder_right')"
        ],
        "quirks": ["q.bedrock_quirk('drilbur', 'blink')"]
      }
    }
   }