{
  "portraitScale": 1.73,
  "portraitTranslation": [-0.46, 0.59, 0],
  "profileScale": 0.59,
  "profileTranslation": [0.0, 0.87, 0],
    "rootBone": "excadrill",   
    "animations": {
      "cry": "q.bedrock_stateful('excadrill', 'cry')",
        "physical": "q.bedrock_primary('excadrill', 'physical', q.curve('symmetrical_wide'))",
        "special": "q.bedrock_primary('excadrill', 'special', q.curve('symmetrical_wide'))",
        "status": "q.bedrock_primary('excadrill', 'status',q.curve('symmetrical_wide'))",
        "recoil": "q.bedrock_stateful('excadrill', 'recoil')"
  },
  "poses": {
    "battle-standing": {
      "poseTypes": [
        "STAND"
      ],
      "isBattle": true,
      "animations": [
	  "q.look('head')",
        "q.bedrock('excadrill', 'battle_idle')"
      ],
	  "namedAnimations": {
			"cry": "q.bedrock_primary('excadrill', 'battle_cry', q.curve('symmetrical_wide'))"
          },
      "quirks": [
        "q.bedrock_quirk('excadrill', 'blink')",
        "q.bedrock_quirk('excadrill', 'quirk')"
      ]
    },"standing": {
      "poseTypes": [
        "STAND",
        "NONE",
        "PORTRAIT",
        "PROFILE"
      ],
      "isBattle": false,
      "animations": [
	  "q.look('head')",
        "q.bedrock('excadrill', 'ground_idle')"
      ],
      "quirks": [
        "q.bedrock_quirk('excadrill', 'blink')",
        "q.bedrock_quirk('excadrill', 'quirk')"
      ]
    },
    "walking": {
      "poseTypes": [
        "WALK","SWIM"
      ],
      "animations": [
        "q.bedrock('excadrill', 'ground_walk')"
      ],
      "quirks": [
        "q.bedrock_quirk('excadrill', 'blink')",
        "q.bedrock_quirk('excadrill', 'quirk')"
       ]
      },
      "sleeping": {
        "poseName": "sleeping",
        "transformTicks": 10,
        "poseTypes": ["SLEEP"],
        "animations": [
          "q.bedrock('excadrill', 'sleep')"
      ]
     }
    }
   }