{
  "portraitScale": 2.16,
  "portraitTranslation": [-0.18, 1.44, 0],
  "profileScale": 0.66,
  "profileTranslation": [-0.13, 0.77, 0],   
    "animations": {
      "physical": "q.bedrock_primary('lokix', 'physical', q.curve('symmetrical_wide'))",
      "recoil": "q.bedrock_stateful('lokix', 'recoil')"
  },
  "poses": {
    "battle-standing": {
      "poseTypes": [
        "STAND"
      ],
      "isBattle": true,
      "animations": [
	  "q.look('head')",
        "q.bedrock('lokix', 'battle_idle')"
      ]
          },
      "quirks": [
        "q.bedrock_quirk('lokix', 'blink')"
      ]
    },"standing": {
      "poseTypes": [
        "STAND",
        "NONE",
        "PORTRAIT",
        "PROFILE"
      ],
      "isBattle": false,
      "animations": [
	  "q.look('head')",
        "q.bedrock('lokix', 'ground_idle')"
      ],
      "quirks": [
        "q.bedrock_quirk('lokix', 'blink')"
      ]
    },
    "walking": {
      "poseTypes": [
        "WALK","SWIM"
      ],
      "animations": [
        "q.bedrock('lokix', 'ground_walk')"
      ],
      "quirks": [
        "q.bedrock_quirk('lokix', 'blink')"
      ]
    }
  }
