{
  "portraitScale": 2.16,
  "portraitTranslation": [-0.18, 1.44, 0],
  "profileScale": 0.66,
  "profileTranslation": [-0.13, 0.77, 0],
    "rootBone": "mienshao",    
    "animations": {
      "faint": "q.bedrock_primary('mienshao', 'faint')",
      "cry": "q.bedrock_stateful('mienshao', 'cry')",
      "physical": "q.bedrock_primary('mienshao', 'physical', q.curve('symmetrical_wide'))",
      "special": "q.bedrock_primary('mienshao', 'special', q.curve('symmetrical_wide'))",
      "status": "q.bedrock_primary('mienshao', 'status', q.curve('symmetrical_wide'))",
      "recoil": "q.bedrock_stateful('mienshao', 'recoil')"
  },
  "poses": {
    "battle-standing": {
      "poseTypes": [
        "STAND"
      ],
      "isBattle": true,
      "animations": [
	  "q.look('head')",
        "q.bedrock('mienshao', 'battle_idle')"
      ],
	  "namedAnimations": {
			"cry": "q.bedrock_primary('mienshao', 'battle_cry', q.curve('symmetrical_wide'))"
          },
      "quirks": [
        "q.bedrock_quirk('mienshao', 'blink')",
        "q.bedrock_quirk('mienshao', 'blink')"
      ]
    },"standing": {
      "poseTypes": [
        "STAND",
        "NONE",
        "PORTRAIT",
        "PROFILE"
      ],
      "isBattle": false,
      "animations": [
	  "q.look('head')",
        "q.bedrock('mienshao', 'ground_idle')"
      ],
      "quirks": [
        "q.bedrock_quirk('mienshao', 'blink')",
        "q.bedrock_quirk('mienshao', 'blink')"
      ]
    },
    "walking": {
      "poseTypes": [
        "WALK","SWIM"
      ],
      "animations": [
        "q.bedrock('mienshao', 'ground_walk')"
      ],
      "quirks": [
        "q.bedrock_quirk('mienshao', 'blink')",
        "q.bedrock_quirk('mienshao', 'blink')"
      ]
    }
  }
}