{
    "portraitScale": 1.85,
    "portraitTranslation": [ -0.10, 1.81, 0 ],
    "profileScale": 0.54,
    "profileTranslation": [ -0.05, 0.9, 0 ],
    "rootBone": "mrrime",    
    "animations": {
      "cry": "q.bedrock_stateful('mr_rime', 'cry')",
      "physical": "q.bedrock_primary('mr_rime', 'physical')",
      "special": "q.bedrock_primary('mr_rime', 'special')",
      "status": "q.bedrock_primary('mr_rime', 'status')",
      "recoil": "q.bedrock_stateful('mr_rime', 'recoil')"
    },
    "poses": {
      "standing": {
        "poseName": "standing",
        "transformTicks": 10,
        "poseTypes": ["STAND", "NONE", "PORTRAIT", "PROFILE"],
        "isBattle": false,
        "animations": [
          "q.look('head')",
          "q.bedrock('mr_rime', 'ground_idle')"
        ]
      },
      "battle": {
        "poseName": "battle_idle",
        "transformTicks": 10,
        "poseTypes": ["STAND"],
        "isBattle": true,
        "animations": [
          "q.look('head')",
          "q.bedrock('mr_rime', 'battle_idle')"
        ],
        "quirks": [
          "q.bedrock_quirk('mr_rime', 'blink')"
       ]
      },
      "walking": {
        "poseName": "walking",
        "transformTicks": 10,
        "poseTypes": ["WALK"],
        "animations": [
          "q.bedrock('mr_rime', 'ground_walk')"
        ]
      },
      "sleeping": {
        "poseName": "sleeping",
        "transformTicks": 10,
        "poseTypes": ["SLEEP"],
        "animations": [
          "q.bedrock('mr_rime', 'ground_idle')"
        ]
      }
    }
  }