{
    "portraitScale": 1.4,
    "portraitTranslation": [ -0.35, 2.2, -3 ],
    "profileScale": 0.5,
    "profileTranslation": [ -0, 1.2, 0 ],
    "rootBone": "pangoro",
    "animations": {
      "cry": "q.bedrock_stateful('pangoro', 'cry')",
      "physical": "q.bedrock_primary('pangoro', 'physical', q.curve('symmetrical_wide'))",
      "special": "q.bedrock_primary('pangoro', 'special', q.curve('symmetrical_wide'))",
      "status": "q.bedrock_primary('pangoro', 'status', q.curve('symmetrical_wide'))",
      "recoil": "q.bedrock_stateful('pangoro', 'recoil')"
  },
  "poses": {
    "battle-standing": {
      "poseTypes": [
        "STAND"
      ],
      "isBattle": true,
      "animations": [
	  "q.look('head')",
        "q.bedrock('pangoro', 'ground_idle')"
      ],
	  "namedAnimations": {
			"cry": "q.bedrock_primary('pangoro', 'battle_cry', q.curve('symmetrical_wide'))"
          },
      "quirks": [
        "q.bedrock_quirk('pangoro', 'blink')",
        "q.bedrock_quirk('pangoro', 'quirk')"
      ]
    },"standing": {
      "poseTypes": [
        "STAND",
        "NONE",
        "PORTRAIT",
        "PROFILE"
      ],
      "isBattle": false,
      "animations": [
	  "q.look('head')",
        "q.bedrock('pangoro', 'ground_idle')"
      ],
      "quirks": [
        "q.bedrock_quirk('pangoro', 'blink')",
        "q.bedrock_quirk('pangoro', 'quirk')"
      ]
    },
    "walking": {
      "poseTypes": [
        "WALK","SWIM"
      ],
      "animations": [
        "q.bedrock('pangoro', 'ground_walk')"
      ],
      "quirks": [
        "q.bedrock_quirk('pangoro', 'blink')",
        "q.bedrock_quirk('pangoro', 'quirk')"
       ]
      },
      "sleeping": {
        "poseName": "sleeping",
        "transformTicks": 10,
        "poseTypes": ["SLEEP"],
        "animations": [
          "q.bedrock('pangoro', 'sleep')"
        ]
      }
    }
  }