{
  "portraitScale": 2,
  "portraitTranslation": [ -0.03, -0.54, 0 ],
  "profileScale": 0.91,
  "profileTranslation": [ 0, 0.55, 0 ],
  "rootBone": "skwovet", 
  "animations": {
      "faint": "q.bedrock_primary('skwovet', 'faint')",
      "cry": "q.bedrock_stateful('skwovet', 'cry')",
      "physical": "q.bedrock_primary('skwovet', 'physical', q.curve('symmetrical_wide'))",
      "special": "q.bedrock_primary('skwovet', 'special', q.curve('symmetrical_wide'))",
      "status": "q.bedrock_primary('skwovet', 'status', q.curve('symmetrical_wide'))",
      "recoil": "q.bedrock_stateful('skwovet', 'recoil')"
  },
  "poses": {
    "battle-standing": {
      "poseTypes": [
        "STAND"
      ],
      "isBattle": true,
      "animations": [
	  "q.look('head')",
        "q.bedrock('skwovet', 'battle_idle')"
      ],
	  "namedAnimations": {
			"cry": "q.bedrock_primary('skwovet', 'battle_cry', q.curve('symmetrical_wide'))"
          },
      "quirks": [
        "q.bedrock_quirk('skwovet', 'blink')",
        "q.bedrock_quirk('skwovet', 'quirk')",
        "q.bedrock_quirk('skwovet', 'quirk_tail')"
      ]
    },"standing": {
      "poseTypes": [
        "STAND",
        "NONE",
        "PORTRAIT",
        "PROFILE"
      ],
      "isBattle": false,
      "animations": [
	  "q.look('head')",
        "q.bedrock('skwovet', 'ground_idle')"
      ],
      "quirks": [
        "q.bedrock_quirk('skwovet', 'blink')",
        "q.bedrock_quirk('skwovet', 'quirk')",
        "q.bedrock_quirk('skwovet', 'quirk_tail')"
      ]
    },
    "walking": {
      "poseTypes": [
        "WALK","SWIM"
      ],
      "animations": [
        "q.bedrock('skwovet', 'ground_walk')"
      ],
      "quirks": [
        "q.bedrock_quirk('skwovet', 'blink')",
        "q.bedrock_quirk('skwovet', 'quirk')",
        "q.bedrock_quirk('skwovet', 'quirk_tail')"
       ]
      },
      "sleeping": {
        "poseName": "sleeping",
        "transformTicks": 10,
        "poseTypes": ["SLEEP"],
        "animations": [
          "q.bedrock('skwovet', 'sleep')"
   ]
  },
      "shoulder_left": {
        "poseTypes": ["SHOULDER_LEFT"],
        "animations": [
          "q.bedrock('skwovet', 'ground_idle')"
        ],
        "quirks": ["q.bedrock_quirk('skwovet', 'blink')"]
      },
      "shoulder_right": {
        "poseTypes": ["SHOULDER_RIGHT"],
        "animations": [
          "q.bedrock('skwovet', 'ground_idle')"
        ],
        "quirks": ["q.bedrock_quirk('skwovet', 'blink')"]
      }
    }
   }