{
    "portraitScale": 1.75,
    "portraitTranslation": [-0.1, -0.2, 0.0],
    "profileScale": 0.9,
    "profileTranslation": [0.0, 0.7, 0.0],
    "animations": {
      "faint": "q.bedrock_primary('spritzee', 'faint')",
      "cry": "q.bedrock_stateful('spritzee', 'cry')",
        "physical": "q.bedrock_primary('spritzee', 'physical', q.curve('symmetrical_wide'))",
        "special": "q.bedrock_primary('spritzee', 'special', q.curve('symmetrical_wide'))",
        "status": "q.bedrock_primary('spritzee', 'status', q.curve('symmetrical_wide'))",
        "recoil": "q.bedrock_stateful('spritzee', 'recoil')"
  },
  "poses": {
    "battle-standing": {
      "poseTypes": [
        "STAND"
      ],
      "isBattle": true,
      "animations": [
	  "q.look('head')",
        "q.bedrock('spritzee', 'battle_idle')"
      ],
	  "namedAnimations": {
			"cry": "q.bedrock_primary('spritzee', 'battle_cry', q.curve('symmetrical_wide'))"
          },
      "quirks": [
        "q.bedrock_quirk('spritzee', 'blink')"
      ]
    },"standing": {
      "poseTypes": [
        "STAND",
        "NONE",
        "PORTRAIT",
        "PROFILE"
      ],
      "isBattle": false,
      "animations": [
	  "q.look('head')",
        "q.bedrock('spritzee', 'ground_idle')"
      ],
      "quirks": [
        "q.bedrock_quirk('spritzee', 'blink')"
      ]
    },
    "walking": {
      "poseTypes": [
        "WALK","SWIM"
      ],
      "animations": [
        "q.bedrock('spritzee', 'ground_walk')"
      ],
      "quirks": [
        "q.bedrock_quirk('spritzee', 'blink')"
       ]
      },
      "sleeping": {
        "poseName": "sleeping",
        "transformTicks": 10,
        "poseTypes": ["SLEEP"],
        "animations": [
          "q.bedrock('spritzee', 'sleep')"
        ]
      }
    }
  }