{
  "portraitScale": 1.95,
  "portraitTranslation": [-0.22, -0.9, 0.0],
  "profileScale": 0.9,
  "profileTranslation": [0.0, 0.4, 0.0],
    "animations": {
      "cry": "q.bedrock_stateful('toxel', 'cry')",
      "physical": "q.bedrock_primary('toxel', 'physical')",
      "special": "q.bedrock_primary('toxel', 'special')",
      "status": "q.bedrock_primary('toxel', 'status')",
      "recoil": "q.bedrock_stateful('toxel', 'recoil')"
    },
    "poses": {
      "standing": {
        "poseName": "standing",
        "transformTicks": 10,
        "poseTypes": ["STAND", "NONE", "PORTRAIT", "PROFILE"],
        "isBattle": false,
        "animations": [
          "q.look('head')",
          "q.bedrock('toxel', 'ground_idle')"
       ]
      },
      "battle": {
        "poseName": "battle_idle",
        "transformTicks": 10,
        "poseTypes": ["STAND"],
        "isBattle": true,
        "animations": [
          "q.look('head')",
          "q.bedrock('toxel', 'ground_idle')"
        ],
        "quirks": [
          "q.bedrock_quirk('toxel', 'blink')"
       ]
      },
      "walking": {
        "poseName": "walking",
        "transformTicks": 10,
        "poseTypes": ["WALK"],
        "animations": [
          "q.bedrock('toxel', 'ground_walk')"
        ],
      "quirks": [
        "q.bedrock_quirk('toxel', 'blink')"
       ]
      },
      "sleeping": {
        "poseName": "sleeping",
        "transformTicks": 10,
        "poseTypes": ["SLEEP"],
        "animations": [
          "q.bedrock('toxel', 'sleep')"
        ]
      }
    }
  }