{
    "portraitScale": 2.5,
    "portraitTranslation": [ -0.15, -0.0, 0.0 ],
    "profileScale": 0.65,
    "profileTranslation": [ 0.0, 0.7, 0.0 ],
    "rootBone": "yamask", 
   "animations": {
      "faint": "q.bedrock_primary('yamask_galarian', 'faint')",
      "cry": "q.bedrock_stateful('yamask_galarian', 'cry')",
      "physical": "q.bedrock_primary('yamask_galarian', 'physical', q.curve('symmetrical_wide'))",
      "special": "q.bedrock_praimary('yamask_galarian', 'special', q.curve('symmetrical_wide'))",
      "status": "q.bedrock_primary('yamask_galarian', 'status')",
      "recoil": "q.bedrock_stateful('yamask_galarian', 'recoil')"
        },
  "poses": {
    "battle-standing": {
      "poseTypes": [
        "STAND"
      ],
      "isBattle": true,
      "animations": [
	  "q.look('head')",
        "q.bedrock('yamask_galarian', 'battle_idle')"
      ],
	  "namedAnimations": {
			"cry": "q.bedrock_primary('yamask_galarian', 'battle_cry', q.curve('symmetrical_wide'))"
          },
      "quirks": [
        "q.bedrock_quirk('yamask_galarian', 'blink')"
      ]
    },"standing": {
      "poseTypes": [
        "STAND",
        "NONE",
        "PORTRAIT",
        "PROFILE"
      ],
      "isBattle": false,
      "animations": [
	  "q.look('head')",
        "q.bedrock('yamask_galarian', 'ground_idle')"
      ],
      "quirks": [
        "q.bedrock_quirk('yamask_galarian', 'blink')"
      ]
    },
    "walking": {
      "poseTypes": [
        "WALK","SWIM"
      ],
      "animations": [
        "q.bedrock('yamask_galarian', 'ground_walk')"
      ],
      "quirks": [
        "q.bedrock_quirk('yamask_galarian', 'blink')"
       ]
      },
      "sleeping": {
        "poseName": "sleeping",
        "transformTicks": 10,
        "poseTypes": ["SLEEP"],
        "animations": [
          "q.bedrock('yamask_galarian', 'sleep')"
        ]
      }
    }
  }