{
	"format_version": "1.12.0",
	"minecraft:geometry": [
		{
			"description": {
				"identifier": "geometry.nymble",
				"texture_width": 32,
				"texture_height": 32,
				"visible_bounds_width": 3,
				"visible_bounds_height": 2.5,
				"visible_bounds_offset": [0, 0.75, 0]
			},
			"bones": [
				{
					"name": "nymble",
					"pivot": [0, 0, 0]
				},
				{
					"name": "body",
					"parent": "nymble",
					"pivot": [0, 0, 0]
				},
				{
					"name": "torso",
					"parent": "body",
					"pivot": [0, 5, 0],
					"cubes": [
						{"origin": [-2.5, 2, -3], "size": [4, 3, 6], "uv": [0, 11]}
					]
				},
				{
					"name": "head",
					"parent": "torso",
					"pivot": [0, 3, -2],
					"cubes": [
						{"origin": [-3, 3, -7], "size": [5, 5, 6], "uv": [0, 0]}
					]
				},
				{
					"name": "antenna_right",
					"parent": "head",
					"pivot": [-1, 8, -3.5],
					"cubes": [
						{"origin": [-2, 7.5, -5.5], "size": [1, 1, 2], "uv": [26, 29]}
					]
				},
				{
					"name": "antenna_left",
					"parent": "head",
					"pivot": [0, 8, -3.5],
					"cubes": [
						{"origin": [0, 7.5, -5.5], "size": [1, 1, 2], "uv": [26, 29], "mirror": true}
					]
				},
				{
					"name": "eyes",
					"parent": "head",
					"pivot": [0, 3, -2]
				},
				{
					"name": "eye_right",
					"parent": "eyes",
					"pivot": [-4, 3, -2],
					"cubes": [
						{"origin": [-3.01, 4, -5.5], "size": [0, 3, 3], "uv": [0, 20]}
					]
				},
				{
					"name": "eyelid_right",
					"parent": "eye_right",
					"pivot": [-3, 6, -4],
					"cubes": [
						{"origin": [-3.02, 5.2, -3.15], "size": [0, 1, 1], "pivot": [-2, 4, -3], "rotation": [45, 0, 0], "uv": [6, 20]}
					]
				},
				{
					"name": "eye_emote_right",
					"parent": "eye_right",
					"pivot": [-4, 3, -2],
					"cubes": [
						{"origin": [-2.03, 6, -6], "size": [0, 1, 2], "uv": [18, 29]}
					]
				},
				{
					"name": "eye_tired_right",
					"parent": "eye_right",
					"pivot": [-4, 3, -2],
					"cubes": [
						{"origin": [-2.02, 4.5, -5], "size": [0, 1, 2], "uv": [0, 0]}
					]
				},
				{
					"name": "eye_recoil_right",
					"parent": "eye_right",
					"pivot": [-4, 3, -2],
					"cubes": [
						{"origin": [-2.02, 4.5, -5], "size": [0, 2, 2], "uv": [0, 9]}
					]
				},
				{
					"name": "eye_left",
					"parent": "eyes",
					"pivot": [3, 3, -2],
					"cubes": [
						{"origin": [2.01, 4, -5.5], "size": [0, 3, 3], "uv": [0, 20], "mirror": true}
					]
				},
				{
					"name": "eyelid_left",
					"parent": "eye_left",
					"pivot": [3, 6, -4],
					"cubes": [
						{"origin": [2.02, 5.2, -3.15], "size": [0, 1, 1], "pivot": [1, 4, -3], "rotation": [45, 0, 0], "uv": [6, 20], "mirror": true}
					]
				},
				{
					"name": "eye_emote_left",
					"parent": "eye_left",
					"pivot": [3, 3, -2],
					"cubes": [
						{"origin": [1.03, 6, -6], "size": [0, 1, 2], "uv": [18, 29], "mirror": true}
					]
				},
				{
					"name": "eye_tired_left",
					"parent": "eye_left",
					"pivot": [3, 3, -2],
					"cubes": [
						{"origin": [1.02, 4.5, -5], "size": [0, 1, 2], "uv": [0, 0], "mirror": true}
					]
				},
				{
					"name": "eye_recoil_left",
					"parent": "eye_left",
					"pivot": [3, 3, -2],
					"cubes": [
						{"origin": [1.02, 4.5, -5], "size": [0, 2, 2], "uv": [0, 9], "mirror": true}
					]
				},
				{
					"name": "flap_right",
					"parent": "torso",
					"pivot": [-3, 5, 2],
					"cubes": [
						{"origin": [-3, 5, -1], "size": [1, 2, 4], "uv": [8, 26]},
						{"origin": [-3, 5, -5], "size": [1, 4, 4], "uv": [22, 4]},
						{"origin": [-3.01, 6.5, -3.5], "size": [0, 1, 1], "uv": [16, -1]},
						{"origin": [-1.99, 6.5, -3.5], "size": [0, 1, 1], "uv": [16, -1]}
					]
				},
				{
					"name": "flap_left",
					"parent": "torso",
					"pivot": [2, 5, 2],
					"cubes": [
						{"origin": [1, 5, -1], "size": [1, 2, 4], "uv": [8, 26], "mirror": true},
						{"origin": [1, 5, -5], "size": [1, 4, 4], "uv": [22, 4], "mirror": true},
						{"origin": [2.01, 6.5, -3.5], "size": [0, 1, 1], "uv": [16, -1], "mirror": true},
						{"origin": [0.99, 6.5, -3.5], "size": [0, 1, 1], "uv": [16, -1]}
					]
				},
				{
					"name": "legs",
					"parent": "body",
					"pivot": [0, 5, 0]
				},
				{
					"name": "leg_front_right",
					"parent": "legs",
					"pivot": [-2.5, 3, -1.5],
					"cubes": [
						{"origin": [-5.5, 2, -2], "size": [3, 1, 1], "uv": [0, 30]}
					]
				},
				{
					"name": "leg_front_right2",
					"parent": "leg_front_right",
					"pivot": [-5.5, 2.5, -1.5],
					"cubes": [
						{"origin": [-8.5, 1.5, -2.5], "size": [3, 2, 2], "uv": [22, 0]},
						{"origin": [-8.5, 2, -3], "size": [1, 1, 1], "inflate": 0.01, "uv": [0, 0]}
					]
				},
				{
					"name": "leg_front_left",
					"parent": "legs",
					"pivot": [1.5, 3, -1.5],
					"cubes": [
						{"origin": [1.5, 2, -2], "size": [3, 1, 1], "uv": [0, 30], "mirror": true}
					]
				},
				{
					"name": "leg_front_left2",
					"parent": "leg_front_left",
					"pivot": [4.5, 2.5, -1.5],
					"cubes": [
						{"origin": [4.5, 1.5, -2.5], "size": [3, 2, 2], "uv": [22, 0], "mirror": true},
						{"origin": [6.5, 2, -3], "size": [1, 1, 1], "inflate": 0.01, "uv": [0, 0], "mirror": true}
					]
				},
				{
					"name": "leg_right",
					"parent": "legs",
					"pivot": [-2.5, 3, 2.5],
					"cubes": [
						{"origin": [-5.5, 2, 2], "size": [3, 1, 1], "uv": [0, 30]}
					]
				},
				{
					"name": "leg_right2",
					"parent": "leg_right",
					"pivot": [-5.5, 2.5, 2.5],
					"cubes": [
						{"origin": [-8.5, 1.5, 1.5], "size": [3, 2, 2], "uv": [22, 0]},
						{"origin": [-8.5, 2, 1], "size": [1, 1, 1], "inflate": 0.01, "uv": [0, 0]}
					]
				},
				{
					"name": "leg_left",
					"parent": "legs",
					"pivot": [1.5, 3, 2.5],
					"cubes": [
						{"origin": [1.5, 2, 2], "size": [3, 1, 1], "uv": [0, 30], "mirror": true}
					]
				},
				{
					"name": "leg_left2",
					"parent": "leg_left",
					"pivot": [4.5, 2.5, 2.5],
					"cubes": [
						{"origin": [4.5, 1.5, 1.5], "size": [3, 2, 2], "uv": [22, 0], "mirror": true},
						{"origin": [6.5, 2, 1], "size": [1, 1, 1], "inflate": 0.01, "uv": [0, 0], "mirror": true}
					]
				}
			]
		}
	]
}