{
  "species": "cobblemon:morpeko",
  "order": 0,
  "variations": [
    {
      "aspects": [],
      "poser": "cobblemon:morpeko",
      "model": "cobblemon:morpeko.geo",
      "texture": "cobblemon:textures/pokemon/0877_morpeko/morpeko.png",
      "layers": []
    },
    {
      "aspects": [
        "shiny"
      ],
      "texture": "cobblemon:textures/pokemon/0877_morpeko/morpeko_shiny.png"
    },
    {
      "aspects": [
        "hangry-mode"
      ],
      "texture": "cobblemon:textures/pokemon/0877_morpeko/morpeko_hangry.png"
    },
    {
      "aspects": [
        "hangry-mode",
        "shiny"
      ],
      "texture": "cobblemon:textures/pokemon/0877_morpeko/morpeko_hangry_shiny.png"
    }
  ]
}