{
	"format_version": "1.12.0",
	"minecraft:geometry": [
		{
			"description": {
				"identifier": "geometry.orbeetle",
				"texture_width": 144,
				"texture_height": 144,
				"visible_bounds_width": 5,
				"visible_bounds_height": 4.5,
				"visible_bounds_offset": [0, 1.75, 0]
			},
			"bones": [
				{
					"name": "orbeetle",
					"pivot": [0, 0, 0]
				},
				{
					"name": "body",
					"parent": "orbeetle",
					"pivot": [4, 0, 0]
				},
				{
					"name": "legs",
					"parent": "body",
					"pivot": [4, 0, 0]
				},
				{
					"name": "leg1",
					"parent": "legs",
					"pivot": [0, 1, -2],
					"cubes": [
						{"origin": [3, 4, -3], "size": [1, 3, 2], "uv": [14, 116]},
						{"origin": [3.6, 1, -3], "size": [0, 3, 2], "uv": [86, 29]},
						{"origin": [2, 7, -4], "size": [3, 4, 4], "uv": [57, 108]},
						{"origin": [2, 11, -12], "size": [3, 0, 3], "pivot": [1, 1, -7], "rotation": [-30, 0, 0], "uv": [114, 12]}
					]
				},
				{
					"name": "leg_part1",
					"parent": "leg1",
					"pivot": [0, 1, -2],
					"cubes": [
						{"origin": [3, 11, -3], "size": [1, 5, 2], "uv": [79, 29]}
					]
				},
				{
					"name": "leg2",
					"parent": "legs",
					"pivot": [1, 1, -2],
					"cubes": [
						{"origin": [-3, 4, -3], "size": [1, 3, 2], "uv": [14, 116], "mirror": true},
						{"origin": [-2.6, 1, -3], "size": [0, 3, 2], "uv": [86, 29], "mirror": true},
						{"origin": [-4, 7, -4], "size": [3, 4, 4], "uv": [57, 108], "mirror": true},
						{"origin": [-4, 11, -12], "size": [3, 0, 3], "pivot": [0, 1, -7], "rotation": [-30, 0, 0], "uv": [114, 12], "mirror": true}
					]
				},
				{
					"name": "leg_part2",
					"parent": "leg2",
					"pivot": [1, 1, -2],
					"cubes": [
						{"origin": [-3, 11, -3], "size": [1, 5, 2], "uv": [79, 29], "mirror": true}
					]
				},
				{
					"name": "torso",
					"parent": "body",
					"pivot": [4, 0, 0],
					"cubes": [
						{"origin": [-3, 14, -4], "size": [6, 4, 6], "pivot": [0, 15, 0], "rotation": [0, -45, 0], "uv": [104, 82]}
					]
				},
				{
					"name": "torso_part",
					"parent": "torso",
					"pivot": [0, 18, -1],
					"cubes": [
						{"origin": [-1, 17, -2], "size": [3, 5, 3], "uv": [91, 59]}
					]
				},
				{
					"name": "torso_mini",
					"parent": "torso_part",
					"pivot": [0, 22, -1],
					"cubes": [
						{"origin": [-1, 22, -2], "size": [3, 4, 3], "uv": [89, 108]}
					]
				},
				{
					"name": "hands",
					"parent": "torso",
					"pivot": [4, 0, 0]
				},
				{
					"name": "hand1",
					"parent": "hands",
					"pivot": [-3, -1, -2],
					"cubes": [
						{"origin": [2, 23, -2], "size": [5, 1, 3], "uv": [72, 108]}
					]
				},
				{
					"name": "hand_part1",
					"parent": "hand1",
					"pivot": [-3, -1, -2],
					"cubes": [
						{"origin": [7, 23, -3], "size": [7, 1, 5], "uv": [104, 93]}
					]
				},
				{
					"name": "nail1",
					"parent": "hand_part1",
					"pivot": [-3, -1, -2],
					"cubes": [
						{"origin": [14, 24, -3], "size": [5, 0, 5], "uv": [104, 101]}
					]
				},
				{
					"name": "hand2",
					"parent": "hands",
					"pivot": [4, -1, -2],
					"cubes": [
						{"origin": [-6, 23, -2], "size": [5, 1, 3], "uv": [72, 108], "mirror": true}
					]
				},
				{
					"name": "hand_part2",
					"parent": "hand2",
					"pivot": [4, -1, -2],
					"cubes": [
						{"origin": [-13, 23, -3], "size": [7, 1, 5], "uv": [104, 93], "mirror": true}
					]
				},
				{
					"name": "nail2",
					"parent": "hand_part2",
					"pivot": [4, -1, -2],
					"cubes": [
						{"origin": [-18, 24, -3], "size": [5, 0, 5], "uv": [104, 101], "mirror": true}
					]
				},
				{
					"name": "head",
					"parent": "torso",
					"pivot": [4, 23, 0],
					"cubes": [
						{"origin": [-4, 24, -5], "size": [9, 6, 6], "inflate": -0.001, "uv": [104, 59]},
						{"origin": [-2, 24.5, -5], "size": [5, 1, 0], "uv": [4, 138]},
						{"origin": [5.06, 25, -2], "size": [0, 4, 3], "uv": [0, -3]},
						{"origin": [-4.06, 25, -2], "size": [0, 4, 3], "uv": [0, -3], "mirror": true},
						{"origin": [0, 26, -5.04], "size": [1, 1, 0], "uv": [98, 68]},
						{"origin": [-5, 23, 1], "size": [11, 2, 9], "uv": [79, 0]},
						{"origin": [-4, 23.8, 10], "size": [9, 2, 6], "uv": [104, 73]},
						{"origin": [-3, 24, 16], "size": [7, 2, 10], "uv": [91, 46]},
						{"origin": [-2, 29.2, -3], "size": [5, 2, 4], "uv": [104, 107]},
						{"origin": [-1, 30, -5], "size": [3, 1, 2], "uv": [79, 37]},
						{"origin": [-1, 28, -6], "size": [3, 3, 1], "uv": [107, 114]},
						{"origin": [-0.5, 27, -6], "size": [2, 1, 1], "uv": [91, 68]}
					]
				},
				{
					"name": "eyes",
					"parent": "head",
					"pivot": [4, 22, 0]
				},
				{
					"name": "eye1",
					"parent": "eyes",
					"pivot": [4, 22, 0],
					"cubes": [
						{"origin": [1, 25, -5.01], "size": [4, 3, 0], "uv": [21, 116]},
						{"origin": [1, 25.5, -5.02], "size": [4, 3, 0], "uv": [30, 116]},
						{"origin": [0.5, 26, -5.03], "size": [4, 3, 0], "uv": [39, 116]},
						{"origin": [1, 26.5, -5.04], "size": [3, 2, 0], "uv": [48, 116]},
						{"origin": [1.6, 27, -5.05], "size": [2, 1, 0], "uv": [86, 35]},
						{"origin": [5.01, 25, -5.01], "size": [0, 3, 3], "uv": [0, 116]},
						{"origin": [5.02, 25.5, -5.01], "size": [0, 3, 3], "uv": [114, 16]},
						{"origin": [5.04, 26.5, -4.5], "size": [0, 2, 3], "uv": [138, 139]},
						{"origin": [5.05, 27.5, -4], "size": [0, 1, 2], "uv": [140, -2]}
					]
				},
				{
					"name": "eye2",
					"parent": "eyes",
					"pivot": [-3, 22, 0],
					"cubes": [
						{"origin": [-4, 25, -5.01], "size": [4, 3, 0], "uv": [21, 116], "mirror": true},
						{"origin": [-4, 25.5, -5.02], "size": [4, 3, 0], "uv": [30, 116], "mirror": true},
						{"origin": [-3.5, 26, -5.03], "size": [4, 3, 0], "uv": [39, 116], "mirror": true},
						{"origin": [-3, 26.5, -5.04], "size": [3, 2, 0], "uv": [48, 116], "mirror": true},
						{"origin": [-2.6, 27, -5.05], "size": [2, 1, 0], "uv": [86, 35], "mirror": true},
						{"origin": [-4.01, 25, -5.01], "size": [0, 3, 3], "uv": [0, 116], "mirror": true},
						{"origin": [-4.02, 25.5, -5.01], "size": [0, 3, 3], "uv": [114, 16], "mirror": true},
						{"origin": [-4.04, 26.5, -4.5], "size": [0, 2, 3], "uv": [138, 139], "mirror": true},
						{"origin": [-4.05, 27.5, -4], "size": [0, 1, 2], "uv": [140, -2], "mirror": true}
					]
				},
				{
					"name": "brows",
					"parent": "head",
					"pivot": [4, 23, 0]
				},
				{
					"name": "brow1",
					"parent": "brows",
					"pivot": [2, 26, -1],
					"cubes": [
						{"origin": [2, 28, -5.05], "size": [8, 2, 0], "pivot": [3, 29, -4], "rotation": [0, 0, -10], "uv": [72, 113]},
						{"origin": [9.7, 29.3, -5.05], "size": [5, 3, 0], "pivot": [11, 31, -4], "rotation": [0, 0, -10], "uv": [114, 24]},
						{"origin": [2, 28, -5.06], "size": [2, 8, 0], "pivot": [4, 29, -4], "rotation": [0, 0, 22.5], "uv": [102, 114]}
					]
				},
				{
					"name": "brow2",
					"parent": "brows",
					"pivot": [0, 26, -1],
					"cubes": [
						{"origin": [-8, 28, -5.05], "size": [8, 2, 0], "pivot": [-1, 29, -4], "rotation": [0, 0, 10], "uv": [72, 113], "mirror": true},
						{"origin": [-12.7, 29.3, -5.05], "size": [5, 3, 0], "pivot": [-9, 31, -4], "rotation": [0, 0, 10], "uv": [114, 24], "mirror": true},
						{"origin": [-2, 28, -5.06], "size": [2, 8, 0], "pivot": [-2, 29, -4], "rotation": [0, 0, -22.5], "uv": [102, 114], "mirror": true}
					]
				},
				{
					"name": "mounchs",
					"parent": "head",
					"pivot": [4, 23, 0]
				},
				{
					"name": "caparons",
					"parent": "head",
					"pivot": [4, -5, 0]
				},
				{
					"name": "caparon1",
					"parent": "caparons",
					"pivot": [5, -4, 0],
					"cubes": [
						{"origin": [0, 25, 1.01], "size": [16, 16, 0], "uv": [78, 12]},
						{"origin": [16, 25, 1], "size": [0, 16, 28], "uv": [0, 71]},
						{"origin": [0, 41, 1], "size": [16, 0, 28], "uv": [0, 42]},
						{"origin": [0, 25, 29], "size": [16, 16, 0], "uv": [104, 128]}
					]
				},
				{
					"name": "bone",
					"parent": "caparon1",
					"pivot": [5, -4, 0],
					"cubes": [
						{"origin": [0, 25, 1.5], "size": [13, 15, 26], "uv": [-1, 0]},
						{"origin": [13, 25, 3.5], "size": [2, 15, 21], "uv": [57, 71]}
					]
				},
				{
					"name": "caparon2",
					"parent": "caparons",
					"pivot": [-5, -4, 0],
					"cubes": [
						{"origin": [-15, 25, 1.01], "size": [15, 16, 0], "uv": [79, 12], "mirror": true},
						{"origin": [-15, 25, 1], "size": [0, 16, 28], "uv": [0, 71], "mirror": true},
						{"origin": [-15, 41, 1], "size": [15, 0, 28], "uv": [1, 42], "mirror": true},
						{"origin": [-15, 25, 29], "size": [15, 16, 0], "uv": [105, 128], "mirror": true}
					]
				},
				{
					"name": "bone2",
					"parent": "caparon2",
					"pivot": [-5, -4, 0],
					"cubes": [
						{"origin": [-12, 25, 1.5], "size": [12, 15, 26], "uv": [0, 0], "mirror": true},
						{"origin": [-14, 25, 3.5], "size": [2, 15, 21], "uv": [57, 71], "mirror": true}
					]
				}
			]
		}
	]
}