{
   "pokemon.drilbur.cry": {
       "sounds": ["cobblemon:pokemon/drilbur/drilbur_cry"]
   },
   "pokemon.excadrill.cry": {
       "sounds": ["cobblemon:pokemon/excadrill/excadrill_cry"]
   },
   "pokemon.mienfoo.cry": {
       "sounds": ["cobblemon:pokemon/mienfoo/mienfoo_cry"]
   },
   "pokemon.mienshao.cry": {
       "sounds": ["cobblemon:pokemon/mienshao/mienshao_cry"]
   },
   "pokemon.spritzee.cry": {
       "sounds": ["cobblemon:pokemon/spritzee/spritzee_cry"]
   },
   "pokemon.aromatisse.cry": {
       "sounds": ["cobblemon:pokemon/aromatisse/aromatisse_cry"]
   },
   "pokemon.pancham.cry": {
       "sounds": ["cobblemon:pokemon/pancham/pancham_cry"]
   },
   "pokemon.pangoro.cry": {
       "sounds": ["cobblemon:pokemon/pangoro/pangoro_cry"]
   },
   "pokemon.skwovet.cry": {
       "sounds": ["cobblemon:pokemon/skwovet/skwovet_cry"]
   },
   "pokemon.greedent.cry": {
       "sounds": ["cobblemon:pokemon/greedent/greedent_cry"]
   },
   "pokemon.rolycoly.cry": {
       "sounds": ["cobblemon:pokemon/rolycoly/rolycoly_cry"]
   },
   "pokemon.carkol.cry": {
       "sounds": ["cobblemon:pokemon/carkol/carkol_cry"]
   },
   "pokemon.coalossal.cry": {
       "sounds": ["cobblemon:pokemon/coalossal/coalossal_cry"]
   },
   "pokemon.gulpin.cry": {
       "sounds": ["cobblemon:pokemon/gulpin/gulpin_cry"]
   },
   "pokemon.swalot.cry": {
       "sounds": ["cobblemon:pokemon/swalot/swalot_cry"]
   },
   "pokemon.runerigus.cry": {
       "sounds": ["cobblemon:pokemon/runerigus/runerigus_cry"]
   },
   "pokemon.yamask_galarian.cry": {
       "sounds": ["cobblemon:pokemon/yamask/yamask_cry"]
   },
   "pokemon.toxtricity.cry": {
       "sounds": ["cobblemon:pokemon/toxtricity/toxtricity_cry"]
   },
    "pokemon.toxel.cry": {
        "sounds": ["cobblemon:pokemon/toxel/toxel_cry"]
    },
    "pokemon.grimmsnarl.cry": {
        "sounds": ["cobblemon:pokemon/grimmsnarl/grimmsnarl_cry"]
    },
    "pokemon.mr_mime_galarian.cry": {
        "sounds": ["cobblemon:pokemon/mrmime/mr_mime_cry"]
    },
    "pokemon.blipbug.cry": {
        "sounds": ["cobblemon:pokemon/blipbug/blipbug_cry"]
    },
    "pokemon.dottler.cry": {
        "sounds": ["cobblemon:pokemon/dottler/dottler_cry"]
    },
   "pokemon.orbeetle.cry": {
        "sounds": ["cobblemon:pokemon/orbeetle/orbeetle_cry"]
    },
    "pokemon.chewtle.cry": {
        "sounds": ["cobblemon:pokemon/chewtle/chewtle_cry"]
    },
    "pokemon.drednaw.cry": {
        "sounds": ["cobblemon:pokemon/drednaw/drednaw_cry"]
    }
}