{
	"format_version": "1.8.0",
	"animations": {
		"animation.greedent.ground_idle": {
			"loop": true,
			"bones": {
				"leg1": {
					"rotation": [0, -17.5, 0]
				},
				"leg2": {
					"rotation": [0, 17.5, 0],
					"position": {
						"0.0": {
							"post": [0, 0, 0],
							"lerp_mode": "catmullrom"
						}
					}
				},
				"torso": {
					"rotation": {
						"0.0": {
							"post": ["0-Math.cos((query.anim_time)*90*10/5-90)*3", 0, "0+Math.sin(q.anim_time*90*3-90)*3"],
							"lerp_mode": "catmullrom"
						}
					},
					"position": {
						"0.0": {
							"post": [0, 0, 0],
							"lerp_mode": "catmullrom"
						}
					}
				},
				"head": {
					"rotation": {
						"0.0": {
							"post": ["0-math.sin(q.anim_time*90*10/4+90)*1", 0, 0],
							"lerp_mode": "catmullrom"
						}
					},
					"position": [0, 0, -0.2]
				},
				"smile2": {
					"position": [0, 0, 0]
				},
				"bone12": {
					"position": [0, 0, 1]
				},
				"hand1": {
					"rotation": [40.82561, "-29.8001-math.sin(q.anim_time*90*12/4- 0)*1", -49.42897],
					"position": [-3, 8, 5]
				},
				"hand_mini1": {
					"rotation": [0, -77.5, 0],
					"position": [-14, 0, 6]
				},
				"hand2": {
					"rotation": [40.82561, "29.8001+math.sin(q.anim_time*90*12/4- 0)*1", 49.42897],
					"position": [3, 8, 5]
				},
				"hand_mini2": {
					"rotation": [0, 77.5, 0],
					"position": [14, 0, 6]
				},
				"line2": {
					"rotation": [-15, 0, 0],
					"position": [0, 3, -6]
				},
				"smile": {
					"position": [0, 0, 0]
				},
				"eyebrow1": {
					"position": [0, 0, 0]
				},
				"eyebrow2": {
					"position": [0, 0, 0]
				}
			}
		},
		"animation.greedent.battle_cry": {
			"animation_length": 1.75,
			"bones": {
				"leg1": {
					"rotation": {
						"0.0": [0, -17.5, 0],
						"0.25": [0, -17.5, 0],
						"0.5": [0, -35, 0],
						"0.7083": [0, -40, 0],
						"1.0": [0, -40, 0],
						"1.25": [0, -40, 0],
						"1.5": [0, -17.5, 0],
						"1.75": [0, -17.5, 0]
					},
					"position": {
						"0.0": [0, 0, 0],
						"0.7083": [0, 0, -1],
						"1.0": [0, 0, -1],
						"1.25": [0, 0, -1],
						"1.5": [0, 0, 0],
						"1.75": [0, 0, 0]
					}
				},
				"leg2": {
					"rotation": {
						"0.0": [0, 17.5, 0],
						"0.25": [0, 17.5, 0],
						"0.5": {
							"pre": [-8.39299, 26.6883, 9.12609],
							"post": [-8.39299, 26.6883, 9.12609],
							"lerp_mode": "catmullrom"
						},
						"0.7083": {
							"post": [-3.39299, 26.6883, 9.12609],
							"lerp_mode": "catmullrom"
						},
						"1.0": {
							"post": [-3.39299, 26.6883, 9.12609],
							"lerp_mode": "catmullrom"
						},
						"1.25": {
							"post": [-3.39299, 26.6883, 9.12609],
							"lerp_mode": "catmullrom"
						},
						"1.5": [0, 17.5, 0],
						"1.75": [0, 17.5, 0]
					},
					"position": {
						"0.0": {
							"post": [0, 0, 0],
							"lerp_mode": "catmullrom"
						},
						"0.25": {
							"post": [0, 0, 0],
							"lerp_mode": "catmullrom"
						},
						"0.5": {
							"post": [0, 3, 0],
							"lerp_mode": "catmullrom"
						},
						"0.7083": {
							"post": [0, -1, -3],
							"lerp_mode": "catmullrom"
						},
						"1.0": {
							"post": [0, -1, -3],
							"lerp_mode": "catmullrom"
						},
						"1.25": {
							"post": [0, -1, -3],
							"lerp_mode": "catmullrom"
						},
						"1.5": {
							"post": [0, 0, 0],
							"lerp_mode": "catmullrom"
						},
						"1.75": {
							"post": [0, 0, 0],
							"lerp_mode": "catmullrom"
						}
					}
				},
				"torso": {
					"rotation": {
						"0.0": {
							"post": [0, 0, 0],
							"lerp_mode": "catmullrom"
						},
						"0.25": {
							"post": [0, 0, 0],
							"lerp_mode": "catmullrom"
						},
						"0.5": {
							"post": [-20.15874, -7.04533, 2.57816],
							"lerp_mode": "catmullrom"
						},
						"0.7083": {
							"post": [14.84126, -7.04533, 2.57816],
							"lerp_mode": "catmullrom"
						},
						"1.0": {
							"post": [14.84126, -7.04533, 2.57816],
							"lerp_mode": "catmullrom"
						},
						"1.25": {
							"post": [14.84126, -7.04533, 2.57816],
							"lerp_mode": "catmullrom"
						},
						"1.5": {
							"post": [0, 0, 0],
							"lerp_mode": "catmullrom"
						},
						"1.75": {
							"post": [0, 0, 0],
							"lerp_mode": "catmullrom"
						}
					},
					"position": {
						"0.0": {
							"post": [0, 0, 0],
							"lerp_mode": "catmullrom"
						},
						"0.25": {
							"post": [0, 0, 0],
							"lerp_mode": "catmullrom"
						},
						"0.5": {
							"post": [0, 1, 2],
							"lerp_mode": "catmullrom"
						},
						"0.7083": {
							"post": [0, "0.67-math.sin(q.anim_time*90*64)*0.25", 1.67],
							"lerp_mode": "catmullrom"
						},
						"1.0": {
							"post": [0, "0.67-math.sin(q.anim_time*90*64)*0.25", 1.67],
							"lerp_mode": "catmullrom"
						},
						"1.25": {
							"post": [0, "0.67-math.sin(q.anim_time*90*64)*0.25", 1.67],
							"lerp_mode": "catmullrom"
						},
						"1.5": {
							"post": [0, 0, 0],
							"lerp_mode": "catmullrom"
						},
						"1.75": {
							"post": [0, 0, 0],
							"lerp_mode": "catmullrom"
						}
					}
				},
				"head": {
					"rotation": {
						"0.0": {
							"post": [0, 0, 0],
							"lerp_mode": "catmullrom"
						},
						"0.25": {
							"post": [0, 0, 0],
							"lerp_mode": "catmullrom"
						},
						"0.5": {
							"post": [-12.5, 0, 0],
							"lerp_mode": "catmullrom"
						},
						"0.7083": {
							"post": ["-20-math.sin(q.anim_time*90*64)*0.3", 0, 0],
							"lerp_mode": "catmullrom"
						},
						"1.0": {
							"post": ["-20-math.sin(q.anim_time*90*64)*0.3", 0, 0],
							"lerp_mode": "catmullrom"
						},
						"1.25": {
							"post": ["-20-math.sin(q.anim_time*90*64)*0.3", 0, 0],
							"lerp_mode": "catmullrom"
						},
						"1.5": {
							"post": [0, 0, 0],
							"lerp_mode": "catmullrom"
						},
						"1.75": {
							"post": [0, 0, 0],
							"lerp_mode": "catmullrom"
						}
					},
					"position": {
						"0.0": [0, 0, -0.2],
						"0.25": [0, 0, -0.2],
						"0.5": {
							"pre": [0, -1, -1],
							"post": [0, -1, -1],
							"lerp_mode": "catmullrom"
						},
						"0.7083": {
							"post": [0, -1.91, -1.92],
							"lerp_mode": "catmullrom"
						},
						"1.25": {
							"post": [0, -1.91, -1.92],
							"lerp_mode": "catmullrom"
						},
						"1.5": [0, 0, -0.2],
						"1.75": [0, 0, -0.2]
					}
				},
				"smile2": {
					"position": {
						"0.0": [0, 0, 0],
						"0.25": [0, 0, 0],
						"0.3333": {
							"pre": [0, 0, 0],
							"post": [0, 0, 1]
						},
						"0.5": [0, 0, 1],
						"0.7083": {
							"pre": [0, 0, 1],
							"post": [0, 0, 0]
						},
						"1.5": [0, 0, 0],
						"1.75": [0, 0, 0]
					}
				},
				"bone12": {
					"position": {
						"0.0": [0, 0, 1],
						"0.25": [0, 0, 1],
						"0.3333": [0, 0, 0],
						"0.5": [0, 0, 0],
						"0.7083": {
							"pre": [0, 0, 0],
							"post": [0, 0, 1]
						},
						"1.5": [0, 0, 1],
						"1.75": [0, 0, 1]
					}
				},
				"hand1": {
					"rotation": {
						"0.0": [40.82561, -29.8001, -49.42897],
						"0.25": [40.82561, -29.8001, -49.42897],
						"0.5": {
							"pre": [34.58111, -1.7458, -27.39509],
							"post": [34.58111, -1.7458, -27.39509],
							"lerp_mode": "catmullrom"
						},
						"0.7083": {
							"post": [37.32501, 20.66902, -11.12864],
							"lerp_mode": "catmullrom"
						},
						"1.0": {
							"post": [37.32501, 20.66902, -11.12864],
							"lerp_mode": "catmullrom"
						},
						"1.25": {
							"post": [37.32501, 20.66902, -11.12864],
							"lerp_mode": "catmullrom"
						},
						"1.5": [40.82561, -29.8001, -49.42897],
						"1.75": [40.82561, -29.8001, -49.42897]
					},
					"position": {
						"0.0": [-3, 8, 5],
						"0.25": [-3, 8, 5],
						"0.5": {
							"pre": [3, 10, 8],
							"post": [3, 10, 8],
							"lerp_mode": "catmullrom"
						},
						"0.7083": {
							"post": [7, 9, 6],
							"lerp_mode": "catmullrom"
						},
						"1.0": {
							"post": [7, 9, 6],
							"lerp_mode": "catmullrom"
						},
						"1.25": {
							"post": [7, 9, 6],
							"lerp_mode": "catmullrom"
						},
						"1.5": [-3, 8, 5],
						"1.75": [-3, 8, 5]
					}
				},
				"hand_mini1": {
					"rotation": {
						"0.0": [0, -77.5, 0],
						"0.25": [0, -77.5, 0],
						"1.5": [0, -77.5, 0],
						"1.75": [0, -77.5, 0]
					},
					"position": {
						"0.0": [-14, 0, 6],
						"0.25": [-14, 0, 6],
						"1.5": [-14, 0, 6],
						"1.75": [-14, 0, 6]
					}
				},
				"hand2": {
					"rotation": {
						"0.0": [40.82561, 29.8001, 49.42897],
						"0.25": [40.82561, 29.8001, 49.42897],
						"0.5": {
							"pre": [34.58111, 1.7458, 27.39509],
							"post": [34.58111, 1.7458, 27.39509],
							"lerp_mode": "catmullrom"
						},
						"0.7083": {
							"post": [36.31204, -16.66526, 14.29083],
							"lerp_mode": "catmullrom"
						},
						"1.0": {
							"post": [36.31204, -16.66526, 14.29083],
							"lerp_mode": "catmullrom"
						},
						"1.25": {
							"post": [36.31204, -16.66526, 14.29083],
							"lerp_mode": "catmullrom"
						},
						"1.5": [40.82561, 29.8001, 49.42897],
						"1.75": [40.82561, 29.8001, 49.42897]
					},
					"position": {
						"0.0": [3, 8, 5],
						"0.25": [3, 8, 5],
						"0.5": {
							"pre": [-3, 10, 8],
							"post": [-3, 10, 8],
							"lerp_mode": "catmullrom"
						},
						"0.7083": {
							"post": [-6, 9, 7],
							"lerp_mode": "catmullrom"
						},
						"1.0": {
							"post": [-6, 9, 7],
							"lerp_mode": "catmullrom"
						},
						"1.25": {
							"post": [-6, 9, 7],
							"lerp_mode": "catmullrom"
						},
						"1.5": [3, 8, 5],
						"1.75": [3, 8, 5]
					}
				},
				"hand_mini2": {
					"rotation": {
						"0.0": [0, 77.5, 0],
						"0.25": [0, 77.5, 0],
						"1.5": [0, 77.5, 0],
						"1.75": [0, 77.5, 0]
					},
					"position": {
						"0.0": [14, 0, 6],
						"0.25": [14, 0, 6],
						"1.5": [14, 0, 6],
						"1.75": [14, 0, 6]
					}
				},
				"line": {
					"rotation": {
						"0.0": {
							"post": [0, 0, 0],
							"lerp_mode": "catmullrom"
						},
						"0.5": {
							"post": [-6.62, 0, 0],
							"lerp_mode": "catmullrom"
						},
						"0.7083": {
							"post": [-15, "0+math.sin(q.anim_time*90*24-180)*8", "0+Math.cos(q.anim_time*90*24-360)*8"],
							"lerp_mode": "catmullrom"
						},
						"1.0": {
							"post": [-15, "0+math.sin(q.anim_time*90*24-180)*8", "0+Math.cos(q.anim_time*90*24-360)*8"],
							"lerp_mode": "catmullrom"
						},
						"1.25": {
							"post": [-15, "0+math.sin(q.anim_time*90*24-180)*8", "0+Math.cos(q.anim_time*90*24-360)*8"],
							"lerp_mode": "catmullrom"
						},
						"1.5833": {
							"post": [5, 0, 0],
							"lerp_mode": "catmullrom"
						},
						"1.75": {
							"post": [0, 0, 0],
							"lerp_mode": "catmullrom"
						}
					},
					"position": {
						"0.0": [0, 0, 0],
						"0.7083": [0, 0, -2],
						"1.75": [0, 0, 0]
					}
				},
				"line2": {
					"rotation": {
						"0.0": [-15, 0, 0],
						"0.25": [-15, 0, 0],
						"1.5": [-15, 0, 0],
						"1.75": [-15, 0, 0]
					},
					"position": {
						"0.0": [0, 3, -6],
						"0.25": [0, 3, -6],
						"1.5": [0, 3, -7],
						"1.75": [0, 3, -6]
					}
				},
				"smile": {
					"position": [0, 0, 0]
				},
				"allbody": {
					"rotation": {
						"0.0": {
							"post": [0, 0, 0],
							"lerp_mode": "catmullrom"
						},
						"0.25": {
							"post": [0, 0, 0],
							"lerp_mode": "catmullrom"
						},
						"0.5": {
							"post": [0, 5, 0],
							"lerp_mode": "catmullrom"
						},
						"0.7083": {
							"post": [0, -5, 0],
							"lerp_mode": "catmullrom"
						},
						"1.0": {
							"post": [0, -5, 0],
							"lerp_mode": "catmullrom"
						},
						"1.25": {
							"post": [0, -5, 0],
							"lerp_mode": "catmullrom"
						},
						"1.5": {
							"post": [0, 0, 0],
							"lerp_mode": "catmullrom"
						},
						"1.75": {
							"post": [0, 0, 0],
							"lerp_mode": "catmullrom"
						}
					},
					"position": {
						"0.0": {
							"post": [0, 0, 0],
							"lerp_mode": "catmullrom"
						},
						"0.25": {
							"post": [0, 0, 0],
							"lerp_mode": "catmullrom"
						},
						"0.5": {
							"post": [0, 0, 1],
							"lerp_mode": "catmullrom"
						},
						"0.7083": [0, 0, 0],
						"0.75": [0, -1, -0.05],
						"0.7917": [0, 0.06, -0.05],
						"0.8333": [0, -0.88, -0.04],
						"0.875": [0, 0.23, -0.03],
						"0.9167": [0, -0.76, -0.02],
						"0.9583": {
							"pre": [0, 0.56, -0.01],
							"post": [0, 0.56, -0.01],
							"lerp_mode": "catmullrom"
						},
						"1.0": {
							"post": [0, 0, 0],
							"lerp_mode": "catmullrom"
						},
						"1.25": {
							"post": [0, 0, 0],
							"lerp_mode": "catmullrom"
						},
						"1.5": {
							"post": [0, 0, 0],
							"lerp_mode": "catmullrom"
						},
						"1.75": {
							"post": [0, 0, 0],
							"lerp_mode": "catmullrom"
						}
					}
				},
				"legparte2": {
					"rotation": {
						"0.0": [0, 0, 0],
						"0.25": [0, 0, 0],
						"0.5": [7.5, 0, 0],
						"1.5": [0, 0, 0],
						"1.75": [0, 0, 0]
					}
				},
				"eye1": {
					"position": {
						"0.0": [0, 0, 0],
						"0.375": [0, 0, 0],
						"0.5": [0, 0, 1],
						"0.6667": [0, 0, 0],
						"1.75": [0, 0, 0]
					}
				},
				"eye2": {
					"position": {
						"0.0": [0, 0, 0],
						"0.375": [0, 0, 0],
						"0.5": [0, 0, 1],
						"0.6667": [0, 0, 0],
						"1.75": [0, 0, 0]
					}
				},
				"eyebrow2": {
					"position": {
						"0.0": [0, 0, 0],
						"0.25": [0, 0, 0],
						"0.75": [1, 0, -1],
						"1.5": {
							"pre": [1, 0, -1],
							"post": [0, 0, 0]
						},
						"1.75": [0, 0, 0]
					}
				},
				"eyebrow1": {
					"position": {
						"0.0": [0, 0, 0],
						"0.25": [0, 0, 0],
						"0.75": [-1, 0, -2],
						"1.5": {
							"pre": [-1, 0, -2],
							"post": [0, 0, 0]
						},
						"1.75": [0, 0, 0]
					}
				},
				"mouth": {
					"position": {
						"0.0": [0, 0, 0],
						"0.75": {
							"pre": [0, 0, 0],
							"post": [0, 0, -1]
						},
						"1.5833": {
							"pre": [0, 0, -1],
							"post": [0, 0, 0]
						},
						"1.75": {
							"pre": [0, 0, 0],
							"post": [0, 0, 0]
						}
					}
				}
			},
			"sound_effects": {
				"0.7083": {
					"effect": "pokemon.greedent.cry"
				}
			}
		},
		"animation.greedent.status": {
			"animation_length": 1.75,
			"bones": {
				"leg1": {
					"rotation": {
						"0.0": [0, -17.5, 0],
						"0.25": [0, -17.5, 0],
						"0.5": [0, -10, 0],
						"0.7083": [0, -22.5, 0],
						"1.0": [0, -22.5, 0],
						"1.25": [0, -22.5, 0],
						"1.75": [0, -17.5, 0]
					},
					"position": {
						"0.0": [0, 0, 0],
						"1.75": [0, 0, 0]
					}
				},
				"leg2": {
					"rotation": {
						"0.0": [0, 17.5, 0],
						"0.25": [0, 17.5, 0],
						"0.5": {
							"pre": [0, 10, 0],
							"post": [0, 10, 0],
							"lerp_mode": "catmullrom"
						},
						"0.7083": {
							"post": [0, 22.5, 0],
							"lerp_mode": "catmullrom"
						},
						"1.0": {
							"post": [0, 22.5, 0],
							"lerp_mode": "catmullrom"
						},
						"1.25": {
							"post": [0, 22.5, 0],
							"lerp_mode": "catmullrom"
						},
						"1.75": [0, 17.5, 0]
					},
					"position": {
						"0.0": {
							"post": [0, 0, 0],
							"lerp_mode": "catmullrom"
						},
						"0.25": {
							"post": [0, 0, 0],
							"lerp_mode": "catmullrom"
						},
						"1.75": {
							"post": [0, 0, 0],
							"lerp_mode": "catmullrom"
						}
					}
				},
				"torso": {
					"rotation": {
						"0.0": {
							"post": [0, 0, 0],
							"lerp_mode": "catmullrom"
						},
						"0.25": {
							"post": [0, 0, 0],
							"lerp_mode": "catmullrom"
						},
						"0.5": {
							"post": [35, 0, 0],
							"lerp_mode": "catmullrom"
						},
						"0.7083": {
							"post": ["-7.5+math.cos(q.anim_time*90*24-180)*2", "0+math.sin(q.anim_time*90*24-120)*8", 0],
							"lerp_mode": "catmullrom"
						},
						"1.0": {
							"post": ["-7.5+math.cos(q.anim_time*90*24-180)*2", "0+math.sin(q.anim_time*90*24-120)*8", 0],
							"lerp_mode": "catmullrom"
						},
						"1.25": {
							"post": ["-7.5+math.cos(q.anim_time*90*24-180)*2", "0+math.sin(q.anim_time*90*24-120)*8", 0],
							"lerp_mode": "catmullrom"
						},
						"1.75": {
							"post": [0, 0, 0],
							"lerp_mode": "catmullrom"
						}
					},
					"position": {
						"0.0": {
							"post": [0, 0, 0],
							"lerp_mode": "catmullrom"
						},
						"0.25": {
							"post": [0, 0, 0],
							"lerp_mode": "catmullrom"
						},
						"0.5": {
							"post": [0, 4, 3],
							"lerp_mode": "catmullrom"
						},
						"0.7083": {
							"post": [0, 0, 0],
							"lerp_mode": "catmullrom"
						},
						"1.0": {
							"post": [0, 0, 0],
							"lerp_mode": "catmullrom"
						},
						"1.25": {
							"post": [0, 0, 0],
							"lerp_mode": "catmullrom"
						},
						"1.75": {
							"post": [0, 0, 0],
							"lerp_mode": "catmullrom"
						}
					}
				},
				"head": {
					"rotation": {
						"0.0": {
							"post": [0, 0, 0],
							"lerp_mode": "catmullrom"
						},
						"0.25": {
							"post": [0, 0, 0],
							"lerp_mode": "catmullrom"
						},
						"0.5": {
							"post": [7.5, 0, 0],
							"lerp_mode": "catmullrom"
						},
						"0.7083": {
							"post": [-15, 0, 0],
							"lerp_mode": "catmullrom"
						},
						"1.0": {
							"post": [-15, 0, 0],
							"lerp_mode": "catmullrom"
						},
						"1.25": {
							"post": [-15, 0, 0],
							"lerp_mode": "catmullrom"
						},
						"1.75": {
							"post": [0, 0, 0],
							"lerp_mode": "catmullrom"
						}
					},
					"position": {
						"0.0": [0, 0, -0.2],
						"0.25": [0, 0, -0.2],
						"0.7083": {
							"pre": [0, -1, -1],
							"post": [0, -1, -1],
							"lerp_mode": "catmullrom"
						},
						"1.0": {
							"post": [0, -1, -1],
							"lerp_mode": "catmullrom"
						},
						"1.25": {
							"post": [0, -1, -1],
							"lerp_mode": "catmullrom"
						},
						"1.75": [0, 0, -0.2]
					}
				},
				"smile2": {
					"position": {
						"0.0": [0, 0, 0],
						"0.5": {
							"pre": [0, 0, 0],
							"post": [0, 0, 1]
						},
						"0.7083": {
							"pre": [0, 0, 1],
							"post": [0, 0, 0]
						},
						"1.75": [0, 0, 0]
					}
				},
				"bone12": {
					"position": {
						"0.0": [0, 0, 1],
						"0.25": [0, 0, 1],
						"0.5": [0, 0, 0],
						"0.7083": {
							"pre": [0, 0, 0],
							"post": [0, 0, 1]
						},
						"1.0": [0, 0, 1],
						"1.25": [0, 0, 1],
						"1.75": [0, 0, 1]
					}
				},
				"hand1": {
					"rotation": {
						"0.0": [40.82561, -29.8001, -49.42897],
						"0.25": [40.82561, -29.8001, -49.42897],
						"0.5": {
							"pre": [39.12483, -25.96707, -45.7953],
							"post": [39.12483, -25.96707, -45.7953],
							"lerp_mode": "catmullrom"
						},
						"0.7083": {
							"post": [36.18018, -16.05253, -37.62491],
							"lerp_mode": "catmullrom"
						},
						"1.0": {
							"post": [36.18018, -16.05253, -37.62491],
							"lerp_mode": "catmullrom"
						},
						"1.25": {
							"post": [36.18018, -16.05253, -37.62491],
							"lerp_mode": "catmullrom"
						},
						"1.75": [40.82561, -29.8001, -49.42897]
					},
					"position": {
						"0.0": [-3, 8, 5],
						"0.25": [-3, 8, 5],
						"0.5": {
							"pre": [-2.33, 8, 5.11],
							"post": [-2.33, 8, 5.11],
							"lerp_mode": "catmullrom"
						},
						"0.7083": {
							"post": [-2, 8, 7],
							"lerp_mode": "catmullrom"
						},
						"1.0": {
							"post": [-2, 8, 7],
							"lerp_mode": "catmullrom"
						},
						"1.25": {
							"post": [-2, 8, 7],
							"lerp_mode": "catmullrom"
						},
						"1.75": [-3, 8, 5]
					}
				},
				"hand_mini1": {
					"rotation": {
						"0.0": [0, -77.5, 0],
						"0.25": [0, -77.5, 0],
						"1.75": [0, -77.5, 0]
					},
					"position": {
						"0.0": [-14, 0, 6],
						"0.25": [-14, 0, 6],
						"1.75": [-14, 0, 6]
					}
				},
				"hand2": {
					"rotation": {
						"0.0": [40.82561, 29.8001, 49.42897],
						"0.25": [40.82561, 29.8001, 49.42897],
						"0.5": {
							"pre": [39.12483, 25.96707, 45.7953],
							"post": [39.12483, 25.96707, 45.7953],
							"lerp_mode": "catmullrom"
						},
						"0.7083": {
							"post": [36.18018, 16.05253, 37.62491],
							"lerp_mode": "catmullrom"
						},
						"1.0": {
							"post": [36.18018, 16.05253, 37.62491],
							"lerp_mode": "catmullrom"
						},
						"1.25": {
							"post": [36.18018, 16.05253, 37.62491],
							"lerp_mode": "catmullrom"
						},
						"1.75": [40.82561, 29.8001, 49.42897]
					},
					"position": {
						"0.0": [3, 8, 5],
						"0.25": [3, 8, 5],
						"0.5": {
							"pre": [2.33, 8, 5.11],
							"post": [2.33, 8, 5.11],
							"lerp_mode": "catmullrom"
						},
						"0.7083": {
							"post": [2, 8, 7],
							"lerp_mode": "catmullrom"
						},
						"1.0": {
							"post": [2, 8, 7],
							"lerp_mode": "catmullrom"
						},
						"1.25": {
							"post": [2, 8, 7],
							"lerp_mode": "catmullrom"
						},
						"1.75": [3, 8, 5]
					}
				},
				"hand_mini2": {
					"rotation": {
						"0.0": [0, 77.5, 0],
						"0.25": [0, 77.5, 0],
						"1.75": [0, 77.5, 0]
					},
					"position": {
						"0.0": [14, 0, 6],
						"0.25": [14, 0, 6],
						"1.75": [14, 0, 6]
					}
				},
				"line": {
					"rotation": {
						"0.0": {
							"post": [5, 0, 0],
							"lerp_mode": "catmullrom"
						},
						"0.25": {
							"post": [5, 0, 0],
							"lerp_mode": "catmullrom"
						},
						"0.5": {
							"post": [-15, 0, 0],
							"lerp_mode": "catmullrom"
						},
						"0.7083": {
							"post": [0, "0+Math.cos(q.anim_time*90*24-360)*8", "0+math.cos(q.anim_time*90*24-180)*4"],
							"lerp_mode": "catmullrom"
						},
						"1.0": {
							"post": [0, "0+Math.cos(q.anim_time*90*24-360)*10", "0+math.cos(q.anim_time*90*24-180)*4"],
							"lerp_mode": "catmullrom"
						},
						"1.25": {
							"post": [0, "0+Math.cos(q.anim_time*90*24-360)*12", "0+math.cos(q.anim_time*90*24-180)*4"],
							"lerp_mode": "catmullrom"
						},
						"1.75": {
							"post": [5, 0, 0],
							"lerp_mode": "catmullrom"
						}
					},
					"position": {
						"0.0": {
							"post": [0, 0, 0],
							"lerp_mode": "catmullrom"
						},
						"0.25": {
							"post": [0, 0, 0],
							"lerp_mode": "catmullrom"
						},
						"0.5": {
							"post": [0, 0, -4],
							"lerp_mode": "catmullrom"
						},
						"0.7083": {
							"post": [0, -1, -1],
							"lerp_mode": "catmullrom"
						},
						"1.0": {
							"post": [0, -1, -1],
							"lerp_mode": "catmullrom"
						},
						"1.25": {
							"post": [0, -1, -1],
							"lerp_mode": "catmullrom"
						},
						"1.75": {
							"post": [0, 0, 0],
							"lerp_mode": "catmullrom"
						}
					}
				},
				"line2": {
					"rotation": {
						"0.0": [-15, 0, 0],
						"0.25": [-15, 0, 0],
						"1.75": [-15, 0, 0]
					},
					"position": {
						"0.0": [0, 3, -6],
						"0.25": [0, 3, -6],
						"1.75": [0, 3, -6]
					}
				},
				"allbody": {
					"rotation": {
						"0.0": {
							"post": [0, 0, 0],
							"lerp_mode": "catmullrom"
						},
						"0.25": {
							"post": [0, 0, 0],
							"lerp_mode": "catmullrom"
						},
						"1.75": {
							"post": [0, 0, 0],
							"lerp_mode": "catmullrom"
						}
					},
					"position": {
						"0.0": {
							"post": [0, 0, 0],
							"lerp_mode": "catmullrom"
						},
						"0.25": {
							"post": [0, 0, 0],
							"lerp_mode": "catmullrom"
						},
						"1.75": {
							"post": [0, 0, 0],
							"lerp_mode": "catmullrom"
						}
					}
				},
				"legparte2": {
					"rotation": {
						"0.0": [0, 0, 0],
						"0.25": [0, 0, 0],
						"1.75": [0, 0, 0]
					}
				},
				"eye1": {
					"position": {
						"0.0": [0, 0, 0],
						"1.75": [0, 0, 0]
					}
				},
				"eye2": {
					"position": {
						"0.0": [0, 0, 0],
						"1.75": [0, 0, 0]
					}
				},
				"eyebrow1": {
					"position": {
						"0.0": [0, 0, 0],
						"0.25": [0, 0, 0],
						"0.5": [0, 0, -1],
						"0.7083": {
							"pre": [0, 0, -1],
							"post": [-1, 0, -2]
						},
						"1.75": {
							"pre": [-1, 0, -2],
							"post": [0, 0, 0]
						}
					}
				},
				"eyebrow2": {
					"position": {
						"0.0": [0, 0, 0],
						"0.25": [0, 0, 0],
						"0.5": [0, 0, -1],
						"0.7083": {
							"pre": [0, 0, -1],
							"post": [1, 0, -1]
						},
						"1.75": {
							"pre": [1, 0, -1],
							"post": [0, 0, 0]
						}
					}
				},
				"mouth": {
					"position": {
						"0.0": [0, 0, 0],
						"0.7083": {
							"pre": [0, 0, 0],
							"post": [0, 0, -1]
						},
						"1.75": {
							"pre": [0, 0, -1],
							"post": [0, 0, 0]
						}
					}
				}
			}
		},
		"animation.greedent.ground_walk": {
			"loop": true,
			"animation_length": 1,
			"bones": {
				"leg1": {
					"rotation": {
						"0.0": {
							"post": [10.34527, -14.76689, -2.66399],
							"lerp_mode": "catmullrom"
						},
						"0.2917": {
							"post": [16.39145, -16.47192, -1.00208],
							"lerp_mode": "catmullrom"
						},
						"0.5": {
							"post": [0, -17.5, 0],
							"lerp_mode": "catmullrom"
						},
						"0.75": {
							"post": [16.45382, -15.79497, -1.66191],
							"lerp_mode": "catmullrom"
						},
						"1.0": {
							"post": [10.34527, -14.76689, -2.66399],
							"lerp_mode": "catmullrom"
						}
					},
					"position": {
						"0.0": {
							"post": [0, 1, -4],
							"lerp_mode": "catmullrom"
						},
						"0.25": {
							"post": [0, -0.5, 0],
							"lerp_mode": "catmullrom"
						},
						"0.5": {
							"post": [0, 0, 0],
							"lerp_mode": "catmullrom"
						},
						"0.7083": {
							"post": [0, 2.5, -4],
							"lerp_mode": "catmullrom"
						},
						"1.0": {
							"post": [0, 1, -4],
							"lerp_mode": "catmullrom"
						}
					}
				},
				"leg2": {
					"rotation": {
						"0.0": {
							"post": [0, 17.5, 0],
							"lerp_mode": "catmullrom"
						},
						"0.2917": {
							"post": [16.45382, 15.79497, 1.66191],
							"lerp_mode": "catmullrom"
						},
						"0.5": {
							"post": [10.34527, 14.76689, 2.66399],
							"lerp_mode": "catmullrom"
						},
						"0.75": {
							"post": [16.39145, 16.47192, 1.00208],
							"lerp_mode": "catmullrom"
						},
						"1.0": {
							"post": [0, 17.5, 0],
							"lerp_mode": "catmullrom"
						}
					},
					"position": {
						"0.0": {
							"post": [0, 0, 0],
							"lerp_mode": "catmullrom"
						},
						"0.25": {
							"post": [0, 2.5, -4],
							"lerp_mode": "catmullrom"
						},
						"0.5": {
							"post": [0, 1, -4],
							"lerp_mode": "catmullrom"
						},
						"0.7083": {
							"post": [0, -0.5, 0],
							"lerp_mode": "catmullrom"
						},
						"1.0": {
							"post": [0, 0, 0],
							"lerp_mode": "catmullrom"
						}
					}
				},
				"torso": {
					"rotation": ["5+math.sin(q.anim_time*90*4+90)*6", "0-math.cos(q.anim_time*90*4+60)*3", 0],
					"position": [0, "0-math.cos(q.anim_time*180*4-90)*0.5", 0]
				},
				"hand1": {
					"rotation": [37.73965, -22.04912, -42.3936],
					"position": [-1, 9, 5]
				},
				"hand_mini1": {
					"rotation": [0, -77.5, 0],
					"position": [-14, 0, 6]
				},
				"hand2": {
					"rotation": [37.73965, 22.04912, 42.3936],
					"position": [1, 9, 5]
				},
				"hand_mini2": {
					"rotation": [0, 77.5, 0],
					"position": [14, 0, 6]
				},
				"line": {
					"rotation": ["0+math.sin(q.anim_time*90*4+90)*4", 0, "0-math.cos(q.anim_time*90*4+90)*2"]
				},
				"line2": {
					"rotation": [-7.5, 0, 0],
					"position": [0, 0, -3]
				},
				"head": {
					"rotation": [0, "math.sin(q.anim_time*90*4+30)*1", 0],
					"position": [0, 0, -1]
				}
			}
		},
		"animation.greedent.blink": {
			"animation_length": 0.25,
			"bones": {
				"eyes": {
					"position": {
						"0.0": {
							"post": [0, 0, 1],
							"lerp_mode": "catmullrom"
						},
						"0.25": {
							"post": [0, 0, 0],
							"lerp_mode": "catmullrom"
						}
					}
				}
			}
		},
		"animation.greedent.cry": {
			"animation_length": 0.75,
			"bones": {
				"head": {
					"rotation": {
						"0.0": {
							"post": [0, 0, 0],
							"lerp_mode": "catmullrom"
						},
						"0.0417": {
							"post": [-2.5, 0, 0],
							"lerp_mode": "catmullrom"
						},
						"0.2083": {
							"post": [0, 0, 0],
							"lerp_mode": "catmullrom"
						},
						"0.2917": {
							"post": [-2.5, 0, 0],
							"lerp_mode": "catmullrom"
						},
						"0.375": {
							"post": [0, 0, 0],
							"lerp_mode": "catmullrom"
						},
						"0.5": {
							"post": [-2.5, 0, 0],
							"lerp_mode": "catmullrom"
						},
						"0.75": {
							"post": [0, 0, 0],
							"lerp_mode": "catmullrom"
						}
					}
				},
				"mouth": {
					"position": {
						"0.0": [0, 0, 0],
						"0.0417": {
							"pre": [0, 0, 0],
							"post": [0, 0, -1]
						},
						"0.2083": {
							"pre": [0, 0, -1],
							"post": [0, 0, 0]
						},
						"0.2917": {
							"pre": [0, 0, 0],
							"post": [0, 0, -1]
						},
						"0.375": {
							"pre": [0, 0, -1],
							"post": [0, 0, 0]
						},
						"0.5": {
							"pre": [0, 0, 0],
							"post": [0, 0, -1]
						},
						"0.75": {
							"pre": [0, 0, -1],
							"post": [0, 0, 0]
						}
					}
				}
			},
			"sound_effects": {
				"0.0": {
					"effect": "pokemon.greedent.cry"
				}
			}
		},
		"animation.greedent.quirk": {
			"animation_length": 2.4167,
			"bones": {
				"line": {
					"rotation": {
						"0.0": [0, 0, 0],
						"0.4167": [0, "2.5+Math.sin(q.anim_time*90*24-360)*10", 0],
						"0.6667": [0, 0, 0],
						"1.0": [0, "2.5+Math.sin(q.anim_time*90*24-360)*12", 0],
						"1.25": [0, 0, 0],
						"1.5": [0, "2.5+Math.sin(q.anim_time*90*24-360)*12", 0],
						"1.875": [0, 0, 0],
						"2.4167": [0, 0, 0]
					}
				},
				"torso": {
					"rotation": {
						"0.0": {
							"post": [0, 0, 0],
							"lerp_mode": "catmullrom"
						},
						"0.125": {
							"post": [0, -0.83, 0],
							"lerp_mode": "catmullrom"
						},
						"0.375": {
							"post": [0, -2.5, 0],
							"lerp_mode": "catmullrom"
						},
						"1.0417": {
							"post": [0, 7.5, 0],
							"lerp_mode": "catmullrom"
						},
						"2.4167": {
							"post": [0, 0, 0],
							"lerp_mode": "catmullrom"
						}
					}
				},
				"head": {
					"rotation": {
						"0.0": {
							"post": [0, 0, 0],
							"lerp_mode": "catmullrom"
						},
						"0.2083": {
							"post": [3.29388, -9.13172, -0.63259],
							"lerp_mode": "catmullrom"
						},
						"0.4167": {
							"post": [-0.63748, -3.97927, -1.28848],
							"lerp_mode": "catmullrom"
						},
						"0.625": {
							"post": [0.3025, -3.95872, -2.0917],
							"lerp_mode": "catmullrom"
						},
						"0.8333": {
							"post": [3.25343, -1.64392, -0.20271],
							"lerp_mode": "catmullrom"
						},
						"1.0417": {
							"post": [-0.63748, 3.6793, 1.2885],
							"lerp_mode": "catmullrom"
						},
						"1.3333": {
							"post": [-0.63748, 3.6793, 2.6885],
							"lerp_mode": "catmullrom"
						},
						"1.6667": {
							"post": [0, 2, 0],
							"lerp_mode": "catmullrom"
						},
						"1.875": {
							"post": [0.02414, -11.96947, -0.10483],
							"lerp_mode": "catmullrom"
						},
						"2.4167": {
							"post": [0, 0, 0],
							"lerp_mode": "catmullrom"
						}
					}
				},
				"nose": {
					"rotation": {
						"0.0": {
							"post": [0, 0, 0],
							"lerp_mode": "catmullrom"
						},
						"0.2083": {
							"post": [-7.56397, -7.43547, 0.98448],
							"lerp_mode": "catmullrom"
						},
						"0.4167": {
							"post": [0, 7.5, 0],
							"lerp_mode": "catmullrom"
						},
						"0.625": {
							"post": [0, -2.5, 0],
							"lerp_mode": "catmullrom"
						},
						"0.8333": {
							"post": [0, 5, 0],
							"lerp_mode": "catmullrom"
						},
						"1.0417": {
							"post": [0, 0, 0],
							"lerp_mode": "catmullrom"
						},
						"1.3333": {
							"post": [0, -2.5, 0],
							"lerp_mode": "catmullrom"
						},
						"1.6667": {
							"post": [0, 1.91, 0],
							"lerp_mode": "catmullrom"
						},
						"1.875": {
							"post": [0, -6.41, 0],
							"lerp_mode": "catmullrom"
						},
						"2.4167": {
							"post": [0, 0, 0],
							"lerp_mode": "catmullrom"
						}
					}
				},
				"eye1": {
					"position": {
						"0.0": [0, 0, 0],
						"0.2083": {
							"pre": [0, 0, 0],
							"post": [0, 0, 1]
						},
						"0.625": {
							"pre": [0, 0, 1],
							"post": [0, 0, 0]
						},
						"0.9583": {
							"pre": [0, 0, 0],
							"post": [0, 0, 1]
						},
						"1.0417": {
							"pre": [0, 0, 1],
							"post": [0, 0, 0]
						},
						"1.1667": {
							"pre": [0, 0, 0],
							"post": [0, 0, 1]
						},
						"1.2917": {
							"pre": [0, 0, 1],
							"post": [0, 0, 0]
						},
						"1.7917": [0, 0, 0],
						"1.8333": [0, 0, 1],
						"1.875": {
							"pre": [0, 0, 1],
							"post": [0, 0, 0]
						},
						"2.1667": [0, 0, 0]
					}
				},
				"eye2": {
					"position": {
						"0.0": [0, 0, 0],
						"0.2083": {
							"pre": [0, 0, 0],
							"post": [0, 0, 1]
						},
						"0.625": {
							"pre": [0, 0, 1],
							"post": [0, 0, 0]
						},
						"0.9583": {
							"pre": [0, 0, 0],
							"post": [0, 0, 1]
						},
						"1.0417": {
							"pre": [0, 0, 1],
							"post": [0, 0, 0]
						},
						"1.1667": {
							"pre": [0, 0, 0],
							"post": [0, 0, 1]
						},
						"1.2917": {
							"pre": [0, 0, 1],
							"post": [0, 0, 0]
						},
						"1.7917": [0, 0, 0],
						"1.8333": [0, 0, 1],
						"1.875": {
							"pre": [0, 0, 1],
							"post": [0, 0, 0]
						},
						"2.1667": [0, 0, 0]
					}
				},
				"eye_pupiled1": {
					"position": {
						"0.0": [0, 0, 0],
						"1.0417": {
							"pre": [0, 0, 0],
							"post": [0.4, 0, 0]
						},
						"1.2917": {
							"pre": [0.4, 0, 0],
							"post": [-0.3, 0, 0]
						},
						"1.875": {
							"pre": [-0.3, 0, 0],
							"post": [0.3, 0, 0]
						},
						"2.4167": {
							"pre": [0.3, 0, 0],
							"post": [0, 0, 0]
						}
					}
				},
				"eye_pupuiled2": {
					"position": {
						"0.0": [0, 0, 0],
						"1.0417": {
							"pre": [0, 0, 0],
							"post": [0.4, 0, 0]
						},
						"1.2917": {
							"pre": [0.4, 0, 0],
							"post": [-0.3, 0, 0]
						},
						"1.875": {
							"pre": [-0.3, 0, 0],
							"post": [0.4, 0, 0]
						},
						"2.4167": {
							"pre": [0.4, 0, 0],
							"post": [0, 0, 0]
						}
					}
				}
			}
		},
		"animation.greedent.pose": {
			"loop": true,
			"bones": {
				"leg1": {
					"rotation": [0, -17.5, 0]
				},
				"leg2": {
					"rotation": [0, 17.5, 0]
				},
				"head": {
					"position": [0, 0, -0.2]
				},
				"smile2": {
					"position": [0, 0, 0]
				},
				"bone12": {
					"position": [0, 0, 1]
				},
				"hand1": {
					"rotation": [40.82561, -29.8001, -49.42897],
					"position": [-3, 8, 5]
				},
				"hand_mini1": {
					"rotation": [0, -77.5, 0],
					"position": [-14, 0, 6]
				},
				"hand2": {
					"rotation": [40.82561, 29.8001, 49.42897],
					"position": [3, 8, 5]
				},
				"hand_mini2": {
					"rotation": [0, 77.5, 0],
					"position": [14, 0, 6]
				},
				"line": {
					"rotation": [5, 0, 0]
				},
				"line2": {
					"rotation": [-15, 0, 0],
					"position": [0, 3, -6]
				}
			}
		},
		"animation.greedent.special": {
			"animation_length": 3,
			"bones": {
				"leg1": {
					"rotation": {
						"0.0": [0, -17.5, 0],
						"0.5": {
							"pre": [23.95503, -36.35166, -16.16883],
							"post": [23.95503, -36.35166, -16.16883],
							"lerp_mode": "catmullrom"
						},
						"1.125": {
							"post": [23.95503, -36.35166, -16.16883],
							"lerp_mode": "catmullrom"
						},
						"1.2083": {
							"post": [13.18282, -35.74396, -15.64761],
							"lerp_mode": "catmullrom"
						},
						"1.9167": {
							"post": [6.58878, -36.52497, -9.06791],
							"lerp_mode": "catmullrom"
						},
						"2.25": {
							"post": [3.66897, -32.56231, -5.16115],
							"lerp_mode": "catmullrom"
						},
						"2.625": {
							"post": [0, -17.5, 0],
							"lerp_mode": "catmullrom"
						}
					},
					"position": {
						"0.0": [0, 0, 0],
						"0.2083": {
							"pre": [0, 0, 0],
							"post": [0, 0, 0],
							"lerp_mode": "catmullrom"
						},
						"0.5": {
							"post": [0, 1, 0],
							"lerp_mode": "catmullrom"
						},
						"1.125": {
							"post": [0, 1, 0],
							"lerp_mode": "catmullrom"
						},
						"1.2083": {
							"post": [0, -0.03, -1],
							"lerp_mode": "catmullrom"
						},
						"1.2917": {
							"post": [0, -0.06, 0.01],
							"lerp_mode": "catmullrom"
						},
						"1.6667": {
							"post": [0, -0.06, 0.01],
							"lerp_mode": "catmullrom"
						},
						"1.9167": {
							"post": [0, -0.06, 0.01],
							"lerp_mode": "catmullrom"
						},
						"2.25": {
							"post": [1, -0.02, 0],
							"lerp_mode": "catmullrom"
						},
						"2.625": {
							"post": [0, 0, 0],
							"lerp_mode": "catmullrom"
						}
					}
				},
				"leg2": {
					"rotation": {
						"0.0": {
							"post": [0, 17.5, 0],
							"lerp_mode": "catmullrom"
						},
						"0.375": [5, 20, 3],
						"0.5": {
							"pre": [7.37353, 23.87985, 6.82626],
							"post": [7.37353, 23.87985, 6.82626],
							"lerp_mode": "catmullrom"
						},
						"0.5833": {
							"post": [-7.60652, 26.0254, 8.90106],
							"lerp_mode": "catmullrom"
						},
						"1.0": {
							"post": [-18.08083, 26.58424, 8.12415],
							"lerp_mode": "catmullrom"
						},
						"1.2083": {
							"post": [-8, 26.0254, 8.90106],
							"lerp_mode": "catmullrom"
						},
						"1.25": [20.92512, 19.55378, 20.4268],
						"1.7083": [5.30324, 21.68547, 4.55514],
						"2.625": {
							"pre": [0, 17.5, 0],
							"post": [0, 17.5, 0],
							"lerp_mode": "catmullrom"
						}
					},
					"position": {
						"0.0": {
							"post": [0, 0, 0],
							"lerp_mode": "catmullrom"
						},
						"0.375": [-1, 0, 0],
						"0.5417": {
							"pre": [-1, 1, 0],
							"post": [-1, 1, 0],
							"lerp_mode": "catmullrom"
						},
						"1.2083": {
							"post": [-1, 1, -1],
							"lerp_mode": "catmullrom"
						},
						"1.25": [-1, 0, 0],
						"1.7083": [-1, 0, 0],
						"2.625": {
							"pre": [0, 0, 0],
							"post": [0, 0, 0],
							"lerp_mode": "catmullrom"
						}
					}
				},
				"head": {
					"rotation": {
						"0.0": [0, 0, 0],
						"0.2083": {
							"pre": [3, 0, 0],
							"post": [3, 0, 0],
							"lerp_mode": "catmullrom"
						},
						"0.5417": {
							"post": [-9.5, 0, 0],
							"lerp_mode": "catmullrom"
						},
						"1.1667": {
							"post": [-10, 0, 0],
							"lerp_mode": "catmullrom"
						},
						"1.2083": [2.5, 0, 0],
						"1.375": {
							"pre": [20, 0, 0],
							"post": [20, 0, 0],
							"lerp_mode": "catmullrom"
						},
						"1.7083": {
							"post": [20, 0, 0],
							"lerp_mode": "catmullrom"
						},
						"1.9167": [7.5, "0+Math.sin(q.anim_time*90*8-60)*12", 0],
						"2.0833": [7.5, "0+Math.sin(q.anim_time*90*16-60)*12", 0],
						"2.625": [0, 0, 0]
					},
					"position": {
						"0.0": [0, 0, -0.2],
						"0.2083": {
							"pre": [0, 0, -0.2],
							"post": [0, 0, -0.2],
							"lerp_mode": "catmullrom"
						},
						"0.5417": {
							"post": [0, -1, -0.2],
							"lerp_mode": "catmullrom"
						},
						"1.1667": {
							"post": [0, -1, -0.2],
							"lerp_mode": "catmullrom"
						},
						"1.2083": [0, "-1.1-Math.sin(q.anim_time*90*54-90)*0.46", -0.2],
						"1.3333": [0, "-1.1-math.sin(q.anim_time*90*54-90)*0.35", -1.2],
						"1.5": {
							"pre": [0, -1, -1.2],
							"post": [0, -1, -1.2],
							"lerp_mode": "catmullrom"
						},
						"1.7083": {
							"post": [0, -1, -1.2],
							"lerp_mode": "catmullrom"
						},
						"2.625": [0, 0, -0.2]
					}
				},
				"smile2": {
					"position": [0, 0, 0]
				},
				"bone12": {
					"position": [0, 0, 1]
				},
				"hand1": {
					"rotation": {
						"0.0": [40.82561, -29.8001, -49.42897],
						"0.4167": {
							"pre": [22.04237, -23.29635, -46.6344],
							"post": [22.04237, -23.29635, -46.6344],
							"lerp_mode": "catmullrom"
						},
						"1.125": {
							"post": [22.04237, -23.29635, -46.6344],
							"lerp_mode": "catmullrom"
						},
						"1.2083": {
							"post": [77.47317, 38.78632, 49.48353],
							"lerp_mode": "catmullrom"
						},
						"1.25": [41.11423, 30.37377, -2.37922],
						"1.7083": {
							"pre": [41.11423, 30.37377, -2.37922],
							"post": [41.11423, 30.37377, -2.37922],
							"lerp_mode": "catmullrom"
						},
						"2.1667": {
							"post": [37.06527, -18.87422, -2.38968],
							"lerp_mode": "catmullrom"
						},
						"2.625": [40.82561, -29.8001, -49.42897]
					},
					"position": {
						"0.0": [-3, 8, 5],
						"0.4167": {
							"pre": [0.9, 7, 4.71],
							"post": [0.9, 7, 4.71],
							"lerp_mode": "catmullrom"
						},
						"1.125": {
							"post": [1.9, 8, 4.71],
							"lerp_mode": "catmullrom"
						},
						"1.1667": {
							"post": [3.02, 9.3, 6.15],
							"lerp_mode": "catmullrom"
						},
						"1.2083": {
							"post": [6.13, 5.86, 1.53],
							"lerp_mode": "catmullrom"
						},
						"1.25": [6, 8, 1],
						"1.7083": {
							"pre": [6, 8, 1],
							"post": [6, 8, 1],
							"lerp_mode": "catmullrom"
						},
						"1.9167": {
							"post": [3.95, 10, 2.91],
							"lerp_mode": "catmullrom"
						},
						"2.1667": {
							"post": [-4.5, 7.29, 5.65],
							"lerp_mode": "catmullrom"
						},
						"2.625": [-3, 8, 5]
					}
				},
				"hand_mini1": {
					"rotation": {
						"0.0": [0, -77.5, 0],
						"0.4167": {
							"pre": [0, -86.13, 0],
							"post": [0, -86.13, 0],
							"lerp_mode": "catmullrom"
						},
						"1.0": {
							"post": [0, -86.13, 0],
							"lerp_mode": "catmullrom"
						},
						"1.125": {
							"post": [0, -41.13, 0],
							"lerp_mode": "catmullrom"
						},
						"1.2083": {
							"post": [0, -30.57, 0],
							"lerp_mode": "catmullrom"
						},
						"1.2917": [0, -50, 0],
						"1.7083": [0, -50, 0],
						"2.1667": [0, -53.05, 0],
						"2.625": [0, -77.5, 0]
					},
					"position": {
						"0.0": [-14, 0, 6],
						"0.4167": {
							"pre": [-16.06, 0, 4.87],
							"post": [-16.06, 0, 4.87],
							"lerp_mode": "catmullrom"
						},
						"1.0": {
							"post": [-16.06, 0, 4.87],
							"lerp_mode": "catmullrom"
						},
						"1.125": {
							"post": [-6.06, 0, 4.87],
							"lerp_mode": "catmullrom"
						},
						"1.2083": {
							"post": [-4.03, 0, 4.24],
							"lerp_mode": "catmullrom"
						},
						"1.2917": [-8, 0, 5.6],
						"1.7083": [-8, 0, 5.6],
						"2.1667": [-8.94, 0, 5.86],
						"2.625": [-14, 0, 6]
					}
				},
				"hand2": {
					"rotation": {
						"0.0": [40.82561, 29.8001, 49.42897],
						"0.4167": {
							"pre": [22.04237, 23.29635, 46.6344],
							"post": [22.04237, 23.29635, 46.6344],
							"lerp_mode": "catmullrom"
						},
						"1.125": {
							"post": [22.04237, 23.29635, 46.6344],
							"lerp_mode": "catmullrom"
						},
						"1.2083": {
							"post": [77.47317, -38.78632, -49.48353],
							"lerp_mode": "catmullrom"
						},
						"1.25": [41.11423, -30.37377, 2.37922],
						"1.7083": [41.11423, -30.37377, 2.37922],
						"2.1667": [37.06527, 18.87422, 2.38968],
						"2.625": [40.82561, 29.8001, 49.42897]
					},
					"position": {
						"0.0": [3, 8, 5],
						"0.4167": {
							"pre": [-0.9, 7, 4.71],
							"post": [-0.9, 7, 4.71],
							"lerp_mode": "catmullrom"
						},
						"1.125": {
							"post": [-1.9, 8, 4.71],
							"lerp_mode": "catmullrom"
						},
						"1.1667": {
							"post": [-3.02, 9.3, 6.15],
							"lerp_mode": "catmullrom"
						},
						"1.2083": {
							"post": [-6.13, 5.86, 1.53],
							"lerp_mode": "catmullrom"
						},
						"1.25": [-6, 8, 1],
						"1.7083": [-6, 8, 1],
						"1.9167": [-3.95, 10, 2.91],
						"2.1667": [4.5, 7.29, 5.65],
						"2.625": [3, 8, 5]
					}
				},
				"hand_mini2": {
					"rotation": {
						"0.0": [0, 77.5, 0],
						"0.4167": {
							"pre": [0, 86.13, 0],
							"post": [0, 86.13, 0],
							"lerp_mode": "catmullrom"
						},
						"1.0": {
							"post": [0, 86.13, 0],
							"lerp_mode": "catmullrom"
						},
						"1.125": {
							"post": [0, 41.13, 0],
							"lerp_mode": "catmullrom"
						},
						"1.2083": {
							"post": [0, 30.57, 0],
							"lerp_mode": "catmullrom"
						},
						"1.2917": [0, 50, 0],
						"2.1667": [0, 53.05, 0],
						"2.625": [0, 77.5, 0]
					},
					"position": {
						"0.0": [14, 0, 6],
						"0.4167": {
							"pre": [16.06, 0, 4.87],
							"post": [16.06, 0, 4.87],
							"lerp_mode": "catmullrom"
						},
						"1.0": {
							"post": [16.06, 0, 4.87],
							"lerp_mode": "catmullrom"
						},
						"1.125": {
							"post": [6.06, 0, 4.87],
							"lerp_mode": "catmullrom"
						},
						"1.2083": {
							"post": [4.03, 0, 4.24],
							"lerp_mode": "catmullrom"
						},
						"1.2917": [8, 0, 5.6],
						"2.1667": [8.94, 0, 5.86],
						"2.625": [14, 0, 6]
					}
				},
				"line": {
					"rotation": {
						"0.0": [5, 0, 0],
						"0.25": {
							"pre": [0, 2.5, 0],
							"post": [0, 2.5, 0],
							"lerp_mode": "catmullrom"
						},
						"0.5": {
							"post": [-11.81897, -8.79245, 3.28602],
							"lerp_mode": "catmullrom"
						},
						"1.0417": {
							"post": [-11.81897, -8.79245, 3.28602],
							"lerp_mode": "catmullrom"
						},
						"1.2083": {
							"post": [-3.58322, 1.15754, 1.43281],
							"lerp_mode": "catmullrom"
						},
						"1.2917": [-4.48615, -24.89837, -2.3273],
						"1.5": {
							"pre": [-4.26437, -17.42015, -2.94039],
							"post": [-4.26437, -17.42015, -2.94039],
							"lerp_mode": "catmullrom"
						},
						"1.7083": {
							"post": [-4.07221, -2.45936, -4.04416],
							"lerp_mode": "catmullrom"
						},
						"1.9167": [-5.03636, "Math.sin(q.anim_time*90*8-60)*16", -1.25948],
						"2.1667": [-5.03636, "Math.sin(q.anim_time*90*16-60)*20", -1.25948],
						"2.625": [5, 0, 0]
					},
					"position": {
						"0.0": [0, 0, 0],
						"0.25": {
							"pre": [0, 0, 0],
							"post": [0, 0, 0],
							"lerp_mode": "catmullrom"
						},
						"0.5": {
							"post": [0.13, 0.2, -3.67],
							"lerp_mode": "catmullrom"
						},
						"1.0417": {
							"post": [0.13, 0.2, -3.67],
							"lerp_mode": "catmullrom"
						},
						"1.2083": {
							"post": [0.64, 0.24, -1.76],
							"lerp_mode": "catmullrom"
						},
						"1.2917": [3, -2, -2],
						"1.5": {
							"pre": [3, -2, -2],
							"post": [3, -2, -2],
							"lerp_mode": "catmullrom"
						},
						"1.7083": {
							"post": [3, -2, -2],
							"lerp_mode": "catmullrom"
						},
						"2.625": [0, 0, 0]
					}
				},
				"line2": {
					"rotation": {
						"0.0": [-15, 0, 0],
						"2.625": [-15, 0, 0]
					},
					"position": {
						"0.0": [0, 3, -6],
						"2.625": [0, 3, -6]
					}
				},
				"legparte1": {
					"rotation": {
						"0.0": [0, 0, 0],
						"0.5": [7.5, 0, 0],
						"1.2083": [0, 0, 0],
						"2.625": [0, 0, 0]
					}
				},
				"torso": {
					"rotation": {
						"0.0": [0, 0, 0],
						"0.25": {
							"pre": [2.5, 0, 0],
							"post": [2.5, 0, 0],
							"lerp_mode": "catmullrom"
						},
						"0.5": {
							"post": [-12.5, 0, 0],
							"lerp_mode": "catmullrom"
						},
						"1.125": {
							"post": [-15, 0, 0],
							"lerp_mode": "catmullrom"
						},
						"1.2083": [5, 0, 0],
						"1.2917": {
							"pre": [20, 0, 0],
							"post": [20, 0, 0],
							"lerp_mode": "catmullrom"
						},
						"1.7083": {
							"post": [20, 0, 0],
							"lerp_mode": "catmullrom"
						},
						"1.9167": {
							"post": [16.42727, "-2.3980704409+Math.sin(q.anim_time*90*8-120)*8", -0.70679],
							"lerp_mode": "catmullrom"
						},
						"2.1667": {
							"post": [16.42727, "-2.3980704409+Math.sin(q.anim_time*90*16-120)*8", -0.70679],
							"lerp_mode": "catmullrom"
						},
						"2.625": [0, 0, 0]
					},
					"position": {
						"0.0": [0, 0, 0],
						"0.25": [0, 0.15, 0],
						"0.5": {
							"pre": [0, 0.5, 0],
							"post": [0, 0.5, 0],
							"lerp_mode": "catmullrom"
						},
						"1.125": {
							"post": [0, 0.55, 0],
							"lerp_mode": "catmullrom"
						},
						"1.2083": [0, 0.55, 1],
						"1.2917": {
							"pre": [0, 2.55, 2],
							"post": [0, 2.55, 2],
							"lerp_mode": "catmullrom"
						},
						"1.7083": {
							"post": [0, 2.55, 2],
							"lerp_mode": "catmullrom"
						},
						"2.0417": {
							"post": [-1, 1.7, 3.34],
							"lerp_mode": "catmullrom"
						},
						"2.1667": {
							"post": [0, 1.36, 1.87],
							"lerp_mode": "catmullrom"
						},
						"2.625": [0, 0, 0]
					}
				},
				"eye1": {
					"position": {
						"0.0": [0, 0, 0],
						"1.2917": {"pre": [0, 0, 0], "post": [0, 0, 2]},
						"2.1667": {"pre": [0, 0, 2], "post": [0, 0, 0]},
						"2.625": [0, 0, 0]
					}
				},
				"eyebrow1": {
					"position": {
						"0.0": [0, 0, 0],
						"0.5": {"pre": [0, 0, 0], "post": [-1, 0, -2]},
						"2.1667": {"pre": [-1, 0, -2], "post": [-1, 0, -1]},
						"2.625": {"pre": [-1, 0, -1], "post": [0, 0, 0]}
					}
				},
				"eye2": {
					"position": {
						"0.0": [0, 0, 0],
						"1.2917": {"pre": [0, 0, 0], "post": [0, 0, 2]},
						"2.1667": {"pre": [0, 0, 2], "post": [0, 0, 0]},
						"2.625": [0, 0, 0]
					}
				},
				"eyebrow2": {
					"position": {
						"0.0": [0, 0, 0],
						"0.5": {"pre": [0, 0, 0], "post": [1, 0, -1]},
						"2.1667": {"pre": [1, 0, -1], "post": [1, 0, 0]},
						"2.625": {"pre": [1, 0, 0], "post": [0, 0, 0]}
					}
				},
				"mouth": {
					"position": {
						"0.0": [0, 0, 0],
						"0.5": {"pre": [0, 0, 0], "post": [0, 0, -1]},
						"1.2917": {"pre": [0, 0, -1], "post": [0, 0, 1]},
						"2.625": {"pre": [0, 0, 1], "post": [0, 0, 0]}
					}
				},
				"allbody": {
					"rotation": {
						"0.2083": [0, 0, 0],
						"0.4167": {
							"pre": [0, 7.5, 0],
							"post": [0, 7.5, 0],
							"lerp_mode": "catmullrom"
						},
						"1.125": {
							"post": [0, 7.5, 0],
							"lerp_mode": "catmullrom"
						},
						"1.2083": {
							"post": [0, -2.5, 0],
							"lerp_mode": "catmullrom"
						},
						"1.2917": {
							"post": [0, 0, 0],
							"lerp_mode": "catmullrom"
						},
						"1.7083": {
							"post": [0, 0, 0],
							"lerp_mode": "catmullrom"
						},
						"2.75": [0, 0, 0]
					},
					"position": {
						"0.2083": [0, 0, 0],
						"0.4167": {
							"pre": [0, 0, 2],
							"post": [0, 0, 2],
							"lerp_mode": "catmullrom"
						},
						"1.125": {
							"post": [0, 0, 1.8],
							"lerp_mode": "catmullrom"
						},
						"1.2083": {
							"post": [0, 0, 0.8],
							"lerp_mode": "catmullrom"
						},
						"1.2917": {
							"post": [0, 0, -2.2],
							"lerp_mode": "catmullrom"
						},
						"1.7083": {
							"post": [0, 0, -1.5],
							"lerp_mode": "catmullrom"
						},
						"2.625": [0, 0, 0]
					}
				},
				"eye_hurt1": {
					"position": {
						"0.0": [0, 0, 0],
						"1.2917": {"pre": [0, 0, 0], "post": [-1, 0, -3]},
						"2.1667": {"pre": [-1, 0, -3], "post": [0, 0, 0]},
						"2.75": [0, 0, 0]
					}
				},
				"eye_hurt2": {
					"position": {
						"0.0": [0, 0, 0],
						"1.2917": {"pre": [0, 0, 0], "post": [1, 0, -3]},
						"2.1667": {"pre": [1, 0, -3], "post": [0, 0, 0]},
						"2.75": [0, 0, 0]
					}
				}
			}
		},
		"animation.greedent.quirk_tail": {
			"animation_length": 1,
			"bones": {
				"line": {
					"rotation": {
						"0.0": [0, 0, 0],
						"0.25": [0, "2.5+Math.cos(q.anim_time*90*24-360)*8", "0+Math.sin(q.anim_time*90*24-180)*8"],
						"1.0": [0, 0, 0]
					}
				}
			}
		},
		"animation.greedent.physical": {
			"loop": "hold_on_last_frame",
			"animation_length": 1.5,
			"bones": {
				"leg1": {
					"rotation": {
						"0.0": {
							"post": [0, -17.5, 0],
							"lerp_mode": "catmullrom"
						},
						"0.25": {
							"post": [0, -17.5, 0],
							"lerp_mode": "catmullrom"
						},
						"0.5": {
							"post": [0, -25, 0],
							"lerp_mode": "catmullrom"
						},
						"0.7083": {
							"post": [0, -40, 0],
							"lerp_mode": "catmullrom"
						},
						"0.7917": {
							"post": [0, -65, 0],
							"lerp_mode": "catmullrom"
						},
						"1.5": {
							"post": [0, -17.5, 0],
							"lerp_mode": "catmullrom"
						}
					}
				},
				"leg2": {
					"rotation": {
						"0.0": [0, 17.5, 0],
						"0.25": [0, 17.5, 0],
						"0.5": {
							"pre": [0, 25, 0],
							"post": [0, 25, 0],
							"lerp_mode": "catmullrom"
						},
						"0.7083": {
							"post": [0, 70, 0],
							"lerp_mode": "catmullrom"
						},
						"0.75": {
							"post": [1.30555, 21.41672, 5.09192],
							"lerp_mode": "catmullrom"
						},
						"0.7917": {
							"post": [3.13388, 17.22575, 10.47479],
							"lerp_mode": "catmullrom"
						},
						"1.25": [0, 17.5, 0],
						"1.5": [0, 17.5, 0]
					},
					"position": {
						"0.0": {
							"post": [0, 0, 0],
							"lerp_mode": "catmullrom"
						},
						"0.25": {
							"post": [0, 0, 0],
							"lerp_mode": "catmullrom"
						},
						"0.7083": {
							"post": [-1, 0, 0.16],
							"lerp_mode": "catmullrom"
						},
						"0.75": {
							"post": [0, 1, -1.96],
							"lerp_mode": "catmullrom"
						},
						"0.7917": [1, -1, -3],
						"1.25": {
							"pre": [0, 0, 0],
							"post": [0, 0, 0],
							"lerp_mode": "catmullrom"
						},
						"1.5": {
							"post": [0, 0, 0],
							"lerp_mode": "catmullrom"
						}
					}
				},
				"torso": {
					"rotation": {
						"0.0": {
							"post": [0, 0, 0],
							"lerp_mode": "catmullrom"
						},
						"0.25": {
							"post": [0, 0, 0],
							"lerp_mode": "catmullrom"
						},
						"0.5": {
							"post": [20, 0, 0],
							"lerp_mode": "catmullrom"
						},
						"0.7083": {
							"post": [0, 20, 0],
							"lerp_mode": "catmullrom"
						},
						"0.75": {
							"post": [-5.78125, -2.8125, 0],
							"lerp_mode": "catmullrom"
						},
						"0.7917": [6.31046, -34.73948, -2.62144],
						"1.25": {
							"pre": [0, 0, 0],
							"post": [0, 0, 0],
							"lerp_mode": "catmullrom"
						},
						"1.5": {
							"post": [0, 0, 0],
							"lerp_mode": "catmullrom"
						}
					},
					"position": {
						"0.0": {
							"post": [0, 0, 0],
							"lerp_mode": "catmullrom"
						},
						"0.25": {
							"post": [0, 0, 0],
							"lerp_mode": "catmullrom"
						},
						"0.5": {
							"post": [0, 2, 3],
							"lerp_mode": "catmullrom"
						},
						"0.7083": {
							"post": [0, -0.19, 2.72],
							"lerp_mode": "catmullrom"
						},
						"1.25": {
							"post": [0, 0, 0],
							"lerp_mode": "catmullrom"
						},
						"1.5": {
							"post": [0, 0, 0],
							"lerp_mode": "catmullrom"
						}
					}
				},
				"head": {
					"rotation": {
						"0.0": {
							"post": [0, 0, 0],
							"lerp_mode": "catmullrom"
						},
						"0.25": {
							"post": [7.5, 0, 0],
							"lerp_mode": "catmullrom"
						},
						"0.5": {
							"post": [14.44311, -0.05035, -0.01612],
							"lerp_mode": "catmullrom"
						},
						"0.7083": {
							"post": [2.5, 0, 0],
							"lerp_mode": "catmullrom"
						},
						"0.75": {
							"post": [6.53743, 0.74454, 0.23841],
							"lerp_mode": "catmullrom"
						},
						"0.7917": [7.5, 0, 0],
						"1.0": {
							"pre": [17.90114, -11.91256, -3.8146],
							"post": [17.90114, -11.91256, -3.8146],
							"lerp_mode": "catmullrom"
						},
						"1.25": {
							"post": [7.5, 0, 0],
							"lerp_mode": "catmullrom"
						},
						"1.5": {
							"post": [0, 0, 0],
							"lerp_mode": "catmullrom"
						}
					},
					"position": {
						"0.0": [0, 0, -0.2],
						"0.25": [0, 0, -0.2],
						"1.25": [0, 0, -0.2],
						"1.5": [0, 0, -0.2]
					}
				},
				"smile2": {
					"position": {
						"0.0": [0, 0, 0],
						"0.25": [0, 0, 0],
						"0.5": {
							"pre": [0, 0, 0],
							"post": [0, 0, 1]
						},
						"0.7083": {
							"pre": [0, 0, 1],
							"post": [0, 0, 0]
						},
						"1.5": [0, 0, 0]
					}
				},
				"bone12": {
					"position": {
						"0.0": [0, 0, 1],
						"0.25": [0, 0, 1],
						"0.5": [0, 0, 0],
						"0.7083": {
							"pre": [0, 0, 0],
							"post": [0, 0, 1]
						},
						"1.25": [0, 0, 1],
						"1.5": [0, 0, 1]
					}
				},
				"hand1": {
					"rotation": {
						"0.0": [40.82561, -29.8001, -49.42897],
						"0.25": [40.82561, -29.8001, -49.42897],
						"0.5": {
							"pre": [39.93331, -27.89549, -47.57996],
							"post": [39.93331, -27.89549, -47.57996],
							"lerp_mode": "catmullrom"
						},
						"0.7083": {
							"post": [34.94282, -7.91015, -31.68452],
							"lerp_mode": "catmullrom"
						},
						"0.75": {
							"post": [12.96669, -21.92155, -16.27507],
							"lerp_mode": "catmullrom"
						},
						"0.7917": [3.43636, -75.32772, -19.3726],
						"1.5": [40.82561, -29.8001, -49.42897]
					},
					"position": {
						"0.0": [-3, 8, 5],
						"0.25": [-3, 8, 5],
						"0.5": {
							"pre": [-2.72, 8.3, 5.17],
							"post": [-2.72, 8.3, 5.17],
							"lerp_mode": "catmullrom"
						},
						"0.7083": {
							"post": [1, 10, 9],
							"lerp_mode": "catmullrom"
						},
						"0.75": {
							"post": [1.3, 1.86, 3.99],
							"lerp_mode": "catmullrom"
						},
						"0.7917": [-7, -1, -1],
						"1.5": [-3, 8, 5]
					}
				},
				"hand_mini1": {
					"rotation": {
						"0.0": [0, -77.5, 0],
						"0.25": [0, -77.5, 0],
						"0.75": {
							"pre": [1.49399, -45.85895, -2.00599],
							"post": [1.49399, -45.85895, -2.00599],
							"lerp_mode": "catmullrom"
						},
						"0.7917": {
							"post": [1.22942, -30.19459, -1.57787],
							"lerp_mode": "catmullrom"
						},
						"1.5": [0, -77.5, 0]
					},
					"position": {
						"0.0": [-14, 0, 6],
						"0.25": [-14, 0, 6],
						"0.75": {
							"pre": [-7.14, 0, 6.01],
							"post": [-7.14, 0, 6.01],
							"lerp_mode": "catmullrom"
						},
						"0.7917": {
							"post": [-4, 0, 5],
							"lerp_mode": "catmullrom"
						},
						"1.5": [-14, 0, 6]
					}
				},
				"hand2": {
					"rotation": {
						"0.0": [40.82561, 29.8001, 49.42897],
						"0.25": [40.82561, 29.8001, 49.42897],
						"0.5": {
							"pre": [39.93331, 27.89549, 47.57996],
							"post": [39.93331, 27.89549, 47.57996],
							"lerp_mode": "catmullrom"
						},
						"0.7083": {
							"post": [35.16856, 9.95677, 33.13801],
							"lerp_mode": "catmullrom"
						},
						"0.75": {
							"post": [25.2338, 4.39201, 13.16046],
							"lerp_mode": "catmullrom"
						},
						"0.7917": [44.24426, -8.05185, -11.80566],
						"1.0": {
							"pre": [44.24426, -8.05185, -11.80566],
							"post": [44.24426, -8.05185, -11.80566],
							"lerp_mode": "catmullrom"
						},
						"1.5": [40.82561, 29.8001, 49.42897]
					},
					"position": {
						"0.0": [3, 8, 5],
						"0.25": [3, 8, 5],
						"0.5": {
							"pre": [2.72, 8.3, 5.17],
							"post": [2.72, 8.3, 5.17],
							"lerp_mode": "catmullrom"
						},
						"0.7083": {
							"post": [-1, 10, 8],
							"lerp_mode": "catmullrom"
						},
						"0.75": {
							"post": [-1.05, 5, 7],
							"lerp_mode": "catmullrom"
						},
						"0.7917": [-1.97, 7, 10],
						"1.0": {
							"pre": [-1.97, 7, 10],
							"post": [-1.97, 7, 10],
							"lerp_mode": "catmullrom"
						},
						"1.5": [3, 8, 5]
					}
				},
				"hand_mini2": {
					"rotation": {
						"0.0": [0, 77.5, 0],
						"0.25": [0, 77.5, 0],
						"0.7917": {
							"pre": [0, 60, 0],
							"post": [0, 60, 0],
							"lerp_mode": "catmullrom"
						},
						"1.25": [0, 77.5, 0],
						"1.5": [0, 77.5, 0]
					},
					"position": {
						"0.0": [14, 0, 6],
						"0.25": [14, 0, 6],
						"0.7917": {
							"pre": [11, 0, 6],
							"post": [11, 0, 6],
							"lerp_mode": "catmullrom"
						},
						"1.25": [14, 0, 6],
						"1.5": [14, 0, 6]
					}
				},
				"line": {
					"rotation": {
						"0.0": [5, 0, 0],
						"0.25": [5, 0, 0],
						"0.5": {
							"pre": [-7.5, 0, 0],
							"post": [-7.5, 0, 0],
							"lerp_mode": "catmullrom"
						},
						"0.7083": {
							"post": [-2.5, 0, 0],
							"lerp_mode": "catmullrom"
						},
						"1.0": {
							"post": [0.41508, -14.99962, -0.10743],
							"lerp_mode": "catmullrom"
						},
						"1.25": [5, 0, 0],
						"1.5": [5, 0, 0]
					},
					"position": {
						"0.0": [0, 0, 0],
						"0.25": [0, 0, 0],
						"0.5": [0, 0, -2],
						"1.25": [0, 0, 0],
						"1.5": [0, 0, 0]
					}
				},
				"line2": {
					"rotation": {
						"0.0": [-15, 0, 0],
						"0.25": [-15, 0, 0],
						"1.25": [-15, 0, 0],
						"1.5": [-15, 0, 0]
					},
					"position": {
						"0.0": [0, 3, -6],
						"0.25": [0, 3, -6],
						"1.25": [0, 3, -6],
						"1.5": [0, 3, -6]
					}
				},
				"allbody": {
					"rotation": {
						"0.0": {
							"post": [0, 0, 0],
							"lerp_mode": "catmullrom"
						},
						"0.25": {
							"post": [0, 0, 0],
							"lerp_mode": "catmullrom"
						},
						"0.5": {
							"post": [7.5, 0, 0],
							"lerp_mode": "catmullrom"
						},
						"0.7083": {
							"post": [0.2614, 14.8687, 2.00307],
							"lerp_mode": "catmullrom"
						},
						"0.75": {
							"post": [-0.18288, 12.97736, 2.17898],
							"lerp_mode": "catmullrom"
						},
						"0.7917": [0.25366, -5.1311, 1.9133],
						"1.5": {
							"pre": [0, 0, 0],
							"post": [0, 0, 0],
							"lerp_mode": "catmullrom"
						}
					},
					"position": {
						"0.0": {
							"post": [0, 0, 0],
							"lerp_mode": "catmullrom"
						},
						"0.25": {
							"post": [0, 0, 0],
							"lerp_mode": "catmullrom"
						},
						"0.7083": {
							"post": [0, 0, 1],
							"lerp_mode": "catmullrom"
						},
						"0.7917": [0, 0, 0],
						"1.5": {
							"pre": [0, 0, 0],
							"post": [0, 0, 0],
							"lerp_mode": "catmullrom"
						}
					}
				},
				"eyebrow2": {
					"position": {
						"0.0": [0, 0, 0],
						"0.25": [0, 0, 0],
						"0.5": {
							"pre": [0, 0, 0],
							"post": [1, 0, -1]
						},
						"1.25": {
							"pre": [1, 0, -1],
							"post": [0, 0, 0]
						},
						"1.3333": [0, 0, 0],
						"1.5": [0, 0, 0]
					}
				},
				"eyebrow1": {
					"position": {
						"0.0": [0, 0, 0],
						"0.25": [0, 0, 0],
						"0.5": {
							"pre": [0, 0, 0],
							"post": [-1, 0, -2]
						},
						"1.25": {
							"pre": [-1, 0, -2],
							"post": [0, 0, 0]
						},
						"1.3333": [0, 0, 0],
						"1.5": [0, 0, 0]
					}
				},
				"mouth": {
					"position": {
						"0.0": [0, 0, 0],
						"0.7083": {
							"pre": [0, 0, 0],
							"post": [0, 0, -1]
						},
						"1.5": {
							"pre": [0, 0, -1],
							"post": [0, 0, 0]
						}
					}
				}
			}
		},
		"animation.greedent.sad": {
			"loop": true,
			"bones": {
				"eyebrow2": {
					"position": [0, 0, -1]
				},
				"eyebrow1": {
					"position": [0, 0, -2]
				},
				"mouth": {
					"position": [0, 0, -1]
				}
			}
		},
		"animation.greedent.angry": {
			"loop": true,
			"bones": {
				"smile2": {
					"position": [0, 0, -1]
				},
				"bone12": {
					"position": [0, 0, 1]
				},
				"eyebrow2": {
					"position": [1, 0, -1]
				},
				"eyebrow1": {
					"position": [-1, 0, -2]
				}
			}
		},
		"animation.greedent.shock": {
			"loop": true,
			"bones": {
				"smile": {
					"position": [0, 0, -1]
				},
				"bone12": {
					"position": [0, 0, 1]
				},
				"eye_pupuiled2": {
					"position": [0.5, 11.2, 0],
					"scale": [0.8, 0.6, 1]
				},
				"eye_pupiled1": {
					"position": [-0.5, 11.2, 0],
					"scale": [0.8, 0.6, 1]
				},
				"teeth": {
					"position": [0, 0, 1]
				}
			}
		},
		"animation.greedent.happy": {
			"loop": true,
			"bones": {
				"eyes": {
					"position": [0, 0, 1]
				},
				"smile2": {
					"position": [0, 0, -1]
				},
				"bone12": {
					"position": [0, 0, 1]
				},
				"eye_happy1": {
					"position": [0, 0, -2.96]
				},
				"eye_happy2": {
					"position": [0, 0, -2.96]
				},
				"mouth": {
					"position": [0, 0, -1]
				}
			}
		},
		"animation.greedent.disintrested": {
			"loop": true,
			"bones": {
				"eyebrow2": {
					"position": [1, 0, -1],
					"scale": [2, 1, 1]
				},
				"eyebrow1": {
					"position": [-1, 0, -2],
					"scale": [2, 1, 1]
				}
			}
		},
		"animation.greedent.sleep": {
			"loop": true,
			"bones": {
				"leg1": {
					"rotation": [-29.62165, -4.98093, -8.6822],
					"position": [2, -1, -4]
				},
				"leg2": {
					"rotation": [-29.62165, 4.98093, 8.6822],
					"position": [-2, -1, -4]
				},
				"torso": {
					"rotation": [10, 0, 0],
					"position": [0, 0, 1]
				},
				"head": {
					"rotation": [2.5, 0, 0]
				},
				"eye1": {
					"position": [0, 0, 1]
				},
				"eye2": {
					"position": [0, 0, 1]
				},
				"hand1": {
					"rotation": [9.31323, -31.08133, -25.58333],
					"position": [1, 2, 3]
				},
				"hand_mini1": {
					"rotation": [0, -100, 0],
					"position": [-20, 0, 3]
				},
				"hand2": {
					"rotation": [9.31323, 31.08133, 25.58333],
					"position": [-1, 2, 3]
				},
				"hand_mini2": {
					"rotation": [0, 100, 0],
					"position": [20, 0, 3]
				},
				"line": {
					"rotation": [-17.23336, 0.12032, 3.03422],
					"position": [0, 0, -5]
				}
			}
		}
	}
}