{
	"format_version": "1.12.0",
	"minecraft:geometry": [
		{
			"description": {
				"identifier": "geometry.excadrill",
				"texture_width": 128,
				"texture_height": 128,
				"visible_bounds_width": 5,
				"visible_bounds_height": 3.5,
				"visible_bounds_offset": [0, 1.25, 0]
			},
			"bones": [
				{
					"name": "excadrill",
					"pivot": [0, 0, 0]
				},
				{
					"name": "allbody",
					"parent": "excadrill",
					"pivot": [0, 0, 0]
				},
				{
					"name": "legs",
					"parent": "allbody",
					"pivot": [0, 0, 0]
				},
				{
					"name": "leg0",
					"parent": "legs",
					"pivot": [-3, 0, 0],
					"cubes": [
						{"origin": [4, 1, -4.5], "size": [5, 7, 7], "uv": [53, 0]},
						{"origin": [6.51, 2, -6.5], "size": [0, 3, 2], "uv": [13, 76]}
					]
				},
				{
					"name": "legmini0",
					"parent": "leg0",
					"pivot": [-3, 0, -1],
					"cubes": [
						{"origin": [5, 0, -3.5], "size": [3, 1, 4], "uv": [51, 75]}
					]
				},
				{
					"name": "legpart1",
					"parent": "legmini0",
					"pivot": [-1, 0, -4],
					"cubes": [
						{"origin": [5, 0, -5.5], "size": [3, 1, 2], "uv": [78, 6]}
					]
				},
				{
					"name": "leg1",
					"parent": "legs",
					"pivot": [3, 0, 0],
					"cubes": [
						{"origin": [-9, 1, -4.5], "size": [5, 7, 7], "uv": [53, 0], "mirror": true},
						{"origin": [-6.51, 2, -6.5], "size": [0, 3, 2], "uv": [13, 76], "mirror": true}
					]
				},
				{
					"name": "legmini1",
					"parent": "leg1",
					"pivot": [3, 0, -1],
					"cubes": [
						{"origin": [-8, 0, -3.5], "size": [3, 1, 4], "uv": [51, 75], "mirror": true}
					]
				},
				{
					"name": "legpart2",
					"parent": "legmini1",
					"pivot": [1, 0, -4],
					"cubes": [
						{"origin": [-8, 0, -5.5], "size": [3, 1, 2], "uv": [78, 6], "mirror": true}
					]
				},
				{
					"name": "torso",
					"parent": "allbody",
					"pivot": [0, 4, 0],
					"cubes": [
						{"origin": [-6.5, 2, -6.5], "size": [13, 11, 13], "uv": [0, 0]}
					]
				},
				{
					"name": "tail",
					"parent": "torso",
					"pivot": [0, 4, 7],
					"cubes": [
						{"origin": [0, 3, 6.3], "size": [0, 2, 2], "uv": [18, 78]}
					]
				},
				{
					"name": "torso2",
					"parent": "tail",
					"pivot": [0, 15, 0],
					"cubes": [
						{"origin": [-5, 11.5, -5.1], "size": [10, 7, 11], "inflate": 0.01, "uv": [0, 25]}
					]
				},
				{
					"name": "drill_form",
					"parent": "torso2",
					"pivot": [0, 13, 0],
					"cubes": [
						{"origin": [0, 17, -7.5], "size": [0, 4, 2], "uv": [62, 86]},
						{"origin": [0, 22, -11], "size": [0, 13, 17], "pivot": [0, 33, 0], "rotation": [0, 45, 0], "uv": [94, 98]},
						{"origin": [-4.5, 21, -4.5], "size": [9, 6, 9], "uv": [0, 113]},
						{"origin": [-2.5, 27, -2.5], "size": [5, 4, 5], "uv": [36, 119]},
						{"origin": [0, 22, -11], "size": [0, 13, 17], "pivot": [0, 33, 0], "rotation": [0, -45, 0], "uv": [93, 97]},
						{"origin": [0, 22, 0], "size": [0, 13, 10], "uv": [108, -10]},
						{"origin": [5.5, 17, 5.5], "size": [0, 4, 2], "pivot": [5.5, 19, 5.5], "rotation": [0, 45, 0], "uv": [72, 86], "mirror": true},
						{"origin": [-5.5, 17, 5.5], "size": [0, 4, 2], "pivot": [-5.5, 19, 5.5], "rotation": [0, -45, 0], "uv": [72, 86]},
						{"origin": [-5.5, 12, -5.5], "size": [11, 9, 11], "uv": [84, 74]}
					]
				},
				{
					"name": "neck_head",
					"parent": "torso2",
					"pivot": [0, 21, 0],
					"cubes": [
						{"origin": [-4, 17, -7], "size": [8, 8, 11], "inflate": 0.01, "uv": [43, 25]},
						{"origin": [4, 21.5, -6], "size": [2, 0, 4], "uv": [66, 75]},
						{"origin": [-6, 21.5, -6], "size": [2, 0, 4], "uv": [66, 75], "mirror": true}
					]
				},
				{
					"name": "head",
					"parent": "neck_head",
					"pivot": [0, 21, -7],
					"cubes": [
						{"origin": [-3, 18.5, -12], "size": [6, 4, 5], "uv": [0, 58]}
					]
				},
				{
					"name": "mounch",
					"parent": "head",
					"pivot": [0, 19, -8],
					"cubes": [
						{"origin": [-1.5, 17.8, -11.5], "size": [3, 1, 5], "uv": [46, 68]}
					]
				},
				{
					"name": "face",
					"parent": "head",
					"pivot": [0, -1, 6]
				},
				{
					"name": "nose",
					"parent": "face",
					"pivot": [1, 19, -14],
					"cubes": [
						{"origin": [-2, 18.5, -15], "size": [4, 3, 3], "uv": [36, 75]},
						{"origin": [-1, 19.7, -16.8], "size": [2, 2, 2], "inflate": -0.2, "uv": [78, 10]}
					]
				},
				{
					"name": "drill",
					"parent": "face",
					"pivot": [3, 23, -8],
					"cubes": [
						{"origin": [-4, 22.3, -12.2], "size": [8, 3, 5], "uv": [53, 15]}
					]
				},
				{
					"name": "drill2",
					"parent": "drill",
					"pivot": [0, 23, -13],
					"cubes": [
						{"origin": [-2, 22.3, -16.2], "size": [4, 2, 4], "uv": [63, 68]},
						{"origin": [0, 22.3, -18.2], "size": [0, 7, 11], "uv": [31, 45]}
					]
				},
				{
					"name": "eyes",
					"parent": "face",
					"pivot": [-1, 31, -11]
				},
				{
					"name": "eye1",
					"parent": "eyes",
					"pivot": [4, 20, -11],
					"cubes": [
						{"origin": [3.01, 20.5, -12], "size": [0, 1, 2], "uv": [46, 64]}
					]
				},
				{
					"name": "eye_part1",
					"parent": "eye1",
					"pivot": [3, 22, -11],
					"cubes": [
						{"origin": [3.02, 21.3, -12], "size": [0, 1, 3], "uv": [23, 57]}
					]
				},
				{
					"name": "bone1",
					"parent": "eye_part1",
					"pivot": [3, 22, -11],
					"cubes": [
						{"origin": [3.03, 21.3, -11.5], "size": [0, 1, 1], "uv": [51, 64]}
					]
				},
				{
					"name": "eye2",
					"parent": "eyes",
					"pivot": [-4, 20, -11],
					"cubes": [
						{"origin": [-3.01, 20.5, -12], "size": [0, 1, 2], "uv": [46, 64], "mirror": true}
					]
				},
				{
					"name": "eye_part2",
					"parent": "eye2",
					"pivot": [-3, 22, -11],
					"cubes": [
						{"origin": [-3.02, 21.3, -12], "size": [0, 1, 3], "uv": [23, 57], "mirror": true}
					]
				},
				{
					"name": "bone2",
					"parent": "eye_part2",
					"pivot": [-3, 22, -11],
					"cubes": [
						{"origin": [-3.03, 21.3, -11.5], "size": [0, 1, 1], "uv": [51, 64], "mirror": true}
					]
				},
				{
					"name": "hands",
					"parent": "torso2",
					"pivot": [0, -1, 0]
				},
				{
					"name": "hand1",
					"parent": "hands",
					"pivot": [5, 15, -1],
					"cubes": [
						{"origin": [5, 13.75, -3.5], "size": [4, 2, 5], "uv": [0, 68]}
					]
				},
				{
					"name": "hand_parte1",
					"parent": "hand1",
					"pivot": [9, 15, -1],
					"cubes": [
						{"origin": [8, 13.5, -5.5], "size": [6, 3, 9], "inflate": 0.02, "uv": [0, 44]},
						{"origin": [10, 13.5, -7.5], "size": [4, 0, 2], "uv": [78, 0]},
						{"origin": [10, 13.5, 3.5], "size": [4, 0, 2], "uv": [78, 3]}
					]
				},
				{
					"name": "hand_mini1",
					"parent": "hand_parte1",
					"pivot": [0, 0, 0]
				},
				{
					"name": "mini1",
					"parent": "hand_mini1",
					"pivot": [0, 0, 0],
					"cubes": [
						{"origin": [14, 13.5, -5.5], "size": [4, 3, 9], "inflate": 0.01, "uv": [54, 45]}
					]
				},
				{
					"name": "nail_hand1",
					"parent": "hand_mini1",
					"pivot": [0, 0, 0],
					"cubes": [
						{"origin": [14, 13.5, -1], "size": [11, 7, 0], "uv": [23, 64]}
					]
				},
				{
					"name": "nosexd1",
					"parent": "nail_hand1",
					"pivot": [0, 0, 0],
					"cubes": [
						{"origin": [22, 13.5, -3.5], "size": [3, 0, 5], "uv": [19, 72]}
					]
				},
				{
					"name": "bone",
					"parent": "nail_hand1",
					"pivot": [0, 0, 0],
					"cubes": [
						{"origin": [18, 13.5, -4.5], "size": [4, 2, 7], "inflate": 0.1, "uv": [54, 58]}
					]
				},
				{
					"name": "nail_hand_mini1",
					"parent": "nail_hand1",
					"pivot": [0, 0, 0]
				},
				{
					"name": "nail1",
					"parent": "nail_hand_mini1",
					"pivot": [0, 0, 0],
					"cubes": [
						{"origin": [18, 13.5, -2], "size": [4, 2, 2], "inflate": 0.01, "uv": [0, 76]},
						{"origin": [14, 13.5, -2.5], "size": [4, 3, 3], "inflate": -0.0001, "uv": [60, 48]}
					]
				},
				{
					"name": "nail2",
					"parent": "nail_hand_mini1",
					"pivot": [0, 0, 3],
					"cubes": [
						{"origin": [18, 13.5, 1], "size": [4, 2, 2], "inflate": 0.01, "uv": [77, 58]},
						{"origin": [14, 13.5, 0.5], "size": [4, 3, 3], "inflate": -0.001, "uv": [60, 49]},
						{"origin": [22, 13.5, 2], "size": [2, 2, 0], "uv": [0, 0]}
					]
				},
				{
					"name": "nail3",
					"parent": "nail_hand_mini1",
					"pivot": [0, 0, -3],
					"cubes": [
						{"origin": [18, 13.5, -5], "size": [4, 2, 2], "inflate": 0.01, "uv": [77, 63]},
						{"origin": [22, 13.5, -4], "size": [2, 2, 0], "uv": [0, 0]},
						{"origin": [14, 13.5, -5.5], "size": [4, 3, 3], "inflate": -0.001, "uv": [60, 51]}
					]
				},
				{
					"name": "hand2",
					"parent": "hands",
					"pivot": [-5, 15, -1],
					"cubes": [
						{"origin": [-9, 13.75, -3.5], "size": [4, 2, 5], "uv": [0, 68], "mirror": true}
					]
				},
				{
					"name": "hand_parte2",
					"parent": "hand2",
					"pivot": [-9, 15, -1],
					"cubes": [
						{"origin": [-14, 13.5, -5.5], "size": [6, 3, 9], "inflate": 0.02, "uv": [0, 44], "mirror": true},
						{"origin": [-14, 13.5, -7.5], "size": [4, 0, 2], "uv": [78, 0], "mirror": true},
						{"origin": [-14, 13.5, 3.5], "size": [4, 0, 2], "uv": [78, 3], "mirror": true}
					]
				},
				{
					"name": "hand_mini2",
					"parent": "hand_parte2",
					"pivot": [0, 0, 0]
				},
				{
					"name": "mini2",
					"parent": "hand_mini2",
					"pivot": [0, 0, 0],
					"cubes": [
						{"origin": [-18, 13.5, -5.5], "size": [4, 3, 9], "inflate": 0.01, "uv": [54, 45], "mirror": true}
					]
				},
				{
					"name": "nail_hand2",
					"parent": "hand_mini2",
					"pivot": [0, 0, 0],
					"cubes": [
						{"origin": [-25, 13.5, -1], "size": [11, 7, 0], "uv": [23, 64], "mirror": true}
					]
				},
				{
					"name": "nosexd2",
					"parent": "nail_hand2",
					"pivot": [0, 0, 0],
					"cubes": [
						{"origin": [-25, 13.5, -3.5], "size": [3, 0, 5], "uv": [19, 72], "mirror": true}
					]
				},
				{
					"name": "bone3",
					"parent": "nail_hand2",
					"pivot": [0, 0, 0],
					"cubes": [
						{"origin": [-22, 13.5, -4.5], "size": [4, 2, 7], "inflate": 0.1, "uv": [54, 58], "mirror": true}
					]
				},
				{
					"name": "nail_hand_mini2",
					"parent": "nail_hand2",
					"pivot": [0, 0, 0]
				},
				{
					"name": "nail4",
					"parent": "nail_hand_mini2",
					"pivot": [0, 0, 0],
					"cubes": [
						{"origin": [-22, 13.5, -2], "size": [4, 2, 2], "inflate": 0.01, "uv": [0, 76], "mirror": true},
						{"origin": [-18, 13.5, -2.5], "size": [4, 3, 3], "inflate": -0.0001, "uv": [60, 48], "mirror": true}
					]
				},
				{
					"name": "nail5",
					"parent": "nail_hand_mini2",
					"pivot": [0, 0, 3],
					"cubes": [
						{"origin": [-22, 13.5, 1], "size": [4, 2, 2], "inflate": 0.01, "uv": [77, 58], "mirror": true},
						{"origin": [-18, 13.5, 0.5], "size": [4, 3, 3], "inflate": -0.001, "uv": [60, 49], "mirror": true},
						{"origin": [-24, 13.5, 2], "size": [2, 2, 0], "uv": [0, 0], "mirror": true}
					]
				},
				{
					"name": "nail6",
					"parent": "nail_hand_mini2",
					"pivot": [0, 0, -3],
					"cubes": [
						{"origin": [-22, 13.5, -5], "size": [4, 2, 2], "inflate": 0.01, "uv": [77, 63], "mirror": true},
						{"origin": [-24, 13.5, -4], "size": [2, 2, 0], "uv": [0, 0], "mirror": true},
						{"origin": [-18, 13.5, -5.5], "size": [4, 3, 3], "inflate": -0.001, "uv": [60, 51], "mirror": true}
					]
				}
			]
		}
	]
}