{
    "head": "head",
	"portraitScale": 2.4,
    "portraitTranslation": [ -0.3, -0.7, 0 ],
    "profileScale": 1.0,
    "profileTranslation": [ 0, 0.3, 0 ],
  "animations": {
    "cry": "bedrock('rockruff', 'cry')",
    "recoil": "q.bedrock_stateful('rockruff', 'recoil')",
    "status": "q.bedrock_primary('rockruff', 'battle_idle', q.curve('symmetrical_wide'))"
  },
  "poses": {
    "battle-standing": {
      "poseTypes": ["STAND", "WALK"],
      "isBattle": true,
      "animations": [
        "q.bedrock('rockruff', 'battle_idle')"
      ],
      "quirks": [
        {
          "name": "blink",
          "animations": ["bedrock(rockruff, blink)"]
        },
        {
          "name": "quirk",
          "animations": ["bedrock(rockruff, look_quirk)"]
        }
      ]
    },
    "standing": {
      "poseTypes": ["STAND", "NONE", "PORTRAIT", "PROFILE"],
      "isBattle": false,
      "animations": [
        "q.bedrock('rockruff', 'ground_idle')"
      ],
      "quirks": [
        {
          "name": "blink",
          "animations": ["bedrock(rockruff, blink)"]
        },
        {
          "name": "quirk",
          "animations": ["bedrock(rockruff, look_quirk)"]
        }
      ]
    },
    "walking": {
      "poseTypes": ["WALK"],
      "animations": [
        "q.bedrock('rockruff', 'ground_walk')"
      ]
    },
    "float": {
      "poseTypes": ["FLOAT"],
      "animations": [
        "q.bedrock('rockruff', 'ground_walk')"
      ]
    },
    "swim": {
      "poseTypes": ["SWIM"],
      "animations": [
        "q.bedrock('rockruff', 'ground_walk')"
      ]
    },
    "sleep": {
      "poseTypes": ["SLEEP"],
      "animations": ["q.bedrock('rockruff', 'sleep')"]
    },
   "leftshoulder": {
     "poseName": "leftshoulder",
     "transformTicks": 10,
     "poseTypes": [
       "SHOULDER_LEFT"
     ],
     "animations": [
       "bedrock(rockruff, left_shoulder)",
       "q.look('head')"
     ],
     "quirks": [
       {
         "name": "blink",
         "animations": [
           "bedrock(rockruff, blink)"
         ]
       }
     ],
	 "transformedParts": [
         {
           "part": "root",
           "position": [5, 0, 0],
           "rotation": [0, 0, 0],
           "isVisible": true
         }
	]
   },
   "rightshoulder": {
     "poseName": "rightshoulder",
     "transformTicks": 10,
     "poseTypes": [
       "SHOULDER_RIGHT"
     ],
     "animations": [
       "bedrock(rockruff, right_shoulder)",
       "q.look('head')"
     ],
     "quirks": [
       {
         "name": "blink",
         "animations": [
           "bedrock(rockruff, blink)"
         ]
       }
     ],
	 "transformedParts": [
         {
           "part": "root",
           "position": [-5, 0, 0],
           "rotation": [0, 0, 0],
           "isVisible": true
         }
	]
   }
  }
}