{
  "species": "cobblemon:orbeetle",
  "order": 1,
  "variations": [
    {
      "aspects": [],
      "poser": "cobblemon:orbeetle",
      "model": "cobblemon:orbeetle.geo",
      "texture": "cobblemon:textures/pokemon/orbeetle/orbeetle.png",
      "layers": [
        {
              "name": "glow",
              "emissive": true,
              "texture": "cobblemon:textures/pokemon/orbeetle/orbeetle_emissive.png",
              "translucent": false
        }
      ]
    },
    {
      "aspects": [
        "shiny"
      ],
      "texture": "cobblemon:textures/pokemon/orbeetle/orbeetle_shiny.png",
      "layers": [
        {
              "name": "glow",
              "emissive": true,
              "texture": "cobblemon:textures/pokemon/orbeetle/orbeetle_emissive.png",
              "translucent": false
        }
      ]
    }
  ]
}