{
  "species": "cobblemon:inkay",
  "order": 1,
  "baseScale": 0.75,
  "hitbox": {
    "width": 0.5,
    "height": 2,
    "fixed": false
  },
  "variations": [
    {
      "aspects": [],
      "poser": "cobblemon:inkay",
      "model": "cobblemon:inkay.geo",
      "texture": "cobblemon:textures/pokemon/inkay/inkay.png",
      "layers": [
        {
          "name": "glow",
          "texture": "cobblemon:textures/pokemon/inkay/inkay_emissive.png",
          "emissive": true
        },
        {
          "name": "translucent",
          "texture": "cobblemon:textures/pokemon/inkay/inkay_translucent.png",
          "translucent": true
        }
      ] 
    },
    {
      "aspects": ["shiny"],
      "texture": "cobblemon:textures/pokemon/inkay/inkay_shiny.png",
      "layers": [
       
      ]
    }
  ]
}