{
  "species": "cobblemon:toxel",
  "order": 1,
  "variations": [
    {
      "aspects": [],
      "poser": "cobblemon:toxel",
      "model": "cobblemon:toxel.geo",
      "texture": "cobblemon:textures/pokemon/toxel/toxel.png",
      "layers": [
        {
              "name": "glow",
              "emissive": true,
              "texture": "cobblemon:textures/pokemon/toxel/toxel_emissive.png",
              "translucent": false
        }
      ]
    },
    {
      "aspects": [
        "shiny"
      ],
      "texture": "cobblemon:textures/pokemon/toxel/toxel_shiny.png",
      "layers": [
        {
              "name": "glow",
              "emissive": true,
              "texture": "cobblemon:textures/pokemon/toxel/toxel_emissive_shiny.png",
              "translucent": false
        }
      ]
    }
  ]
}