{
  "species": "cobblemon:toxtricity",
  "order": 1,
  "variations": [
    {
      "aspects": [ "amped-form"],
      "poser": "cobblemon:toxtricity",
      "model": "cobblemon:toxtricity_a.geo",
      "texture": "cobblemon:textures/pokemon/toxtricity/toxtricity_a.png",
      "layers": [
        {
              "name": "glow",
              "emissive": true,
              "texture": "cobblemon:textures/pokemon/toxtricity/toxtricity_a_emissive.png"
        }
      ]
    },
    {
      "aspects": [
        "amped-form",
        "shiny"
      ],
      "texture": "cobblemon:textures/pokemon/toxtricity/toxtricity_a_shiny.png",
      "layers": [
        {
              "name": "glow",
              "emissive": true,
              "texture": "cobblemon:textures/pokemon/toxtricity/toxtricity_a_emissive.png"
        }
      ]
    }
  ]
}