{
  "species": "cobblemon:toxtricity",
  "order": 2,
  "variations": [
    {
      "aspects": ["low_key-form"],
      "poser": "cobblemon:toxtricity_l",
      "model": "cobblemon:toxtricity_l.geo",
      "texture": "cobblemon:textures/pokemon/toxtricity/toxtricity_l.png",
      "layers": [
        {
              "name": "glow",
              "emissive": true,
              "texture": "cobblemon:textures/pokemon/toxtricity/toxtricity_l_emissive.png"
        }
      ]
    },
    {
      "aspects": [
        "low_key-form",
        "shiny"
      ],
      "texture": "cobblemon:textures/pokemon/toxtricity/toxtricity_l_shiny.png",
      "layers": [
        {
              "name": "glow",
              "emissive": true,
              "texture": "cobblemon:textures/pokemon/toxtricity/toxtricity_l_emissive.png"
        }
      ]
    }
  ]
}