{
	"format_version": "1.12.0",
	"minecraft:geometry": [
		{
			"description": {
				"identifier": "geometry.grapploct",
				"texture_width": 128,
				"texture_height": 128,
				"visible_bounds_width": 8,
				"visible_bounds_height": 4.5,
				"visible_bounds_offset": [0, 1.75, 0]
			},
			"bones": [
				{
					"name": "grapploct",
					"pivot": [0, 0, 0]
				},
				{
					"name": "body",
					"parent": "grapploct",
					"pivot": [0, 9, 0]
				},
				{
					"name": "torso",
					"parent": "body",
					"pivot": [0, 11, 0.5],
					"cubes": [
						{"origin": [-4.5, 10.5, -4], "size": [9, 10, 9], "uv": [35, 39]}
					]
				},
				{
					"name": "torso2",
					"parent": "torso",
					"pivot": [0, 19, 0.5],
					"cubes": [
						{"origin": [-5.5, 18.5, -5], "size": [11, 8, 11], "inflate": 0.02, "uv": [33, 15]}
					]
				},
				{
					"name": "mouth_open",
					"parent": "torso2",
					"pivot": [0, 24, -4.91],
					"cubes": [
						{"origin": [-3.5, 22.5, -4.91], "size": [7, 3, 0], "inflate": 0.02, "uv": [33, 34]}
					]
				},
				{
					"name": "arm_top_left4",
					"parent": "torso2",
					"pivot": [4, 24, 0.5],
					"cubes": [
						{"origin": [2.5, 21.5, -1.5], "size": [6, 5, 4], "uv": [14, 76]}
					]
				},
				{
					"name": "arm_top_left",
					"parent": "arm_top_left4",
					"pivot": [8, 24, 0.5],
					"cubes": [
						{"origin": [7.5, 21.5, -1.5], "size": [7, 5, 4], "inflate": 0.02, "uv": [22, 58]},
						{"origin": [10.5, 22.5, -2.5], "size": [3, 3, 1], "inflate": 0.02, "uv": [68, 91]}
					]
				},
				{
					"name": "arm_top_left2",
					"parent": "arm_top_left",
					"pivot": [14, 24, 0.5],
					"cubes": [
						{"origin": [13.5, 21.5, -1.5], "size": [7, 5, 4], "inflate": 0.01, "uv": [62, 63]},
						{"origin": [16.5, 22.5, -2.5], "size": [3, 3, 1], "inflate": 0.01, "uv": [90, 76]}
					]
				},
				{
					"name": "arm_top_left3",
					"parent": "arm_top_left2",
					"pivot": [20, 24, 1.5],
					"cubes": [
						{"origin": [19.5, 21.5, -1], "size": [5, 5, 3], "uv": [52, 91]}
					]
				},
				{
					"name": "arm_top_right4",
					"parent": "torso2",
					"pivot": [-4, 24, 0.5],
					"cubes": [
						{"origin": [-8.5, 21.5, -1.5], "size": [6, 5, 4], "uv": [18, 67]}
					]
				},
				{
					"name": "arm_top_right",
					"parent": "arm_top_right4",
					"pivot": [-8, 24, 0.5],
					"cubes": [
						{"origin": [-14.5, 21.5, -1.5], "size": [7, 5, 4], "inflate": 0.02, "uv": [0, 48]},
						{"origin": [-13.5, 22.5, -2.5], "size": [3, 3, 1], "inflate": 0.02, "uv": [47, 34]}
					]
				},
				{
					"name": "arm_top_right2",
					"parent": "arm_top_right",
					"pivot": [-14, 24, 0.5],
					"cubes": [
						{"origin": [-20.5, 21.5, -1.5], "size": [7, 5, 4], "inflate": 0.01, "uv": [33, 0]},
						{"origin": [-19.5, 22.5, -2.5], "size": [3, 3, 1], "inflate": 0.01, "uv": [0, 30]}
					]
				},
				{
					"name": "arm_top_right3",
					"parent": "arm_top_right2",
					"pivot": [-20, 24, 1.5],
					"cubes": [
						{"origin": [-24.5, 21.5, -1], "size": [5, 5, 3], "uv": [86, 68]}
					]
				},
				{
					"name": "arm_bottom_left4",
					"parent": "torso2",
					"pivot": [3.5, 19, -0.5],
					"cubes": [
						{"origin": [1.5, 16.5, -2.5], "size": [6, 5, 4], "uv": [67, 54]}
					]
				},
				{
					"name": "arm_bottom_left",
					"parent": "arm_bottom_left4",
					"pivot": [7, 19, -0.5],
					"cubes": [
						{"origin": [6.5, 16.5, -2.5], "size": [7, 5, 4], "inflate": 0.02, "uv": [44, 58]},
						{"origin": [9.5, 17.5, -3.5], "size": [3, 3, 1], "inflate": 0.02, "uv": [89, 46]}
					]
				},
				{
					"name": "arm_bottom_left2",
					"parent": "arm_bottom_left",
					"pivot": [13, 19, -0.5],
					"cubes": [
						{"origin": [12.5, 16.5, -2.5], "size": [7, 5, 4], "inflate": 0.01, "uv": [62, 34]},
						{"origin": [15.5, 17.5, -3.5], "size": [3, 3, 1], "inflate": 0.01, "uv": [0, 77]}
					]
				},
				{
					"name": "arm_bottom_left3",
					"parent": "arm_bottom_left2",
					"pivot": [19, 19, 0.5],
					"cubes": [
						{"origin": [18.5, 16.5, -2], "size": [5, 5, 3], "uv": [91, 0]}
					]
				},
				{
					"name": "arm_bottom_right4",
					"parent": "torso2",
					"pivot": [-3.5, 19, -0.5],
					"cubes": [
						{"origin": [-7.5, 16.5, -2.5], "size": [6, 5, 4], "uv": [38, 67]}
					]
				},
				{
					"name": "arm_bottom_right",
					"parent": "arm_bottom_right4",
					"pivot": [-7, 19, -0.5],
					"cubes": [
						{"origin": [-13.5, 16.5, -2.5], "size": [7, 5, 4], "inflate": 0.02, "uv": [0, 57]},
						{"origin": [-12.5, 17.5, -3.5], "size": [3, 3, 1], "inflate": 0.02, "uv": [22, 54]}
					]
				},
				{
					"name": "arm_bottom_right2",
					"parent": "arm_bottom_right",
					"pivot": [-13, 19, -0.5],
					"cubes": [
						{"origin": [-19.5, 16.5, -2.5], "size": [7, 5, 4], "inflate": 0.01, "uv": [51, 5]},
						{"origin": [-18.5, 17.5, -3.5], "size": [3, 3, 1], "inflate": 0.01, "uv": [51, 0]}
					]
				},
				{
					"name": "arm_bottom_right3",
					"parent": "arm_bottom_right2",
					"pivot": [-19, 19, 0.5],
					"cubes": [
						{"origin": [-23.5, 16.5, -2], "size": [5, 5, 3], "uv": [87, 51]}
					]
				},
				{
					"name": "head",
					"parent": "torso2",
					"pivot": [0, 26, -3],
					"cubes": [
						{"origin": [-5.5, 25, -5], "size": [11, 11, 11], "inflate": 0.01, "uv": [0, 26]}
					]
				},
				{
					"name": "head2",
					"parent": "head",
					"pivot": [0, 36, -5],
					"cubes": [
						{"origin": [-5.5, 36, -5], "size": [11, 15, 11], "uv": [0, 0]}
					]
				},
				{
					"name": "eye_left",
					"parent": "head",
					"pivot": [3.01, 30, -4.5125],
					"rotation": [0, 0, -10],
					"cubes": [
						{"origin": [1.26, 29, -5.01], "size": [4, 2, 1], "inflate": 0.01, "uv": [0, 3]},
						{"origin": [1.76, 29.5, -5.015], "size": [2, 1, 1], "inflate": 0.01, "uv": [0, 34]}
					]
				},
				{
					"name": "eyelid_left",
					"parent": "eye_left",
					"pivot": [3.26, 30, -4.41],
					"cubes": [
						{"origin": [1.26, 29, -4.91], "size": [4, 2, 1], "inflate": 0.02, "uv": [108, 0]}
					]
				},
				{
					"name": "eye_right",
					"parent": "head",
					"pivot": [-3.01, 30, -4.5125],
					"rotation": [0, 0, 10],
					"cubes": [
						{"origin": [-5.26, 29, -5.01], "size": [4, 2, 1], "inflate": 0.01, "uv": [0, 0]},
						{"origin": [-3.76, 29.5, -5.015], "size": [2, 1, 1], "inflate": 0.01, "uv": [33, 9]}
					]
				},
				{
					"name": "eyelid_right",
					"parent": "eye_right",
					"pivot": [-3.26, 30, -4.41],
					"cubes": [
						{"origin": [-5.26, 29, -4.91], "size": [4, 2, 1], "inflate": 0.02, "uv": [118, 0]}
					]
				},
				{
					"name": "belt",
					"parent": "torso",
					"pivot": [-3, 12, -3.25],
					"cubes": [
						{"origin": [-8.5, 9.5, -3.75], "size": [7, 5, 2], "uv": [85, 39]}
					]
				},
				{
					"name": "belt2",
					"parent": "belt",
					"pivot": [-8.5, 12, -3.75],
					"cubes": [
						{"origin": [-14.5, 9.5, -3.75], "size": [6, 5, 3], "inflate": 0.01, "uv": [18, 85]},
						{"origin": [-13.5, 10.5, -4.75], "size": [3, 3, 1], "inflate": 0.01, "uv": [30, 76]}
					]
				},
				{
					"name": "belt3",
					"parent": "belt2",
					"pivot": [-14.5, 12, -3.75],
					"cubes": [
						{"origin": [-20.5, 9.5, -3.75], "size": [6, 5, 3], "inflate": 0.02, "uv": [84, 60]},
						{"origin": [-19.5, 10.5, -4.75], "size": [3, 3, 1], "inflate": 0.02, "uv": [68, 72]}
					]
				},
				{
					"name": "belt4",
					"parent": "belt3",
					"pivot": [-20.5, 12, -3.75],
					"cubes": [
						{"origin": [-26.5, 9.5, -3.75], "size": [6, 5, 3], "inflate": 0.01, "uv": [84, 31]},
						{"origin": [-25.5, 10.5, -4.75], "size": [3, 3, 1], "inflate": 0.01, "uv": [54, 67]}
					]
				},
				{
					"name": "belt5",
					"parent": "belt4",
					"pivot": [-26.5, 12, -3.75],
					"cubes": [
						{"origin": [-32.5, 9.5, -3.75], "size": [6, 5, 3], "uv": [84, 11]},
						{"origin": [-31.5, 10.5, -4.75], "size": [3, 3, 1], "uv": [34, 67]}
					]
				},
				{
					"name": "belt6",
					"parent": "belt5",
					"pivot": [-32.5, 12, -3.75],
					"cubes": [
						{"origin": [-38.5, 9.5, -3.75], "size": [6, 5, 3], "inflate": 0.01, "uv": [67, 83]},
						{"origin": [-37.5, 10.5, -4.75], "size": [3, 3, 1], "inflate": 0.01, "uv": [67, 0]}
					]
				},
				{
					"name": "belt8",
					"parent": "belt6",
					"pivot": [-38.5, 12, -3.75],
					"cubes": [
						{"origin": [-44.5, 9.5, -3.75], "size": [6, 5, 3], "inflate": 0.02, "uv": [49, 83]},
						{"origin": [-43.5, 10.5, -4.75], "size": [3, 3, 1], "inflate": 0.02, "uv": [14, 66]}
					]
				},
				{
					"name": "belt7",
					"parent": "belt8",
					"pivot": [-44.5, 12, -3.75],
					"cubes": [
						{"origin": [-48.5, 10, -3.75], "size": [4, 4, 2], "inflate": 0.01, "uv": [22, 48]}
					]
				},
				{
					"name": "legs",
					"parent": "body",
					"pivot": [0, 9, 0]
				},
				{
					"name": "leg_back",
					"parent": "legs",
					"pivot": [0, 13.5, 2],
					"cubes": [
						{"origin": [-2.5, 8.5, 0], "size": [5, 6, 4], "uv": [0, 81]}
					]
				},
				{
					"name": "leg_back2",
					"parent": "leg_back",
					"pivot": [0, 9, 2],
					"cubes": [
						{"origin": [-2.5, 2.5, 0], "size": [5, 7, 4], "inflate": 0.02, "uv": [73, 0]},
						{"origin": [-1.5, 3.5, -1], "size": [3, 3, 1], "inflate": 0.02, "uv": [59, 0]}
					]
				},
				{
					"name": "leg_back3",
					"parent": "leg_back2",
					"pivot": [0, 3, 2],
					"cubes": [
						{"origin": [-2.5, -3.5, 0], "size": [5, 7, 4], "inflate": 0.01, "uv": [72, 72]},
						{"origin": [-1.5, -2.5, -1], "size": [3, 3, 1], "inflate": 0.01, "uv": [62, 43]}
					]
				},
				{
					"name": "leg_back4",
					"parent": "leg_back3",
					"pivot": [0, -3, 1.5],
					"cubes": [
						{"origin": [-2.5, -7.5, 0.5], "size": [5, 5, 3], "uv": [0, 91]}
					]
				},
				{
					"name": "leg_right4",
					"parent": "legs",
					"pivot": [-2.5, 13.5, 0],
					"rotation": [0, -45, 0]
				},
				{
					"name": "leg_right",
					"parent": "leg_right4",
					"pivot": [-2.5, 13.5, 0],
					"cubes": [
						{"origin": [-5, 8.5, -2], "size": [5, 6, 4], "uv": [80, 21]}
					]
				},
				{
					"name": "leg_right2",
					"parent": "leg_right",
					"pivot": [-2.5, 9, 0],
					"cubes": [
						{"origin": [-5, 2.5, -2], "size": [5, 7, 4], "inflate": 0.02, "uv": [54, 72]},
						{"origin": [-4, 3.5, -3], "size": [3, 3, 1], "inflate": 0.02, "uv": [40, 58]}
					]
				},
				{
					"name": "leg_right3",
					"parent": "leg_right2",
					"pivot": [-2.5, 3, 0],
					"cubes": [
						{"origin": [-5, -3.5, -2], "size": [5, 7, 4], "inflate": 0.01, "uv": [71, 43]},
						{"origin": [-4, -2.5, -3], "size": [3, 3, 1], "inflate": 0.01, "uv": [55, 34]}
					]
				},
				{
					"name": "leg_back5",
					"parent": "leg_right3",
					"pivot": [-2.5, -3, -0.5],
					"cubes": [
						{"origin": [-5, -7.5, -1.5], "size": [5, 5, 3], "uv": [36, 88]}
					]
				},
				{
					"name": "leg_left4",
					"parent": "legs",
					"pivot": [2.5, 13.5, 0],
					"rotation": [0, 45, 0]
				},
				{
					"name": "leg_left",
					"parent": "leg_left4",
					"pivot": [2.5, 13.5, 0],
					"cubes": [
						{"origin": [0, 8.5, -2], "size": [5, 6, 4], "uv": [34, 76]}
					]
				},
				{
					"name": "leg_left2",
					"parent": "leg_left",
					"pivot": [2.5, 9, 0],
					"cubes": [
						{"origin": [0, 2.5, -2], "size": [5, 7, 4], "inflate": 0.02, "uv": [66, 14]},
						{"origin": [1, 3.5, -3], "size": [3, 3, 1], "inflate": 0.02, "uv": [0, 26]}
					]
				},
				{
					"name": "leg_left3",
					"parent": "leg_left2",
					"pivot": [2.5, 3, 0],
					"cubes": [
						{"origin": [0, -3.5, -2], "size": [5, 7, 4], "inflate": 0.01, "uv": [0, 66]},
						{"origin": [1, -2.5, -3], "size": [3, 3, 1], "inflate": 0.01, "uv": [0, 6]}
					]
				},
				{
					"name": "leg_back6",
					"parent": "leg_left3",
					"pivot": [2.5, -3, -0.5],
					"cubes": [
						{"origin": [0, -7.5, -1.5], "size": [5, 5, 3], "uv": [85, 83]}
					]
				}
			]
		}
	]
}