{
	"format_version": "1.8.0",
	"animations": {
		"animation.nymble.ground_idle": {
			"loop": true,
			"bones": {
				"torso": {
					"rotation": ["-7.5+math.cos((query.anim_time)*90*2+90)", 0, 0],
					"position": [0, 1, 0]
				},
				"head": {
					"rotation": ["12.5-math.sin(q.anim_time*90*2-90)", 0, 0]
				},
				"leg_front_right": {
					"rotation": [-20.17988, -7.90006, -27.26836],
					"position": [0.5, 1.5, 0]
				},
				"leg_front_right2": {
					"rotation": [-1.81693, 19.92066, -57.8191]
				},
				"leg_right2": {
					"rotation": [0, 0, -67.5]
				},
				"leg_right": {
					"rotation": [-9.80534, 28.16616, -27.14865],
					"position": [0.5, 1.5, -1]
				},
				"flap_right": {
					"rotation": [-25.18908, 6.79382, -3.18458]
				},
				"flap_left": {
					"rotation": [-25.18908, -6.79382, 3.18458]
				},
				"leg_front_left": {
					"rotation": [-20.17988, 7.90006, 27.26836],
					"position": [-0.5, 1.5, 0]
				},
				"leg_front_left2": {
					"rotation": [-1.81693, -19.92066, 57.8191]
				},
				"leg_left": {
					"rotation": [-9.80534, -28.16616, 27.14865],
					"position": [-0.5, 1.5, -1]
				},
				"leg_left2": {
					"rotation": [0, 0, 67.5]
				}
			}
		},
		"animation.nymble.ground_walk": {
			"loop": true,
			"animation_length": 1,
			"bones": {
				"body": {
					"position": {
						"0.0": [0, 0, 0],
						"0.2917": [0, 0, 3],
						"0.4167": [0, 2, -2],
						"0.5": [0, 4, -6],
						"0.625": [0, 2, -8.5],
						"0.75": [0, 0.33, -8.67],
						"0.875": [0, 0.17, -2.33],
						"1.0": [0, 0, 0]
					}
				},
				"torso": {
					"rotation": {
						"0.0": [-7.5, 0, 0],
						"0.2917": [-15, 0, 0],
						"0.5": [-30.29, 0, 0],
						"0.625": [-17.09, 0, 0],
						"0.75": [1.11, 0, 0],
						"1.0": [-7.5, 0, 0]
					},
					"position": {
						"0.0": [0, 1, 0],
						"0.25": [0, 1, 0],
						"0.2917": [0, 0.5, 0],
						"0.5": [0, 1.65, 0],
						"1.0": [0, 1, 0]
					}
				},
				"head": {
					"rotation": {
						"0.0": [12.5, 0, 0],
						"0.25": [12.5, 0, 0],
						"0.2917": [25, 0, 0],
						"0.5": [7.5, 0, 0],
						"0.625": [22.5, 0, 0],
						"0.75": [14.17, 0, 0],
						"1.0": [12.5, 0, 0]
					}
				},
				"leg_front_right": {
					"rotation": {
						"0.0": [-20.17988, -7.90006, -27.26836],
						"0.2917": [-20.31807, -10.2456, -26.39221],
						"0.3333": [14.53433, -16.67755, -29.22393],
						"0.5417": [-47.20453, -52.62586, -48.54389],
						"0.75": [-35.51249, -26.19892, -39.41709],
						"0.875": [-39.98343, -11.47168, -38.99101],
						"1.0": [-20.17988, -7.90006, -27.26836]
					},
					"position": {
						"0.0": [0.5, 1.5, 0],
						"0.2917": [0.5, 1.5, 0],
						"0.5417": [-0.5, 1.5, 0],
						"1.0": [0.5, 1.5, 0]
					}
				},
				"leg_front_right2": {
					"rotation": {
						"0.0": [-1.81693, 19.92066, -57.8191],
						"0.2917": [-1.81693, 19.92066, -57.8191],
						"0.5417": [10.6222, 4.48698, -20.75255],
						"0.75": [12.07751, 66.07264, -27.52769],
						"0.875": [4.60917, 35.52357, -43.4951],
						"1.0": [-1.81693, 19.92066, -57.8191]
					}
				},
				"leg_right2": {
					"rotation": {
						"0.0": [0, 0, -67.5],
						"0.2917": [5, 0, -60],
						"0.5": [11.15385, 32.94658, -9.79571],
						"0.75": [7.75008, 46.2848, -34.61593],
						"0.7917": [5.41116, 21.16231, -42.17518],
						"1.0": [0, 0, -67.5]
					}
				},
				"leg_right": {
					"rotation": {
						"0.0": [-9.80534, 28.16616, -27.14865],
						"0.25": [-9.80534, 28.16616, -27.14865],
						"0.2917": [0.37814, 28.25032, -21.47508],
						"0.5": [28.94617, 36.73911, -46.67884],
						"0.75": [-22.25484, -21.99265, -41.86632],
						"0.7917": [-19.72307, -6.58176, -42.01126],
						"1.0": [-9.80534, 28.16616, -27.14865]
					},
					"position": {
						"0.0": [0.5, 1.5, -1],
						"0.25": [0.5, 1.5, -1],
						"0.2917": [0.5, 1, -1],
						"0.5": [0.5, 0.6, -1.55],
						"0.75": [0.5, 2.32, 0],
						"1.0": [0.5, 1.5, -1]
					}
				},
				"flap_right": {
					"rotation": [-25.18908, 6.79382, -3.18458]
				},
				"flap_left": {
					"rotation": [-25.18908, -6.79382, 3.18458]
				},
				"leg_front_left": {
					"rotation": {
						"0.0": [-20.17988, 7.90006, 27.26836],
						"0.2917": [-20.31807, 10.2456, 26.39221],
						"0.3333": [14.53433, 16.67755, 29.22393],
						"0.5417": [-47.20453, 52.62586, 48.54389],
						"0.75": [-35.51249, 26.19892, 39.41709],
						"0.875": [-39.98343, 11.47168, 38.99101],
						"1.0": [-20.17988, 7.90006, 27.26836]
					},
					"position": {
						"0.0": [-0.5, 1.5, 0],
						"0.2917": [-0.5, 1.5, 0],
						"0.5417": [0.5, 1.5, 0],
						"1.0": [-0.5, 1.5, 0]
					}
				},
				"leg_front_left2": {
					"rotation": {
						"0.0": [-1.81693, -19.92066, 57.8191],
						"0.2917": [-1.81693, -19.92066, 57.8191],
						"0.5417": [10.6222, -4.48698, 20.75255],
						"0.75": [12.07751, -66.07264, 27.52769],
						"0.875": [4.60917, -35.52357, 43.4951],
						"1.0": [-1.81693, -19.92066, 57.8191]
					}
				},
				"leg_left": {
					"rotation": {
						"0.0": [-9.80534, -28.16616, 27.14865],
						"0.25": [-9.80534, -28.16616, 27.14865],
						"0.2917": [0.37814, -28.25032, 21.47508],
						"0.5": [28.94617, -36.73911, 46.67884],
						"0.75": [-22.25484, 21.99265, 41.86632],
						"0.7917": [-19.72307, 6.58176, 42.01126],
						"1.0": [-9.80534, -28.16616, 27.14865]
					},
					"position": {
						"0.0": [-0.5, 1.5, -1],
						"0.25": [-0.5, 1.5, -1],
						"0.2917": [-0.5, 1, -1],
						"0.5": [-0.5, 0.6, -1.55],
						"0.75": [-0.5, 2.32, 0],
						"1.0": [-0.5, 1.5, -1]
					}
				},
				"leg_left2": {
					"rotation": {
						"0.0": [0, 0, 67.5],
						"0.2917": [5, 0, 60],
						"0.5": [11.15385, -32.94658, 9.79571],
						"0.75": [7.75008, -46.2848, 34.61593],
						"0.7917": [5.41116, -21.16231, 42.17518],
						"1.0": [0, 0, 67.5]
					}
				}
			}
		},
		"animation.nymble.battle_idle": {
			"loop": true,
			"bones": {
				"torso": {
					"rotation": ["10-math.cos((query.anim_time)*90*4-30)*1", 0, 0],
					"position": [0, "1+1*math.cos((query.anim_time)*90*4-60)*0.08", 0]
				},
				"head": {
					"rotation": ["-2.5-math.sin(q.anim_time*90*4+90)", 0, 0]
				},
				"leg_front_right": {
					"rotation": [-11.27639, -31.59532, -26.17184],
					"position": [0.5, 1.5, 0]
				},
				"leg_front_right2": {
					"rotation": [-9.61482, 24.60326, -62.81322]
				},
				"leg_right2": {
					"rotation": [0, -17.5, -67.5]
				},
				"leg_right": {
					"rotation": [8.62273, 38.06578, -25.45636],
					"position": [0.5, 1.5, -1]
				},
				"flap_right": {
					"rotation": [-21.18361, 18.49414, -7.70218]
				},
				"flap_left": {
					"rotation": [-21.18361, -18.49414, 7.70218]
				},
				"leg_front_left": {
					"rotation": [-11.27639, 31.59532, 26.17184],
					"position": [-0.5, 1.5, 0]
				},
				"leg_front_left2": {
					"rotation": [-11.40078, -24.55716, 64.51581]
				},
				"leg_left": {
					"rotation": [8.62273, -38.06578, 25.45636],
					"position": [-0.5, 1.5, -1]
				},
				"leg_left2": {
					"rotation": [0, 17.5, 67.5]
				},
				"eye_emote_right": {
					"position": [-1, 0, 0]
				},
				"eye_emote_left": {
					"position": [1, 0, 0]
				}
			}
		},
		"animation.nymble.physical": {
			"animation_length": 3,
			"bones": {
				"torso": {
					"rotation": {
						"0.0": [10, 0, 0],
						"0.0417": [15.6, 0, 0],
						"0.1667": {
							"pre": [-15, 0, 0],
							"post": [-15, 0, 0],
							"lerp_mode": "catmullrom"
						},
						"0.4167": {
							"post": [20, 0, 0],
							"lerp_mode": "catmullrom"
						},
						"0.75": [18, 0, 0],
						"0.9583": {
							"pre": [21, 0, 0],
							"post": [21, 0, 0],
							"lerp_mode": "catmullrom"
						},
						"1.0417": [-21.5, 0, 0],
						"1.1667": [1, 0, 0],
						"1.25": [3.5, 0, 0],
						"1.4167": {
							"pre": [16, 0, 0],
							"post": [16, 0, 0],
							"lerp_mode": "catmullrom"
						},
						"1.5833": [1, 0, 0],
						"1.7083": [11, 0, 0],
						"1.9167": {
							"pre": [9, 0, 0],
							"post": [9, 0, 0],
							"lerp_mode": "catmullrom"
						},
						"2.0417": [-13.5, 0, 0],
						"2.25": {
							"pre": [4, 0, 0],
							"post": [4, 0, 0],
							"lerp_mode": "catmullrom"
						},
						"2.5": [10, 0, 0],
						"2.6667": {
							"pre": [12, 0, 0],
							"post": [12, 0, 0],
							"lerp_mode": "catmullrom"
						},
						"2.8333": {
							"post": [9, 0, 0],
							"lerp_mode": "catmullrom"
						},
						"3.0": [10, 0, 0]
					},
					"position": {
						"0.0": [0, 1, 0],
						"0.1667": [0, 1.5, 0.5],
						"0.4167": [0, 0, 0],
						"0.75": {
							"pre": [0, 0.2, 0],
							"post": [0, 0.2, 0],
							"lerp_mode": "catmullrom"
						},
						"0.9583": [0, 0, 0],
						"1.0417": {
							"pre": [0, 2, 1],
							"post": [0, 2, 1],
							"lerp_mode": "catmullrom"
						},
						"1.1667": [0, 2, 0],
						"1.25": {
							"pre": [0, 1, 0],
							"post": [0, 1, 0],
							"lerp_mode": "catmullrom"
						},
						"1.4167": [0, 1.88, 0],
						"1.625": {
							"pre": [0, 0.61, 0],
							"post": [0, 0.61, 0],
							"lerp_mode": "catmullrom"
						},
						"1.9167": [0, 0.88, 0],
						"2.0417": {
							"pre": [0, 2, 1],
							"post": [0, 2, 1],
							"lerp_mode": "catmullrom"
						},
						"2.25": [0, 1.63, 0],
						"2.5": [0, 1, 0],
						"3.0": [0, 1, 0]
					}
				},
				"head": {
					"rotation": {
						"0.0": [-2.5, 0, 0],
						"0.0417": [15, 0, 0],
						"0.1667": [-10, 0, 0],
						"0.4167": {
							"pre": [0, 0, 0],
							"post": [0, 0, 0],
							"lerp_mode": "catmullrom"
						},
						"0.75": [-2, 0, 0],
						"0.9583": {
							"pre": [0, 0, 0],
							"post": [0, 0, 0],
							"lerp_mode": "catmullrom"
						},
						"1.0417": [7.5, 0, 0],
						"1.1667": [0, 0, 0],
						"1.2083": [0.62, 0, 0],
						"1.25": {
							"pre": [37.5, 0, 0],
							"post": [37.5, 0, 0],
							"lerp_mode": "catmullrom"
						},
						"1.4167": [40, 0, 0],
						"1.5833": {
							"pre": [20, 0, 0],
							"post": [20, 0, 0],
							"lerp_mode": "catmullrom"
						},
						"1.7083": [0, 0, 0],
						"1.9167": {
							"pre": [5, 0, 0],
							"post": [5, 0, 0],
							"lerp_mode": "catmullrom"
						},
						"2.0417": {
							"post": [52.5, 0, 0],
							"lerp_mode": "catmullrom"
						},
						"2.25": {
							"post": [-20, 0, 0],
							"lerp_mode": "catmullrom"
						},
						"2.5": {
							"post": [7.5, 0, 0],
							"lerp_mode": "catmullrom"
						},
						"3.0": [-2.5, 0, 0]
					},
					"position": {
						"0.0": [0, 0, 0],
						"1.25": [0, 0, -0.12],
						"2.25": [0, 0, 0]
					}
				},
				"leg_front_right": {
					"rotation": {
						"0.0": [-11.27639, -31.59532, -26.17184],
						"0.0417": [-7.18222, -11.02037, -53.11944],
						"0.1667": [-16.92086, -49.35712, -38.30596],
						"0.375": [-11.21283, -12.86401, -48.77719],
						"0.75": [-13, -12.86401, -48.77719],
						"0.9167": [-11.21283, -12.86401, -48.77719],
						"1.0": [-16.92086, -49.35712, -38.30596],
						"1.1667": [-5.80037, -41.47239, -55.05315],
						"1.25": [-4.53134, -16.56928, -57.60718],
						"1.5": [-4.96813, -29.02678, -56.48663],
						"1.75": [-4.35036, 3.3719, -59.15825],
						"2.0": [-4.4333, -11.58455, -58.0099],
						"2.1667": [-4.96813, -29.02678, -56.48663],
						"2.5": [-14.2892, -27.67933, -30.337],
						"3.0": [-11.27639, -31.59532, -26.17184]
					},
					"position": {
						"0.0": [0.5, 1.5, 0],
						"0.0417": [0.5, 0.5, 0],
						"0.1667": [0.5, 2, 1],
						"0.375": [0.5, 2.5, 1],
						"0.75": [0.5, 2.5, 1],
						"0.9167": [0, 2.5, 1],
						"1.0": [0, 1.5, 0],
						"1.1667": [0, 2, 0],
						"1.25": [0, 2.5, 0],
						"1.5": [0, 2.5, 0],
						"1.75": [0, 2.5, -1],
						"2.1667": [0, 1.5, 0],
						"3.0": [0.5, 1.5, 0]
					}
				},
				"leg_front_right2": {
					"rotation": {
						"0.0": [-11.40078, 24.55716, -64.51581],
						"0.0417": [-7.38413, 22.70902, -39.40884],
						"0.1667": [-20.0943, 47.43445, -44.01446],
						"0.375": [-15.22475, 15.63448, -35.38479],
						"0.75": [-18, 15.63448, -35.38479],
						"1.0": [-23.53682, -16.979, -16.38031],
						"1.1667": [-18.02043, -6.29709, -9.17235],
						"1.25": [-25.14589, 4.23757, -30.56379],
						"1.5": [-25.08831, 1.9739, -29.50113],
						"1.75": [-25.38916, 8.75973, -32.71127],
						"2.0": [-44.59772, 63.17007, -61.82165],
						"2.1667": [-18.09943, 25.4561, -23.76062],
						"2.5": [-15.89349, 20.73148, -61.4457],
						"3.0": [-11.40078, 24.55716, -64.51581]
					}
				},
				"leg_right2": {
					"rotation": {
						"0.0": [0, -17.5, -67.5],
						"0.0417": [18.94396, -36.73343, -31.73375],
						"0.1667": [22.73815, 31.06695, -4.44689],
						"0.375": [34.55968, -32.77688, -33.77598],
						"0.75": [39.91681, -42.84997, -54.77172],
						"0.9583": [33.96024, -34.89727, -46.96365],
						"1.0417": [6.79197, 20.56221, -0.85013],
						"1.1667": [7.81159, 35.44251, 1.30305],
						"1.25": [-5.41899, 3.31598, -19.76088],
						"1.4167": [3.74688, 50.93912, -10.23335],
						"1.7917": {
							"pre": [0.94168, 23.72051, -12.18908],
							"post": [0.94168, 23.72051, -12.18908],
							"lerp_mode": "catmullrom"
						},
						"2.0417": {
							"post": [-5.15991, -26.4623, -13.59107],
							"lerp_mode": "catmullrom"
						},
						"2.25": {
							"post": [-4.07104, -15.06671, -59.96291],
							"lerp_mode": "catmullrom"
						},
						"3.0": [0, -17.5, -67.5]
					}
				},
				"leg_right": {
					"rotation": {
						"0.0": [8.62273, 38.06578, -25.45636],
						"0.0417": [-4.23456, 34.45623, -54.45733],
						"0.1667": [-18.63845, 33.1433, -70.79517],
						"0.375": [-6.795, 64.61573, -56.56692],
						"0.75": [-7, 64.61573, -56.56692],
						"0.9583": [-6.795, 64.61573, -56.56692],
						"1.0417": [14.56588, 29.4968, -77.49128],
						"1.1667": [13.25834, 17.35992, -80.76068],
						"1.25": [-14.85963, 25.72642, -75.87678],
						"1.5": [24.22996, 25.30046, -57.29964],
						"1.7917": {
							"pre": [-15.57519, -16.93617, -69.96272],
							"post": [-15.57519, -16.93617, -69.96272],
							"lerp_mode": "catmullrom"
						},
						"2.0417": {
							"post": [7.40723, 22.96116, -66.95698],
							"lerp_mode": "catmullrom"
						},
						"2.25": {
							"post": [10, 19.31675, -30.39815],
							"lerp_mode": "catmullrom"
						},
						"3.0": [8.62273, 38.06578, -25.45636]
					},
					"position": {
						"0.0": [0.5, 1.5, -1],
						"0.0417": [0.5, 2.5, -1],
						"0.1667": [0.5, 2, -1],
						"0.375": [0.5, 1.5, -1],
						"0.75": [0.5, 1.5, -1],
						"0.9583": [0.5, 1.5, -1],
						"1.0417": [-0.5, 1.5, 0],
						"1.25": [-0.5, 1.3, 0],
						"1.4583": {
							"pre": [-0.5, 1.5, 0],
							"post": [-0.5, 1.5, 0],
							"lerp_mode": "catmullrom"
						},
						"1.75": [-0.5, 2.5, 0],
						"3.0": [0.5, 1.5, -1]
					}
				},
				"flap_right": {
					"rotation": {
						"0.0": [-21.18361, 18.49414, -7.70218],
						"0.0417": [-6.18361, 18.49414, -7.70218],
						"0.1667": [-46.18361, 18.49414, -7.70218],
						"0.375": [-21.18361, 18.49414, -7.70218],
						"0.75": [-22, 18.49414, -7.70218],
						"0.9167": [-21.18361, 18.49414, -7.70218],
						"1.0": [-41.18361, 18.49414, -7.70218],
						"1.1667": [-51.18361, 18.49414, -7.70218],
						"1.25": [-1.18361, 18.49414, -7.70218],
						"1.4583": [1.31639, 18.49414, -7.70218],
						"1.6667": [-23.68361, 18.49414, -7.70218],
						"1.875": [-23.68361, 18.49414, -7.70218],
						"2.0": [-48.68361, 18.49414, -7.70218],
						"2.1667": [-16.18361, 18.49414, -7.70218],
						"2.5": [-21.18361, 18.49414, -7.70218]
					}
				},
				"flap_left": {
					"rotation": {
						"0.0": [-21.18361, -18.49414, 7.70218],
						"0.0417": [-6.18361, -18.49414, 7.70218],
						"0.1667": [-46.18361, -18.49414, 7.70218],
						"0.375": [-21.18361, -18.49414, 7.70218],
						"0.75": [-22, -18.49414, 7.70218],
						"0.9167": [-21.18361, -18.49414, 7.70218],
						"1.0": [-41.18361, -18.49414, 7.70218],
						"1.1667": [-51.18361, -18.49414, 7.70218],
						"1.25": [-1.18361, -18.49414, 7.70218],
						"1.4583": [1.31639, -18.49414, 7.70218],
						"1.6667": [-23.68361, -18.49414, 7.70218],
						"1.875": [-23.68361, -18.49414, 7.70218],
						"2.0": [-48.68361, -18.49414, 7.70218],
						"2.1667": [-16.18361, -18.49414, 7.70218],
						"2.5": [-21.18361, -18.49414, 7.70218]
					}
				},
				"leg_front_left": {
					"rotation": {
						"0.0": [-11.27639, 31.59532, 26.17184],
						"0.0417": [-7.18222, 11.02037, 53.11944],
						"0.1667": [-16.92086, 49.35712, 38.30596],
						"0.375": [-11.21283, 12.86401, 48.77719],
						"0.75": [-13, 12.86401, 48.77719],
						"0.9167": [-11.21283, 12.86401, 48.77719],
						"1.0": [-16.92086, 49.35712, 38.30596],
						"1.1667": [-5.80037, 41.47239, 55.05315],
						"1.25": [-4.53134, 16.56928, 57.60718],
						"1.5": [-4.96813, 29.02678, 56.48663],
						"1.75": [-4.35036, -3.3719, 59.15825],
						"2.0": [-4.4333, 11.58455, 58.0099],
						"2.1667": [-4.96813, 29.02678, 56.48663],
						"2.5": [-14.2892, 27.67933, 30.337],
						"3.0": [-11.27639, 31.59532, 26.17184]
					},
					"position": {
						"0.0": [-0.5, 1.5, 0],
						"0.0417": [-0.5, 0.5, 0],
						"0.1667": [-0.5, 2, 1],
						"0.375": [-0.5, 2.5, 1],
						"0.75": [-0.5, 2.5, 1],
						"0.9167": [0, 2.5, 1],
						"1.0": [0, 1.5, 0],
						"1.1667": [0, 2, 0],
						"1.25": [0, 2.5, 0],
						"1.5": [0, 2.5, 0],
						"1.75": [0, 2.5, -1],
						"2.1667": [0, 1.5, 0],
						"3.0": [-0.5, 1.5, 0]
					}
				},
				"leg_front_left2": {
					"rotation": {
						"0.0": [-11.40078, -24.55716, 64.51581],
						"0.0417": [-7.38413, -22.70902, 39.40884],
						"0.1667": [-20.0943, -47.43445, 44.01446],
						"0.375": [-15.22475, -15.63448, 35.38479],
						"0.75": [-18, -15.63448, 35.38479],
						"1.0": [-23.53682, 16.979, 16.38031],
						"1.1667": [-18.02043, 6.29709, 9.17235],
						"1.25": [-25.14589, -4.23757, 30.56379],
						"1.5": [-25.08831, -1.9739, 29.50113],
						"1.75": [-25.38916, -8.75973, 32.71127],
						"2.0": [-44.59772, -63.17007, 61.82165],
						"2.1667": [-18.09943, -25.4561, 23.76062],
						"2.5": [-15.89349, -20.73148, 61.4457],
						"3.0": [-11.40078, -24.55716, 64.51581]
					}
				},
				"leg_left": {
					"rotation": {
						"0.0": [8.62273, -38.06578, 25.45636],
						"0.0417": [-4.23456, -34.45623, 54.45733],
						"0.1667": [-18.63845, -33.1433, 70.79517],
						"0.375": [-6.795, -64.61573, 56.56692],
						"0.75": [-7, -64.61573, 56.56692],
						"0.9583": [-6.795, -64.61573, 56.56692],
						"1.0417": [14.56588, -29.4968, 77.49128],
						"1.1667": [13.25834, -17.35992, 80.76068],
						"1.25": [-14.85963, -25.72642, 75.87678],
						"1.5": [24.22996, -25.30046, 57.29964],
						"1.7917": {
							"pre": [-15.57519, 16.93617, 69.96272],
							"post": [-15.57519, 16.93617, 69.96272],
							"lerp_mode": "catmullrom"
						},
						"2.0417": {
							"post": [7.40723, -22.96116, 66.95698],
							"lerp_mode": "catmullrom"
						},
						"2.25": {
							"post": [10, -19.31675, 30.39815],
							"lerp_mode": "catmullrom"
						},
						"3.0": [8.62273, -38.06578, 25.45636]
					},
					"position": {
						"0.0": [-0.5, 1.5, -1],
						"0.0417": [-0.5, 2.5, -1],
						"0.1667": [-0.5, 2, -1],
						"0.375": [-0.5, 1.5, -1],
						"0.75": [-0.5, 1.5, -1],
						"0.9583": [-0.5, 1.5, -1],
						"1.0417": [0.5, 1.5, 0],
						"1.25": [0.5, 1.3, 0],
						"1.4583": {
							"pre": [0.5, 1.5, 0],
							"post": [0.5, 1.5, 0],
							"lerp_mode": "catmullrom"
						},
						"1.75": [0.5, 2.5, 0],
						"3.0": [-0.5, 1.5, -1]
					}
				},
				"leg_left2": {
					"rotation": {
						"0.0": [0, 17.5, 67.5],
						"0.0417": [18.94396, 36.73343, 31.73375],
						"0.1667": [22.73815, -31.06695, 4.44689],
						"0.375": [34.55968, 32.77688, 33.77598],
						"0.75": [38.49951, 40.91256, 52.64916],
						"0.9583": [33.96024, 34.89727, 46.96365],
						"1.0417": [6.79197, -20.56221, 0.85013],
						"1.1667": [7.81159, -35.44251, -1.30305],
						"1.25": [-5.41899, -3.31598, 19.76088],
						"1.4167": [3.74688, -50.93912, 10.23335],
						"1.7917": {
							"pre": [0.94168, -23.72051, 12.18908],
							"post": [0.94168, -23.72051, 12.18908],
							"lerp_mode": "catmullrom"
						},
						"2.0417": {
							"post": [-5.15991, 26.4623, 13.59107],
							"lerp_mode": "catmullrom"
						},
						"2.25": {
							"post": [-4.07104, 15.06671, 59.96291],
							"lerp_mode": "catmullrom"
						},
						"3.0": [0, 17.5, 67.5]
					}
				},
				"eye_emote_right": {
					"position": {
						"0.0": [-1, 0, 0],
						"0.25": {
							"pre": [-1, 0, 0],
							"post": [0, 0, 0]
						},
						"2.5": {
							"pre": [0, 0, 0],
							"post": [-1, 0, 0]
						}
					}
				},
				"eye_emote_left": {
					"position": {
						"0.0": [1, 0, 0],
						"0.25": {
							"pre": [1, 0, 0],
							"post": [0, 0, 0]
						},
						"2.5": {
							"pre": [0, 0, 0],
							"post": [1, 0, 0]
						}
					}
				},
				"body": {
					"rotation": {
						"0.0": [0, 0, 0],
						"0.1667": [-14.98, 0, 0],
						"0.3333": {
							"pre": [0.78, 0, 0],
							"post": [0.78, 0, 0],
							"lerp_mode": "catmullrom"
						},
						"0.9583": [0.1, 0, 0],
						"1.0417": [-20, 0, 0],
						"1.2083": [-5.73447, 0, 0],
						"1.25": {
							"pre": [21.77, 0, 0],
							"post": [21.77, 0, 0],
							"lerp_mode": "catmullrom"
						},
						"1.4583": [43.27, 0, 0],
						"1.6667": {
							"pre": [0, 0, 0],
							"post": [0, 0, 0],
							"lerp_mode": "catmullrom"
						},
						"1.9167": [-2.5, 0, 0],
						"2.0833": {
							"pre": [-26.25, 0, 0],
							"post": [-26.25, 0, 0],
							"lerp_mode": "catmullrom"
						},
						"2.3333": [0, 0, 0]
					},
					"position": {
						"0.0": [0, 0, 0],
						"0.0833": [0, 8, 8.67],
						"0.1667": {
							"pre": [0, 6, 12.67],
							"post": [0, 6, 12.67],
							"lerp_mode": "catmullrom"
						},
						"0.25": [0, -0.29, 14.57],
						"0.5833": [0, -0.19, 16],
						"0.75": [0, -0.19, 17.5],
						"0.9583": [0, -0.19, 20],
						"1.0417": [0, 11.86, -1.71],
						"1.1667": {
							"pre": [0, 8.74, -14.68],
							"post": [0, 8.74, -14.68],
							"lerp_mode": "catmullrom"
						},
						"1.25": [0, "1+math.sin(q.anim_time*90*60)*0.5", -20],
						"1.4583": [0, 3, -20],
						"1.5833": [0, 0, -20],
						"1.75": [0, 0, -18],
						"1.9167": [0, 0, -15],
						"1.9583": [0, 1, -12.33],
						"2.0417": [0, 6, -5],
						"2.125": [0, 1.27, -2.33],
						"2.1667": [0, 0.4, -1],
						"2.3333": [0, 0, 0]
					}
				},
				"eye_right": {
					"position": {
						"0.0": [0, 0, 0],
						"0.0417": {
							"pre": [0, 0, 0],
							"post": [1, 0, 0]
						},
						"0.25": {
							"pre": [1, 0, 0],
							"post": [0, 0, 0]
						},
						"0.375": {
							"pre": [0, 0, 0],
							"post": [1, 0, 0]
						},
						"1.0417": {
							"pre": [1, 0, 0],
							"post": [0, 0, 0]
						},
						"1.25": {
							"pre": [0, 0, 0],
							"post": [1, 0, 0]
						},
						"1.6667": {
							"pre": [1, 0, 0],
							"post": [0, 0, 0]
						},
						"2.2083": {
							"pre": [0, 0, 0],
							"post": [1, 0, 0]
						},
						"2.5": {
							"pre": [1, 0, 0],
							"post": [0, 0, 0]
						}
					}
				},
				"eye_tired_right": {
					"position": {
						"0.0": [0, 0, 0],
						"0.0417": {
							"pre": [0, 0, 0],
							"post": [-2, 0, 0]
						},
						"0.25": {
							"pre": [-2, 0, 0],
							"post": [0, 0, 0]
						},
						"0.375": {
							"pre": [0, 0, 0],
							"post": [-2, 0, 0]
						},
						"1.0417": {
							"pre": [-2, 0, 0],
							"post": [0, 0, 0]
						},
						"2.2083": {
							"pre": [0, 0, 0],
							"post": [-2, 0, 0]
						},
						"2.5": {
							"pre": [-2, 0, 0],
							"post": [0, 0, 0]
						}
					}
				},
				"eye_recoil_right": {
					"position": {
						"0.0": [0, 0, 0],
						"1.25": {
							"pre": [0, 0, 0],
							"post": [-2, 0, 0]
						},
						"1.6667": {
							"pre": [-2, 0, 0],
							"post": [0, 0, 0]
						}
					}
				},
				"eye_left": {
					"position": {
						"0.0": [0, 0, 0],
						"0.0417": {
							"pre": [0, 0, 0],
							"post": [-1, 0, 0]
						},
						"0.25": {
							"pre": [-1, 0, 0],
							"post": [0, 0, 0]
						},
						"0.375": {
							"pre": [0, 0, 0],
							"post": [-1, 0, 0]
						},
						"1.0417": {
							"pre": [-1, 0, 0],
							"post": [0, 0, 0]
						},
						"1.25": {
							"pre": [0, 0, 0],
							"post": [-1, 0, 0]
						},
						"1.6667": {
							"pre": [-1, 0, 0],
							"post": [0, 0, 0]
						},
						"2.2083": {
							"pre": [0, 0, 0],
							"post": [-1, 0, 0]
						},
						"2.5": {
							"pre": [-1, 0, 0],
							"post": [0, 0, 0]
						}
					}
				},
				"eye_tired_left": {
					"position": {
						"0.0": [0, 0, 0],
						"0.0417": {
							"pre": [0, 0, 0],
							"post": [2, 0, 0]
						},
						"0.25": {
							"pre": [2, 0, 0],
							"post": [0, 0, 0]
						},
						"0.375": {
							"pre": [0, 0, 0],
							"post": [2, 0, 0]
						},
						"1.0417": {
							"pre": [2, 0, 0],
							"post": [0, 0, 0]
						},
						"2.2083": {
							"pre": [0, 0, 0],
							"post": [2, 0, 0]
						},
						"2.5": {
							"pre": [2, 0, 0],
							"post": [0, 0, 0]
						}
					}
				},
				"eye_recoil_left": {
					"position": {
						"0.0": [0, 0, 0],
						"1.25": {
							"pre": [0, 0, 0],
							"post": [2, 0, 0]
						},
						"1.6667": {
							"pre": [2, 0, 0],
							"post": [0, 0, 0]
						}
					}
				}
			}
		},
		"animation.nymble.status": {
			"loop": true,
			"bones": {
				"torso": {
					"rotation": [10, 0, 0],
					"position": [0, 1, 0]
				},
				"head": {
					"rotation": [-2.5, 0, 0]
				},
				"leg_front_right": {
					"rotation": [-11.27639, -31.59532, -26.17184],
					"position": [0.5, 1.5, 0]
				},
				"leg_front_right2": {
					"rotation": [-9.61482, 24.60326, -62.81322]
				},
				"leg_right2": {
					"rotation": [0, -17.5, -67.5]
				},
				"leg_right": {
					"rotation": [8.62273, 38.06578, -25.45636],
					"position": [0.5, 1.5, -1]
				},
				"flap_right": {
					"rotation": [-21.18361, 18.49414, -7.70218]
				},
				"flap_left": {
					"rotation": [-21.18361, -18.49414, 7.70218]
				},
				"leg_front_left": {
					"rotation": [-11.27639, 31.59532, 26.17184],
					"position": [-0.5, 1.5, 0]
				},
				"leg_front_left2": {
					"rotation": [-11.40078, -24.55716, 64.51581]
				},
				"leg_left": {
					"rotation": [8.62273, -38.06578, 25.45636],
					"position": [-0.5, 1.5, -1]
				},
				"leg_left2": {
					"rotation": [0, 17.5, 67.5]
				},
				"eye_emote_right": {
					"position": [-1, 0, 0]
				},
				"eye_emote_left": {
					"position": [1, 0, 0]
				}
			}
		},
		"animation.nymble.faint": {
			"loop": true,
			"bones": {
				"torso": {
					"rotation": [10, 0, 0],
					"position": [0, 1, 0]
				},
				"head": {
					"rotation": [-2.5, 0, 0]
				},
				"leg_front_right": {
					"rotation": [-11.27639, -31.59532, -26.17184],
					"position": [0.5, 1.5, 0]
				},
				"leg_front_right2": {
					"rotation": [-9.61482, 24.60326, -62.81322]
				},
				"leg_right2": {
					"rotation": [0, -17.5, -67.5]
				},
				"leg_right": {
					"rotation": [8.62273, 38.06578, -25.45636],
					"position": [0.5, 1.5, -1]
				},
				"flap_right": {
					"rotation": [-21.18361, 18.49414, -7.70218]
				},
				"flap_left": {
					"rotation": [-21.18361, -18.49414, 7.70218]
				},
				"leg_front_left": {
					"rotation": [-11.27639, 31.59532, 26.17184],
					"position": [-0.5, 1.5, 0]
				},
				"leg_front_left2": {
					"rotation": [-11.40078, -24.55716, 64.51581]
				},
				"leg_left": {
					"rotation": [8.62273, -38.06578, 25.45636],
					"position": [-0.5, 1.5, -1]
				},
				"leg_left2": {
					"rotation": [0, 17.5, 67.5]
				},
				"eye_emote_right": {
					"position": [-1, 0, 0]
				},
				"eye_emote_left": {
					"position": [1, 0, 0]
				}
			}
		},
		"animation.nymble.sleep": {
			"loop": true,
			"bones": {
				"body": {
					"position": [0, -2, 0]
				},
				"torso": {
					"rotation": [2.5, 0, 0]
				},
				"head": {
					"rotation": [7.84527, -14.76689, -2.66399]
				},
				"eye_right": {
					"position": [1, 0, 0]
				},
				"leg_front_right": {
					"rotation": [-71.57474, -16.16465, -1.07132]
				},
				"leg_front_right2": {
					"rotation": [10.99592, -13.00032, -66.09603]
				},
				"leg_right": {
					"rotation": [-50.07471, 12.77918, 4.22392]
				},
				"leg_right2": {
					"rotation": [-2.92358, -28.16759, -54.42529]
				},
				"flap_right": {
					"rotation": [-12.79362, 12.19908, -2.74715]
				},
				"flap_left": {
					"rotation": [-10.34527, -14.76689, 2.66399]
				},
				"eye_left": {
					"position": [-1, 0, 0]
				},
				"leg_front_left": {
					"rotation": [0, 15, 0]
				},
				"leg_front_left2": {
					"rotation": [-53.78655, 32.471, 11.76386]
				},
				"leg_left": {
					"rotation": [-29.83588, -11.01326, 0.61082]
				},
				"leg_left2": {
					"rotation": [40.92401, 37.77611, 22.32845]
				},
				"eye_tired_right": {
					"position": [-2, 0, 0]
				},
				"eye_tired_left": {
					"position": [2, 0, 0]
				}
			}
		},
		"animation.nymble.blink": {
			"animation_length": 0.1667,
			"bones": {
				"eye_right": {
					"position": {
						"0.0": [1, 0, 0],
						"0.1667": {
							"pre": [1, 0, 0],
							"post": [0, 0, 0]
						}
					}
				},
				"eye_left": {
					"position": {
						"0.0": [-1, 0, 0],
						"0.1667": {
							"pre": [-1, 0, 0],
							"post": [0, 0, 0]
						}
					}
				},
				"eye_tired_right": {
					"position": {
						"0.0": [-2, 0, 0],
						"0.1667": {
							"pre": [-2, 0, 0],
							"post": [0, 0, 0]
						}
					}
				},
				"eye_tired_left": {
					"position": {
						"0.0": [2, 0, 0],
						"0.1667": {
							"pre": [2, 0, 0],
							"post": [0, 0, 0]
						}
					}
				}
			}
		},
		"animation.nymble.antenna_quirk": {
			"animation_length": 0.7083
		}
	}
}