{
	"format_version": "1.8.0",
	"animations": {
		"animation.skwovet.battle_idle": {
			"loop": true,
			"bones": {
				"leg1": {
					"rotation": [7.58646, "11.41738+math.sin(q.anim_time*90*18/9-0)*1", "9.07423+math.sin(q.anim_time*90*21/7-0)*1"],
					"position": [-1, 0, 1]
				},
				"legminec": {
					"rotation": [15, 0, 0],
					"position": [0, 1, 0]
				},
				"leg2": {
					"rotation": [7.45357, "-3.981698234+math.sin(q.anim_time*90*16/8-0)*1", "-8.0844573786+math.sin(q.anim_time*90*8/4-60)*1"],
					"position": [1, 0, 1]
				},
				"legminec2": {
					"rotation": [15, -17.5, 0],
					"position": [0, 1, -1]
				},
				"torso": {
					"rotation": ["30-math.sin(q.anim_time*90*8/4-0)*1", 0, "0+math.sin(q.anim_time*90*16/8-60)*1"],
					"position": [0, 0, 3]
				},
				"line": {
					"rotation": ["-52.74765+math.sin(q.anim_time*90*16/8-60)*2.5", "15.7627+math.sin(q.anim_time*90*16/8-60)*1", -19.65736],
					"position": [0, 0, -2]
				},
				"line2": {
					"rotation": [-10.31932, "16.55752-math.cos((query.anim_time)*90-1.5-0)*1", 16.84239],
					"position": [-2, 0, -1]
				},
				"line3": {
					"rotation": [-27.58957, 4.43385, -2.31336],
					"position": [0, 0, -4]
				},
				"head": {
					"rotation": ["-18.5023-math.sin(q.anim_time*90*2-2/1-60)*1", -19.13145, "5.9423+math.sin(query.anim_time*90*3-0)*1"]
				},
				"horejas": {
					"rotation": [15, 0, 0],
					"position": [0, 0, 5]
				},
				"hand1": {
					"rotation": [44.92495, -46.7331, "-39.1836126504+math.sin(q.anim_time*90*8/4-60)*1"],
					"position": [2, 2, 3]
				},
				"hand2": {
					"rotation": [37.85619, 42.73866, "29.545370812+math.sin(q.anim_time*90*10/5-60)*1"],
					"position": [-2, 2, 3]
				}
			}
		},
		"animation.skwovet.pose": {
			"loop": true,
			"bones": {
				"leg1": {
					"rotation": [7.58646, 11.41738, 9.07423],
					"position": [-1, 0, 1]
				},
				"legminec": {
					"rotation": [15, 0, 0],
					"position": [0, 1, 0]
				},
				"leg2": {
					"rotation": [7.45357, -3.9817, -8.08446],
					"position": [1, 0, 1]
				},
				"legminec2": {
					"rotation": [15, -17.5, 0],
					"position": [0, 1, -1]
				},
				"torso": {
					"rotation": [30, 0, 0],
					"position": [0, 0, 3]
				},
				"line": {
					"rotation": [-52.74765, 15.7627, -19.65736],
					"position": [0, 0, -2]
				},
				"line2": {
					"rotation": [-10.31932, 16.55752, 16.84239],
					"position": [-2, 0, -1]
				},
				"line3": {
					"rotation": [-27.58957, 4.43385, -2.31336],
					"position": [0, 0, -4]
				},
				"head": {
					"rotation": [-18.5023, -19.13145, 5.9423]
				},
				"horejas": {
					"rotation": [15, 0, 0],
					"position": [0, 0, 5]
				},
				"hand1": {
					"rotation": [44.92495, -46.7331, -39.18361],
					"position": [2, 2, 3]
				},
				"hand2": {
					"rotation": [37.85619, 42.73866, 29.54537],
					"position": [-2, 2, 3]
				}
			}
		},
		"animation.skwovet.special": {
			"loop": "hold_on_last_frame",
			"animation_length": 2.1,
			"bones": {
				"leg1": {
					"rotation": {
						"0.0": {
							"post": [7.58646, 11.41738, 9.07423],
							"lerp_mode": "catmullrom"
						},
						"0.375": {
							"post": [26.04105, 19.08704, 17.97229],
							"lerp_mode": "catmullrom"
						},
						"0.4583": {
							"post": [-0.33203, 24.39719, 15.37705],
							"lerp_mode": "catmullrom"
						},
						"0.5417": {
							"post": [0.98807, 28.74863, 11.66955],
							"lerp_mode": "catmullrom"
						},
						"0.625": {
							"post": [-8.89706, 28.84611, 11.46412],
							"lerp_mode": "catmullrom"
						},
						"1.125": {
							"post": [-21.51193, 28.74863, 11.66955],
							"lerp_mode": "catmullrom"
						},
						"1.1667": [4.23228, 43.7153, 12.91791],
						"2.0": {
							"pre": [7.58646, 11.41738, 9.07423],
							"post": [7.58646, 11.41738, 9.07423],
							"lerp_mode": "catmullrom"
						}
					},
					"position": {
						"0.0": {
							"post": [-1, 0, 1],
							"lerp_mode": "catmullrom"
						},
						"0.4583": {
							"post": [-1, -0.13, 0.27],
							"lerp_mode": "catmullrom"
						},
						"0.5833": {
							"post": [-1, 1, 0],
							"lerp_mode": "catmullrom"
						},
						"1.125": {
							"post": [-1, 1, -1],
							"lerp_mode": "catmullrom"
						},
						"1.1667": [-1, -1, -1],
						"2.0": {
							"pre": [-1, 0, 1],
							"post": [-1, 0, 1],
							"lerp_mode": "catmullrom"
						}
					}
				},
				"legminec": {
					"rotation": {
						"0.0": {
							"post": [15, 0, 0],
							"lerp_mode": "catmullrom"
						},
						"0.375": {
							"post": [2.5, 0, 0],
							"lerp_mode": "catmullrom"
						},
						"0.625": {
							"post": [15, 0, 0],
							"lerp_mode": "catmullrom"
						},
						"2.0": {
							"post": [15, 0, 0],
							"lerp_mode": "catmullrom"
						}
					},
					"position": {
						"0.0": {
							"post": [0, 1, 0],
							"lerp_mode": "catmullrom"
						},
						"0.625": {
							"post": [0, 1, 0],
							"lerp_mode": "catmullrom"
						},
						"2.0": {
							"post": [0, 1, 0],
							"lerp_mode": "catmullrom"
						}
					}
				},
				"leg2": {
					"rotation": {
						"0.0": {
							"post": [7.45357, -3.9817, -8.08446],
							"lerp_mode": "catmullrom"
						},
						"0.375": {
							"post": [25.62341, -16.31928, -17.49087],
							"lerp_mode": "catmullrom"
						},
						"0.5417": {
							"post": [0.98807, -28.74863, -11.66955],
							"lerp_mode": "catmullrom"
						},
						"2.0": {
							"post": [7.45357, -3.9817, -8.08446],
							"lerp_mode": "catmullrom"
						}
					},
					"position": {
						"0.0": {
							"post": [1, 0, 1],
							"lerp_mode": "catmullrom"
						},
						"1.125": {
							"post": [1, 0, 1],
							"lerp_mode": "catmullrom"
						},
						"2.0": {
							"post": [1, 0, 1],
							"lerp_mode": "catmullrom"
						}
					}
				},
				"legminec2": {
					"rotation": {
						"0.0": {
							"post": [15, -17.5, 0],
							"lerp_mode": "catmullrom"
						},
						"0.375": {
							"post": [-8.2087, -0.55991, 4.46397],
							"lerp_mode": "catmullrom"
						},
						"0.625": {
							"post": [15, -17.5, 0],
							"lerp_mode": "catmullrom"
						},
						"2.0": {
							"post": [15, -17.5, 0],
							"lerp_mode": "catmullrom"
						}
					},
					"position": {
						"0.0": {
							"post": [0, 1, -1],
							"lerp_mode": "catmullrom"
						},
						"0.625": {
							"post": [0, 1, -1],
							"lerp_mode": "catmullrom"
						},
						"2.0": {
							"post": [0, 1, -1],
							"lerp_mode": "catmullrom"
						}
					}
				},
				"torso": {
					"rotation": {
						"0.0": {
							"post": [30, 0, 0],
							"lerp_mode": "catmullrom"
						},
						"0.375": {
							"post": [45.09468, 4.32875, 2.50477],
							"lerp_mode": "catmullrom"
						},
						"0.625": {
							"post": [-6, 0, 0],
							"lerp_mode": "catmullrom"
						},
						"1.0417": {
							"post": [1.5, 0, 0],
							"lerp_mode": "catmullrom"
						},
						"1.125": {
							"post": [-3, 0, 0],
							"lerp_mode": "catmullrom"
						},
						"1.1667": [47, 0, 0],
						"2.0": {
							"pre": [30, 0, 0],
							"post": [30, 0, 0],
							"lerp_mode": "catmullrom"
						}
					},
					"position": {
						"0.0": {
							"post": [0, 0, 3],
							"lerp_mode": "catmullrom"
						},
						"0.375": {
							"post": [0, 0, 3.2],
							"lerp_mode": "catmullrom"
						},
						"0.625": {
							"post": [0, 0, 1],
							"lerp_mode": "catmullrom"
						},
						"1.0417": {
							"post": [0, 0, 1],
							"lerp_mode": "catmullrom"
						},
						"1.125": {
							"post": [0, 0, 1],
							"lerp_mode": "catmullrom"
						},
						"1.1667": [0, 0, 4],
						"2.0": {
							"pre": [0, 0, 3],
							"post": [0, 0, 3],
							"lerp_mode": "catmullrom"
						}
					}
				},
				"line": {
					"rotation": {
						"0.0": {
							"post": [-52.74765, 15.7627, -19.65736],
							"lerp_mode": "catmullrom"
						},
						"0.375": {
							"post": [-69.01886, -3.9614, 0.41858],
							"lerp_mode": "catmullrom"
						},
						"0.625": {
							"post": [-50.02687, -1.60667, 1.91561],
							"lerp_mode": "catmullrom"
						},
						"1.125": {
							"post": [-55.03058, -5.93257, -0.80537],
							"lerp_mode": "catmullrom"
						},
						"1.1667": [-73.42804, -6.10263, -0.91236],
						"2.0": {
							"pre": [-52.74765, 15.7627, -19.65736],
							"post": [-52.74765, 15.7627, -19.65736],
							"lerp_mode": "catmullrom"
						}
					},
					"position": {
						"0.0": {
							"post": [0, 0, -2],
							"lerp_mode": "catmullrom"
						},
						"0.625": {
							"post": [0, 0, -2],
							"lerp_mode": "catmullrom"
						},
						"2.0": {
							"post": [0, 0, -2],
							"lerp_mode": "catmullrom"
						}
					}
				},
				"line2": {
					"rotation": {
						"0.0": {
							"post": [-10.31932, 16.55752, 16.84239],
							"lerp_mode": "catmullrom"
						},
						"0.375": {
							"post": [-32.05531, 3.60263, -1.14433],
							"lerp_mode": "catmullrom"
						},
						"0.625": {
							"post": [-7.35401, -1.21451, -0.10001],
							"lerp_mode": "catmullrom"
						},
						"1.125": {
							"post": [-22.60882, -1.29757, -0.082],
							"lerp_mode": "catmullrom"
						},
						"1.1667": [36.46121, -1.29159, -0.0833],
						"2.0": {
							"pre": [-10.31932, 16.55752, 16.84239],
							"post": [-10.31932, 16.55752, 16.84239],
							"lerp_mode": "catmullrom"
						}
					},
					"position": {
						"0.0": {
							"post": [-2, 0, -1],
							"lerp_mode": "catmullrom"
						},
						"0.375": {
							"post": [0, 0, -2],
							"lerp_mode": "catmullrom"
						},
						"0.625": {
							"post": [0, 0, -1],
							"lerp_mode": "catmullrom"
						},
						"1.125": {
							"post": [0, -0.96, -2.11],
							"lerp_mode": "catmullrom"
						},
						"1.1667": [0, -1, 2],
						"2.0": {
							"pre": [-2, 0, -1],
							"post": [-2, 0, -1],
							"lerp_mode": "catmullrom"
						}
					}
				},
				"line3": {
					"rotation": {
						"0.0": {
							"post": [-27.58957, 4.43385, -2.31336],
							"lerp_mode": "catmullrom"
						},
						"0.625": {
							"post": [-27.58957, 4.43385, -2.31336],
							"lerp_mode": "catmullrom"
						},
						"2.0": {
							"post": [-27.58957, 4.43385, -2.31336],
							"lerp_mode": "catmullrom"
						}
					},
					"position": {
						"0.0": {
							"post": [0, 0, -4],
							"lerp_mode": "catmullrom"
						},
						"0.625": {
							"post": [0, 0, -4],
							"lerp_mode": "catmullrom"
						},
						"2.0": {
							"post": [0, 0, -4],
							"lerp_mode": "catmullrom"
						}
					}
				},
				"head": {
					"rotation": {
						"0.0": {
							"post": [-18.5023, -19.13145, 5.9423],
							"lerp_mode": "catmullrom"
						},
						"0.3333": {
							"post": [20.03668, -2.47337, 0.46129],
							"lerp_mode": "catmullrom"
						},
						"0.625": {
							"post": [-29.92904, -2.69207, -0.0375],
							"lerp_mode": "catmullrom"
						},
						"1.125": {
							"post": [-34.92904, -2.69207, -0.0375],
							"lerp_mode": "catmullrom"
						},
						"1.1667": [15.07096, -2.69207, -0.0375],
						"1.4167": {
							"pre": [1.03437, -6.43446, 1.32379],
							"post": [1.03437, -6.43446, 1.32379],
							"lerp_mode": "catmullrom"
						},
						"2.0": {
							"post": [-18.5023, -19.13145, 5.9423],
							"lerp_mode": "catmullrom"
						}
					},
					"position": {
						"0.0": [0, 0, 0],
						"1.125": {
							"pre": [0, 0, 0],
							"post": [0, 0, 0],
							"lerp_mode": "catmullrom"
						},
						"1.1667": [0, "0-math.sin(q.anim_time*90*54-90)*0.3", 0],
						"1.25": [0, "0-math.sin(q.anim_time*90*54-90)*0.3", 0],
						"1.3333": [0, "0-math.sin(q.anim_time*90*54-90)*0.3", 0],
						"1.5": [0, 0, 0]
					}
				},
				"horejas": {
					"rotation": [15, 0, 0],
					"position": [0, 0, 5]
				},
				"hand1": {
					"rotation": {
						"0.0": {
							"post": [44.92495, -46.7331, -39.18361],
							"lerp_mode": "catmullrom"
						},
						"0.375": {
							"post": [131.94715, -52.69886, -140.22264],
							"lerp_mode": "catmullrom"
						},
						"0.4583": {
							"post": [65.83851, -29.96784, -49.84918],
							"lerp_mode": "catmullrom"
						},
						"0.5417": {
							"post": [40.4755, -22.0457, -36.08851],
							"lerp_mode": "catmullrom"
						},
						"1.0417": {
							"post": [38.38442, -14.31249, -29.40819],
							"lerp_mode": "catmullrom"
						},
						"1.1667": {
							"post": [-17.63961, 11.70406, -38.1994],
							"lerp_mode": "catmullrom"
						},
						"1.2083": {
							"post": [23.5495, 17.21298, 23.03647],
							"lerp_mode": "catmullrom"
						},
						"2.0": {
							"post": [44.92495, -46.7331, -39.18361],
							"lerp_mode": "catmullrom"
						}
					},
					"position": {
						"0.0": {
							"post": [2, 2, 3],
							"lerp_mode": "catmullrom"
						},
						"0.375": {
							"post": [-1, 1, 3],
							"lerp_mode": "catmullrom"
						},
						"0.5417": {
							"post": [2.5, 2.2, 3],
							"lerp_mode": "catmullrom"
						},
						"1.0417": {
							"post": [2.5, 2.2, 3],
							"lerp_mode": "catmullrom"
						},
						"1.1667": {
							"post": [3.5, 2.2, -2],
							"lerp_mode": "catmullrom"
						},
						"1.2083": {
							"post": [-0.5, -0.8, 1],
							"lerp_mode": "catmullrom"
						},
						"2.0": {
							"post": [2, 2, 3],
							"lerp_mode": "catmullrom"
						}
					}
				},
				"hand2": {
					"rotation": {
						"0.0": {
							"post": [37.85619, 42.73866, 29.54537],
							"lerp_mode": "catmullrom"
						},
						"0.375": {
							"post": [131.94715, 52.69886, 140.22264],
							"lerp_mode": "catmullrom"
						},
						"0.4583": {
							"post": [65.92183, 30.39065, 50.22225],
							"lerp_mode": "catmullrom"
						},
						"0.5417": {
							"post": [40.4755, 22.0457, 36.08851],
							"lerp_mode": "catmullrom"
						},
						"1.0417": {
							"post": [38.38442, 14.31249, 29.40819],
							"lerp_mode": "catmullrom"
						},
						"1.1667": {
							"post": [-17.63961, -11.70406, 38.1994],
							"lerp_mode": "catmullrom"
						},
						"1.2083": [23.5495, -17.21298, -23.03647],
						"2.0": {
							"pre": [37.85619, 42.73866, 29.54537],
							"post": [37.85619, 42.73866, 29.54537],
							"lerp_mode": "catmullrom"
						}
					},
					"position": {
						"0.0": {
							"post": [-2, 2, 3],
							"lerp_mode": "catmullrom"
						},
						"0.375": {
							"post": [1, 1, 3],
							"lerp_mode": "catmullrom"
						},
						"0.5417": {
							"post": [-2.5, 2.2, 3],
							"lerp_mode": "catmullrom"
						},
						"1.0417": {
							"post": [-2.5, 2.2, 3],
							"lerp_mode": "catmullrom"
						},
						"1.1667": {
							"post": [-3.5, 2.2, -2],
							"lerp_mode": "catmullrom"
						},
						"1.2083": [0.5, -0.8, 1],
						"2.0": {
							"pre": [-2, 2, 3],
							"post": [-2, 2, 3],
							"lerp_mode": "catmullrom"
						}
					}
				},
				"torsomini": {
					"rotation": {
						"0.0": {
							"post": [0, 0, 0],
							"lerp_mode": "catmullrom"
						},
						"0.375": {
							"post": [15, 0, 0],
							"lerp_mode": "catmullrom"
						},
						"0.6667": {
							"post": [-7.5, 0, 0],
							"lerp_mode": "catmullrom"
						},
						"1.0417": {
							"post": [-7.5, 0, 0],
							"lerp_mode": "catmullrom"
						},
						"1.125": {
							"post": [-17.5, 0, 0],
							"lerp_mode": "catmullrom"
						},
						"1.2083": [12.5, 0, 0],
						"2.0": {
							"pre": [0, 0, 0],
							"post": [0, 0, 0],
							"lerp_mode": "catmullrom"
						}
					},
					"position": {
						"0.0": {
							"post": [0, 0, 0],
							"lerp_mode": "catmullrom"
						},
						"0.375": {
							"post": [0, 0, 2],
							"lerp_mode": "catmullrom"
						},
						"0.625": {
							"post": [0, 0, -1],
							"lerp_mode": "catmullrom"
						},
						"1.0417": {
							"post": [0, 0, -1],
							"lerp_mode": "catmullrom"
						},
						"1.125": {
							"post": [0, 1, -2.2],
							"lerp_mode": "catmullrom"
						},
						"1.2083": [0, 0, 1.5],
						"2.0": {
							"pre": [0, 0, 0],
							"post": [0, 0, 0],
							"lerp_mode": "catmullrom"
						}
					}
				},
				"eye1": {
					"position": {
						"0.0": [0, 0, 0],
						"1.1667": {
							"pre": [0, 0, 0],
							"post": [0, 0, 1]
						},
						"2.0": {
							"pre": [0, 0, 1],
							"post": [0, 0, 0]
						}
					}
				},
				"eye2": {
					"position": {
						"0.0": [0, 0, 0],
						"1.1667": {
							"pre": [0, 0, 0],
							"post": [0, 0, 1]
						},
						"2.0": {
							"pre": [0, 0, 1],
							"post": [0, 0, 0]
						}
					}
				},
				"smilept": {
					"position": {
						"0.0": [0, 0, 0],
						"0.625": {
							"pre": [0, 0, 0],
							"post": [0, 0, 1]
						},
						"1.1667": {
							"pre": [0, 0, 1],
							"post": [0, 0, 0]
						},
						"2.0": [0, 0, 0]
					}
				},
				"smile_atrese": {
					"position": {
						"0.0": [0, 0, 0],
						"0.625": {
							"pre": [0, 0, 0],
							"post": [0, 0, -1]
						},
						"1.1667": {
							"pre": [0, 0, -1],
							"post": [0, 0, 0]
						},
						"2.0": [0, 0, 0]
					}
				},
				"bone": {
					"position": {
						"0.0": [0, 0, 0],
						"0.625": {
							"pre": [0, 0, 0],
							"post": [0, 0.5, 0.99]
						},
						"1.1667": {
							"pre": [0, 0.5, 0.99],
							"post": [0, 0, 0]
						},
						"2.0": [0, 0, 0]
					}
				},
				"ceja1": {
					"position": {
						"0.0": [0, 0, 0],
						"0.6667": {
							"pre": [0, 0, 0],
							"post": [0, 0, -1]
						},
						"2.0": {
							"pre": [0, 0, -1],
							"post": [0, 0, 0]
						}
					}
				},
				"ceja2": {
					"position": {
						"0.0": [0, 0, 0],
						"0.6667": {
							"pre": [0, 0, 0],
							"post": [0, 0, -1]
						},
						"2.0": {
							"pre": [0, 0, -1],
							"post": [0, 0, 0]
						}
					}
				}
			}
		},
		"animation.skwovet.status": {
			"animation_length": 1.75,
			"bones": {
				"leg1": {
					"rotation": {
						"0.0": {
							"post": [7.58646, 11.41738, 9.07423],
							"lerp_mode": "catmullrom"
						},
						"0.25": {
							"post": [7.58646, 11.41738, 9.07423],
							"lerp_mode": "catmullrom"
						},
						"0.4167": {
							"post": [23.43495, 9.46176, 13.75367],
							"lerp_mode": "catmullrom"
						},
						"0.6667": {
							"post": [-9.91354, 11.41738, 9.07423],
							"lerp_mode": "catmullrom"
						},
						"1.0": {
							"post": [-9.91354, 11.41738, 9.07423],
							"lerp_mode": "catmullrom"
						},
						"1.25": {
							"post": [-9.91354, 11.41738, 9.07423],
							"lerp_mode": "catmullrom"
						},
						"1.5": {
							"post": [7.58646, 11.41738, 9.07423],
							"lerp_mode": "catmullrom"
						},
						"1.75": {
							"post": [7.58646, 11.41738, 9.07423],
							"lerp_mode": "catmullrom"
						}
					},
					"position": {
						"0.0": {
							"post": [-1, 0, 1],
							"lerp_mode": "catmullrom"
						},
						"0.25": {
							"post": [-1, 0, 1],
							"lerp_mode": "catmullrom"
						},
						"1.5": {
							"post": [-1, 0, 1],
							"lerp_mode": "catmullrom"
						},
						"1.75": {
							"post": [-1, 0, 1],
							"lerp_mode": "catmullrom"
						}
					}
				},
				"legminec": {
					"rotation": {
						"0.0": [15, 0, 0],
						"0.25": [15, 0, 0],
						"0.4167": [12.5, 0, 0],
						"0.6667": [27.5, 0, 0],
						"1.0": [27.5, 0, 0],
						"1.25": [27.5, 0, 0],
						"1.5": [15, 0, 0],
						"1.75": [15, 0, 0]
					},
					"position": {
						"0.0": [0, 1, 0],
						"0.25": [0, 1, 0],
						"0.6667": [0, 1, 1],
						"1.0": [0, 1, 1],
						"1.25": [0, 1, 1],
						"1.5": [0, 1, 0],
						"1.75": [0, 1, 0]
					}
				},
				"leg2": {
					"rotation": {
						"0.0": {
							"post": [7.45357, -3.9817, -8.08446],
							"lerp_mode": "catmullrom"
						},
						"0.25": {
							"post": [7.45357, -3.9817, -8.08446],
							"lerp_mode": "catmullrom"
						},
						"0.4167": {
							"post": [25.18488, -1.86203, -12.61908],
							"lerp_mode": "catmullrom"
						},
						"0.6667": {
							"post": [-5.04643, -3.9817, -8.08446],
							"lerp_mode": "catmullrom"
						},
						"1.0": {
							"post": [-5.04643, -3.9817, -8.08446],
							"lerp_mode": "catmullrom"
						},
						"1.25": {
							"post": [-5.04643, -3.9817, -8.08446],
							"lerp_mode": "catmullrom"
						},
						"1.5": {
							"post": [7.45357, -3.9817, -8.08446],
							"lerp_mode": "catmullrom"
						},
						"1.75": {
							"post": [7.45357, -3.9817, -8.08446],
							"lerp_mode": "catmullrom"
						}
					},
					"position": {
						"0.0": {
							"post": [1, 0, 1],
							"lerp_mode": "catmullrom"
						},
						"0.25": {
							"post": [1, 0, 1],
							"lerp_mode": "catmullrom"
						},
						"1.5": {
							"post": [1, 0, 1],
							"lerp_mode": "catmullrom"
						},
						"1.75": {
							"post": [1, 0, 1],
							"lerp_mode": "catmullrom"
						}
					}
				},
				"legminec2": {
					"rotation": {
						"0.0": [15, -17.5, 0],
						"0.25": [15, -17.5, 0],
						"0.4167": [10, -17.5, 0],
						"0.6667": [27.5, 0, 0],
						"1.0": [27.5, 0, 0],
						"1.25": [27.5, 0, 0],
						"1.5": [15, -17.5, 0],
						"1.75": [15, -17.5, 0]
					},
					"position": {
						"0.0": [0, 1, -1],
						"0.25": [0, 1, -1],
						"0.6667": [0, 1, 1],
						"1.0": [0, 1, 1],
						"1.25": [0, 1, 1],
						"1.5": [0, 1, -1],
						"1.75": [0, 1, -1]
					}
				},
				"torso": {
					"rotation": {
						"0.0": [30, 0, 0],
						"0.25": {
							"pre": [30, 0, 0],
							"post": [30, 0, 0],
							"lerp_mode": "catmullrom"
						},
						"0.4167": {
							"post": [45.09468, 4.32875, 2.50477],
							"lerp_mode": "catmullrom"
						},
						"0.6667": [2.59468, "4.3287500131+Math.sin(q.anim_time*90*24-180)*8", "2.5047687216+math.cos(q.anim_time*90*24-360)*3"],
						"1.0": [2.59468, "4.3287500131+Math.sin(q.anim_time*90*24-180)*8", "2.5047687216+math.cos(q.anim_time*90*24-360)*3"],
						"1.25": [2.59468, "4.3287500131+Math.sin(q.anim_time*90*24-180)*8", "2.5047687216+math.cos(q.anim_time*90*24-360)*3"],
						"1.5": [30, 0, 0],
						"1.75": [30, 0, 0]
					},
					"position": {
						"0.0": [0, 0, 3],
						"0.25": {
							"pre": [0, 0, 3],
							"post": [0, 0, 3],
							"lerp_mode": "catmullrom"
						},
						"0.4167": {
							"post": [0, 0, 3.2],
							"lerp_mode": "catmullrom"
						},
						"0.6667": [0, 0, 1],
						"1.0": [0, 0, 1],
						"1.25": [0, 0, 1],
						"1.5": [0, 0, 3],
						"1.75": [0, 0, 3]
					}
				},
				"line": {
					"rotation": {
						"0.0": {
							"post": [-52.74765, 15.7627, -19.65736],
							"lerp_mode": "catmullrom"
						},
						"0.25": {
							"post": [-52.74765, 15.7627, -19.65736],
							"lerp_mode": "catmullrom"
						},
						"0.4167": {
							"post": [-72.32873, -5.43385, -1.30864],
							"lerp_mode": "catmullrom"
						},
						"0.6667": {
							"post": [-27.32873, "-5.4338495612+Math.cos(q.anim_time*90*24-360)*8", "-1.3086372382+math.sin(q.anim_time*90*24-180)*4"],
							"lerp_mode": "catmullrom"
						},
						"1.0": {
							"post": [-27.32873, "-5.4338495612+Math.cos(q.anim_time*90*24-360)*8", "-1.3086372382+math.sin(q.anim_time*90*24-180)*4"],
							"lerp_mode": "catmullrom"
						},
						"1.25": {
							"post": [-27.32873, "-5.4338495612+Math.cos(q.anim_time*90*24-360)*8", "-1.3086372382+math.sin(q.anim_time*90*24-180)*4"],
							"lerp_mode": "catmullrom"
						},
						"1.5": {
							"post": [-52.74765, 15.7627, -19.65736],
							"lerp_mode": "catmullrom"
						},
						"1.75": {
							"post": [-52.74765, 15.7627, -19.65736],
							"lerp_mode": "catmullrom"
						}
					},
					"position": {
						"0.0": {
							"post": [0, 0, -2],
							"lerp_mode": "catmullrom"
						},
						"0.25": {
							"post": [0, 0, -2],
							"lerp_mode": "catmullrom"
						},
						"1.5": {
							"post": [0, 0, -2],
							"lerp_mode": "catmullrom"
						},
						"1.75": {
							"post": [0, 0, -2],
							"lerp_mode": "catmullrom"
						}
					}
				},
				"line2": {
					"rotation": {
						"0.0": {
							"post": [-10.31932, 16.55752, 16.84239],
							"lerp_mode": "catmullrom"
						},
						"0.25": {
							"post": [-10.31932, 16.55752, 16.84239],
							"lerp_mode": "catmullrom"
						},
						"0.4167": {
							"post": [17.59381, 0.77714, -0.62824],
							"lerp_mode": "catmullrom"
						},
						"0.6667": {
							"post": [-19.90619, "0.7771430386+Math.cos(q.anim_time*90*24-180)*8", -0.62824],
							"lerp_mode": "catmullrom"
						},
						"1.0": {
							"post": [-19.90619, "0.7771430386+Math.cos(q.anim_time*90*24-180)*8", -0.62824],
							"lerp_mode": "catmullrom"
						},
						"1.25": {
							"post": [-19.90619, "0.7771430386+Math.cos(q.anim_time*90*24-180)*8", -0.62824],
							"lerp_mode": "catmullrom"
						},
						"1.5": {
							"post": [-10.31932, 16.55752, 16.84239],
							"lerp_mode": "catmullrom"
						},
						"1.75": {
							"post": [-10.31932, 16.55752, 16.84239],
							"lerp_mode": "catmullrom"
						}
					},
					"position": {
						"0.0": {
							"post": [-2, 0, -1],
							"lerp_mode": "catmullrom"
						},
						"0.25": {
							"post": [-2, 0, -1],
							"lerp_mode": "catmullrom"
						},
						"0.4167": {
							"post": [0, -1, 1],
							"lerp_mode": "catmullrom"
						},
						"0.6667": {
							"post": [-0.23, -0.89, -1.23],
							"lerp_mode": "catmullrom"
						},
						"1.5": {
							"post": [-2, 0, -1],
							"lerp_mode": "catmullrom"
						},
						"1.75": {
							"post": [-2, 0, -1],
							"lerp_mode": "catmullrom"
						}
					}
				},
				"line3": {
					"rotation": {
						"0.0": [-27.58957, 4.43385, -2.31336],
						"0.6667": [-27.5, 0, 0],
						"1.5": [-27.58957, 4.43385, -2.31336],
						"1.75": [-27.58957, 4.43385, -2.31336]
					},
					"position": {
						"0.0": [0, 0, -4],
						"1.5": [0, 0, -4],
						"1.75": [0, 0, -4]
					}
				},
				"head": {
					"rotation": {
						"0.0": [-18.5023, -19.13145, 5.9423],
						"0.25": [-18.5023, -19.13145, 5.9423],
						"0.4167": [10.00919, -2.37925, 0.88703],
						"0.6667": ["-19.9908135517+Math.cos(q.anim_time*90*30)*8", -2.37925, 0.88703],
						"1.0": ["-19.9908135517+Math.cos(q.anim_time*90*30)*8", -2.37925, 0.88703],
						"1.25": ["-19.9908135517+Math.cos(q.anim_time*90*30)*8", -2.37925, 0.88703],
						"1.5": [-18.5023, -19.13145, 5.9423],
						"1.75": [-18.5023, -19.13145, 5.9423]
					}
				},
				"horejas": {
					"rotation": [15, 0, 0],
					"position": [0, 0, 5]
				},
				"hand1": {
					"rotation": {
						"0.0": {
							"post": [44.92495, -46.7331, -39.18361],
							"lerp_mode": "catmullrom"
						},
						"0.25": {
							"post": [44.92495, -46.7331, -39.18361],
							"lerp_mode": "catmullrom"
						},
						"0.4167": {
							"post": [131.94715, -52.69886, -140.22264],
							"lerp_mode": "catmullrom"
						},
						"0.6667": {
							"post": [21.50219, -16.49176, 29.64002],
							"lerp_mode": "catmullrom"
						},
						"1.0": {
							"post": [21.50219, -16.49176, 29.64002],
							"lerp_mode": "catmullrom"
						},
						"1.25": {
							"post": [21.50219, -16.49176, 29.64002],
							"lerp_mode": "catmullrom"
						},
						"1.5": {
							"post": [44.92495, -46.7331, -39.18361],
							"lerp_mode": "catmullrom"
						},
						"1.75": {
							"post": [44.92495, -46.7331, -39.18361],
							"lerp_mode": "catmullrom"
						}
					},
					"position": {
						"0.0": {
							"post": [2, 2, 3],
							"lerp_mode": "catmullrom"
						},
						"0.25": {
							"post": [2, 2, 3],
							"lerp_mode": "catmullrom"
						},
						"0.4167": {
							"post": [-1, 1, 3],
							"lerp_mode": "catmullrom"
						},
						"0.5": {
							"post": [-1.52, 1.33, 3.41],
							"lerp_mode": "catmullrom"
						},
						"0.5833": {
							"post": [0.21, 0.19, 2.23],
							"lerp_mode": "catmullrom"
						},
						"0.6667": {
							"post": [-2, -1, 1],
							"lerp_mode": "catmullrom"
						},
						"1.0": {
							"post": [-2, -1, 1],
							"lerp_mode": "catmullrom"
						},
						"1.25": {
							"post": [-2, -1, 1],
							"lerp_mode": "catmullrom"
						},
						"1.5": {
							"post": [2, 2, 3],
							"lerp_mode": "catmullrom"
						},
						"1.75": {
							"post": [2, 2, 3],
							"lerp_mode": "catmullrom"
						}
					}
				},
				"hand2": {
					"rotation": {
						"0.0": {
							"post": [37.85619, 42.73866, 29.54537],
							"lerp_mode": "catmullrom"
						},
						"0.25": {
							"post": [37.85619, 42.73866, 29.54537],
							"lerp_mode": "catmullrom"
						},
						"0.4167": {
							"post": [131.94715, 52.69886, 140.22264],
							"lerp_mode": "catmullrom"
						},
						"0.6667": {
							"post": [21.50219, 16.49176, -29.64002],
							"lerp_mode": "catmullrom"
						},
						"1.0": {
							"post": [21.50219, 16.49176, -29.64002],
							"lerp_mode": "catmullrom"
						},
						"1.25": {
							"post": [21.50219, 16.49176, -29.64002],
							"lerp_mode": "catmullrom"
						},
						"1.5": {
							"post": [37.85619, 42.73866, 29.54537],
							"lerp_mode": "catmullrom"
						},
						"1.75": {
							"post": [37.85619, 42.73866, 29.54537],
							"lerp_mode": "catmullrom"
						}
					},
					"position": {
						"0.0": {
							"post": [-2, 2, 3],
							"lerp_mode": "catmullrom"
						},
						"0.25": {
							"post": [-2, 2, 3],
							"lerp_mode": "catmullrom"
						},
						"0.4167": {
							"post": [1, 1, 3],
							"lerp_mode": "catmullrom"
						},
						"0.5": {
							"post": [1.52, 1.33, 3.41],
							"lerp_mode": "catmullrom"
						},
						"0.5833": {
							"post": [-0.21, 0.19, 2.23],
							"lerp_mode": "catmullrom"
						},
						"0.6667": {
							"post": [2, -1, 1],
							"lerp_mode": "catmullrom"
						},
						"1.0": {
							"post": [2, -1, 1],
							"lerp_mode": "catmullrom"
						},
						"1.25": {
							"post": [2, -1, 1],
							"lerp_mode": "catmullrom"
						},
						"1.5": {
							"post": [-2, 2, 3],
							"lerp_mode": "catmullrom"
						},
						"1.75": {
							"post": [-2, 2, 3],
							"lerp_mode": "catmullrom"
						}
					}
				},
				"torsomini": {
					"rotation": {
						"0.0": [0, 0, 0],
						"0.4167": [15, 0, 0],
						"0.6667": [-2.5, 0, 0],
						"1.0": [-2.5, 0, 0],
						"1.25": [-2.5, 0, 0],
						"1.5": [0, 0, 0],
						"1.75": [0, 0, 0]
					},
					"position": {
						"0.0": [0, 0, 0],
						"0.4167": [0, 0, 2],
						"0.6667": [0, 0, -0.6],
						"1.0": [0, 0, -0.6],
						"1.25": [0, 0, -0.6],
						"1.5": [0, 0, 0],
						"1.75": [0, 0, 0]
					}
				},
				"smilept": {
					"position": {
						"0.0": [0, 0, 0],
						"0.6667": {
							"pre": [0, 0, 0],
							"post": [0, 0, 1]
						},
						"1.0": {
							"pre": [0, 0, 1],
							"post": [0, 0, 1]
						},
						"1.25": {
							"pre": [0, 0, 1],
							"post": [0, 0, 1]
						},
						"1.5": {
							"pre": [0, 0, 1],
							"post": [0, 0, 0]
						},
						"1.75": {
							"pre": [0, 0, 0],
							"post": [0, 0, 0]
						}
					}
				},
				"smile_atrese": {
					"position": {
						"0.0": [0, 0, 0],
						"0.6667": {
							"pre": [0, 0, 0],
							"post": [0, 0, -1]
						},
						"1.0": {
							"pre": [0, 0, -1],
							"post": [0, 0, -1]
						},
						"1.25": {
							"pre": [0, 0, -1],
							"post": [0, 0, -1]
						},
						"1.5": {
							"pre": [0, 0, -1],
							"post": [0, 0, 0]
						},
						"1.75": {
							"pre": [0, 0, 0],
							"post": [0, 0, 0]
						}
					}
				},
				"bone": {
					"position": {
						"0.0": [0, 0, 0],
						"0.6667": {
							"pre": [0, 0, 0],
							"post": [0, 0.5, 0.99]
						},
						"1.0": {
							"pre": [0, 0.5, 0.99],
							"post": [0, 0.5, 0.99]
						},
						"1.25": {
							"pre": [0, 0.5, 0.99],
							"post": [0, 0.5, 0.99]
						},
						"1.5": {
							"pre": [0, 0.5, 0.99],
							"post": [0, 0, 0]
						},
						"1.75": {
							"pre": [0, 0, 0],
							"post": [0, 0, 0]
						}
					}
				},
				"hands": {
					"position": {
						"0.0": [0, 0, 0],
						"0.6667": [0, 1, 0],
						"1.0": [0, 1, 0],
						"1.25": [0, 1, 0],
						"1.5": [0, 0, 0],
						"1.75": [0, 0, 0]
					}
				}
			}
		},
		"animation.skwovet.battle_cry": {
			"animation_length": 1.75,
			"bones": {
				"leg1": {
					"rotation": {
						"0.0": {
							"post": [7.58646, 11.41738, 9.07423],
							"lerp_mode": "catmullrom"
						},
						"0.25": {
							"post": [7.58646, 11.41738, 9.07423],
							"lerp_mode": "catmullrom"
						},
						"0.4167": {
							"post": [23.43495, 9.46176, 13.75367],
							"lerp_mode": "catmullrom"
						},
						"0.6667": {
							"post": [-9.91354, 11.41738, 9.07423],
							"lerp_mode": "catmullrom"
						},
						"1.0": {
							"post": [-9.91354, 11.41738, 9.07423],
							"lerp_mode": "catmullrom"
						},
						"1.25": {
							"post": [-9.91354, 11.41738, 9.07423],
							"lerp_mode": "catmullrom"
						},
						"1.5": {
							"post": [7.58646, 11.41738, 9.07423],
							"lerp_mode": "catmullrom"
						},
						"1.75": {
							"post": [7.58646, 11.41738, 9.07423],
							"lerp_mode": "catmullrom"
						}
					},
					"position": {
						"0.0": {
							"post": [-1, 0, 1],
							"lerp_mode": "catmullrom"
						},
						"0.25": {
							"post": [-1, 0, 1],
							"lerp_mode": "catmullrom"
						},
						"1.5": {
							"post": [-1, 0, 1],
							"lerp_mode": "catmullrom"
						},
						"1.75": {
							"post": [-1, 0, 1],
							"lerp_mode": "catmullrom"
						}
					}
				},
				"legminec": {
					"rotation": {
						"0.0": [15, 0, 0],
						"0.25": [15, 0, 0],
						"0.4167": [12.5, 0, 0],
						"0.6667": [27.5, 0, 0],
						"1.0": [27.5, 0, 0],
						"1.25": [27.5, 0, 0],
						"1.5": [15, 0, 0],
						"1.75": [15, 0, 0]
					},
					"position": {
						"0.0": [0, 1, 0],
						"0.25": [0, 1, 0],
						"0.6667": [0, 1, 1],
						"1.0": [0, 1, 1],
						"1.25": [0, 1, 1],
						"1.5": [0, 1, 0],
						"1.75": [0, 1, 0]
					}
				},
				"leg2": {
					"rotation": {
						"0.0": {
							"post": [7.45357, -3.9817, -8.08446],
							"lerp_mode": "catmullrom"
						},
						"0.25": {
							"post": [7.45357, -3.9817, -8.08446],
							"lerp_mode": "catmullrom"
						},
						"0.4167": {
							"post": [25.18488, -1.86203, -12.61908],
							"lerp_mode": "catmullrom"
						},
						"0.6667": {
							"post": [-5.04643, -3.9817, -8.08446],
							"lerp_mode": "catmullrom"
						},
						"1.0": {
							"post": [-5.04643, -3.9817, -8.08446],
							"lerp_mode": "catmullrom"
						},
						"1.25": {
							"post": [-5.04643, -3.9817, -8.08446],
							"lerp_mode": "catmullrom"
						},
						"1.5": {
							"post": [7.45357, -3.9817, -8.08446],
							"lerp_mode": "catmullrom"
						},
						"1.75": {
							"post": [7.45357, -3.9817, -8.08446],
							"lerp_mode": "catmullrom"
						}
					},
					"position": {
						"0.0": {
							"post": [1, 0, 1],
							"lerp_mode": "catmullrom"
						},
						"0.25": {
							"post": [1, 0, 1],
							"lerp_mode": "catmullrom"
						},
						"1.5": {
							"post": [1, 0, 1],
							"lerp_mode": "catmullrom"
						},
						"1.75": {
							"post": [1, 0, 1],
							"lerp_mode": "catmullrom"
						}
					}
				},
				"legminec2": {
					"rotation": {
						"0.0": [15, -17.5, 0],
						"0.25": [15, -17.5, 0],
						"0.4167": [10, -17.5, 0],
						"0.6667": [27.5, 0, 0],
						"1.0": [27.5, 0, 0],
						"1.25": [27.5, 0, 0],
						"1.5": [15, -17.5, 0],
						"1.75": [15, -17.5, 0]
					},
					"position": {
						"0.0": [0, 1, -1],
						"0.25": [0, 1, -1],
						"0.6667": [0, 1, 1],
						"1.0": [0, 1, 1],
						"1.25": [0, 1, 1],
						"1.5": [0, 1, -1],
						"1.75": [0, 1, -1]
					}
				},
				"torso": {
					"rotation": {
						"0.0": [30, 0, 0],
						"0.25": {
							"pre": [30, 0, 0],
							"post": [30, 0, 0],
							"lerp_mode": "catmullrom"
						},
						"0.4167": {
							"post": [45.09468, 4.32875, 2.50477],
							"lerp_mode": "catmullrom"
						},
						"0.6667": [2.59468, "4.3287500131+Math.sin(q.anim_time*90*24-180)*8", "2.5047687216+math.cos(q.anim_time*90*24-360)*3"],
						"1.0": [2.59468, "4.3287500131+Math.sin(q.anim_time*90*24-180)*8", "2.5047687216+math.cos(q.anim_time*90*24-360)*3"],
						"1.25": [2.59468, "4.3287500131+Math.sin(q.anim_time*90*24-180)*8", "2.5047687216+math.cos(q.anim_time*90*24-360)*3"],
						"1.5": [30, 0, 0],
						"1.75": [30, 0, 0]
					},
					"position": {
						"0.0": [0, 0, 3],
						"0.25": {
							"pre": [0, 0, 3],
							"post": [0, 0, 3],
							"lerp_mode": "catmullrom"
						},
						"0.4167": {
							"post": [0, 0, 3.2],
							"lerp_mode": "catmullrom"
						},
						"0.6667": [0, 0, 1],
						"1.0": [0, 0, 1],
						"1.25": [0, 0, 1],
						"1.5": [0, 0, 3],
						"1.75": [0, 0, 3]
					}
				},
				"line": {
					"rotation": {
						"0.0": {
							"post": [-52.74765, 15.7627, -19.65736],
							"lerp_mode": "catmullrom"
						},
						"0.25": {
							"post": [-52.74765, 15.7627, -19.65736],
							"lerp_mode": "catmullrom"
						},
						"0.4167": {
							"post": [-72.32873, -5.43385, -1.30864],
							"lerp_mode": "catmullrom"
						},
						"0.6667": {
							"post": [-27.32873, "-5.4338495612+Math.cos(q.anim_time*90*24-360)*8", "-1.3086372382+math.sin(q.anim_time*90*24-180)*4"],
							"lerp_mode": "catmullrom"
						},
						"1.0": {
							"post": [-27.32873, "-5.4338495612+Math.cos(q.anim_time*90*24-360)*8", "-1.3086372382+math.sin(q.anim_time*90*24-180)*4"],
							"lerp_mode": "catmullrom"
						},
						"1.25": {
							"post": [-27.32873, "-5.4338495612+Math.cos(q.anim_time*90*24-360)*8", "-1.3086372382+math.sin(q.anim_time*90*24-180)*4"],
							"lerp_mode": "catmullrom"
						},
						"1.5": {
							"post": [-52.74765, 15.7627, -19.65736],
							"lerp_mode": "catmullrom"
						},
						"1.75": {
							"post": [-52.74765, 15.7627, -19.65736],
							"lerp_mode": "catmullrom"
						}
					},
					"position": {
						"0.0": {
							"post": [0, 0, -2],
							"lerp_mode": "catmullrom"
						},
						"0.25": {
							"post": [0, 0, -2],
							"lerp_mode": "catmullrom"
						},
						"1.5": {
							"post": [0, 0, -2],
							"lerp_mode": "catmullrom"
						},
						"1.75": {
							"post": [0, 0, -2],
							"lerp_mode": "catmullrom"
						}
					}
				},
				"line2": {
					"rotation": {
						"0.0": {
							"post": [-10.31932, 16.55752, 16.84239],
							"lerp_mode": "catmullrom"
						},
						"0.25": {
							"post": [-10.31932, 16.55752, 16.84239],
							"lerp_mode": "catmullrom"
						},
						"0.4167": {
							"post": [17.59381, 0.77714, -0.62824],
							"lerp_mode": "catmullrom"
						},
						"0.6667": {
							"post": [-19.90619, "0.7771430386+Math.cos(q.anim_time*90*24-180)*8", -0.62824],
							"lerp_mode": "catmullrom"
						},
						"1.0": {
							"post": [-19.90619, "0.7771430386+Math.cos(q.anim_time*90*24-180)*8", -0.62824],
							"lerp_mode": "catmullrom"
						},
						"1.25": {
							"post": [-19.90619, "0.7771430386+Math.cos(q.anim_time*90*24-180)*8", -0.62824],
							"lerp_mode": "catmullrom"
						},
						"1.5": {
							"post": [-10.31932, 16.55752, 16.84239],
							"lerp_mode": "catmullrom"
						},
						"1.75": {
							"post": [-10.31932, 16.55752, 16.84239],
							"lerp_mode": "catmullrom"
						}
					},
					"position": {
						"0.0": {
							"post": [-2, 0, -1],
							"lerp_mode": "catmullrom"
						},
						"0.25": {
							"post": [-2, 0, -1],
							"lerp_mode": "catmullrom"
						},
						"0.4167": {
							"post": [0, -1, 1],
							"lerp_mode": "catmullrom"
						},
						"0.6667": {
							"post": [-0.23, -0.89, -1.23],
							"lerp_mode": "catmullrom"
						},
						"1.5": {
							"post": [-2, 0, -1],
							"lerp_mode": "catmullrom"
						},
						"1.75": {
							"post": [-2, 0, -1],
							"lerp_mode": "catmullrom"
						}
					}
				},
				"line3": {
					"rotation": {
						"0.0": [-27.58957, 4.43385, -2.31336],
						"0.6667": [-27.5, 0, 0],
						"1.5": [-27.58957, 4.43385, -2.31336],
						"1.75": [-27.58957, 4.43385, -2.31336]
					},
					"position": {
						"0.0": [0, 0, -4],
						"1.5": [0, 0, -4],
						"1.75": [0, 0, -4]
					}
				},
				"head": {
					"rotation": {
						"0.0": [-18.5023, -19.13145, 5.9423],
						"0.25": [-18.5023, -19.13145, 5.9423],
						"0.4167": [10.00919, -2.37925, 0.88703],
						"0.6667": ["-19.9908135517+Math.cos(q.anim_time*90*30)*8", -2.37925, 0.88703],
						"1.0": ["-19.9908135517+Math.cos(q.anim_time*90*30)*8", -2.37925, 0.88703],
						"1.25": ["-19.9908135517+Math.cos(q.anim_time*90*30)*8", -2.37925, 0.88703],
						"1.5": [-18.5023, -19.13145, 5.9423],
						"1.75": [-18.5023, -19.13145, 5.9423]
					}
				},
				"horejas": {
					"rotation": [15, 0, 0],
					"position": [0, 0, 5]
				},
				"hand1": {
					"rotation": {
						"0.0": {
							"post": [44.92495, -46.7331, -39.18361],
							"lerp_mode": "catmullrom"
						},
						"0.25": {
							"post": [44.92495, -46.7331, -39.18361],
							"lerp_mode": "catmullrom"
						},
						"0.4167": {
							"post": [131.94715, -52.69886, -140.22264],
							"lerp_mode": "catmullrom"
						},
						"0.6667": {
							"post": [21.50219, -16.49176, 29.64002],
							"lerp_mode": "catmullrom"
						},
						"1.0": {
							"post": [21.50219, -16.49176, 29.64002],
							"lerp_mode": "catmullrom"
						},
						"1.25": {
							"post": [21.50219, -16.49176, 29.64002],
							"lerp_mode": "catmullrom"
						},
						"1.5": {
							"post": [44.92495, -46.7331, -39.18361],
							"lerp_mode": "catmullrom"
						},
						"1.75": {
							"post": [44.92495, -46.7331, -39.18361],
							"lerp_mode": "catmullrom"
						}
					},
					"position": {
						"0.0": {
							"post": [2, 2, 3],
							"lerp_mode": "catmullrom"
						},
						"0.25": {
							"post": [2, 2, 3],
							"lerp_mode": "catmullrom"
						},
						"0.4167": {
							"post": [-1, 1, 3],
							"lerp_mode": "catmullrom"
						},
						"0.5": {
							"post": [-1.52, 1.33, 3.41],
							"lerp_mode": "catmullrom"
						},
						"0.5833": {
							"post": [0.21, 0.19, 2.23],
							"lerp_mode": "catmullrom"
						},
						"0.6667": {
							"post": [-2, -1, 1],
							"lerp_mode": "catmullrom"
						},
						"1.0": {
							"post": [-2, -1, 1],
							"lerp_mode": "catmullrom"
						},
						"1.25": {
							"post": [-2, -1, 1],
							"lerp_mode": "catmullrom"
						},
						"1.5": {
							"post": [2, 2, 3],
							"lerp_mode": "catmullrom"
						},
						"1.75": {
							"post": [2, 2, 3],
							"lerp_mode": "catmullrom"
						}
					}
				},
				"hand2": {
					"rotation": {
						"0.0": {
							"post": [37.85619, 42.73866, 29.54537],
							"lerp_mode": "catmullrom"
						},
						"0.25": {
							"post": [37.85619, 42.73866, 29.54537],
							"lerp_mode": "catmullrom"
						},
						"0.4167": {
							"post": [131.94715, 52.69886, 140.22264],
							"lerp_mode": "catmullrom"
						},
						"0.6667": {
							"post": [21.50219, 16.49176, -29.64002],
							"lerp_mode": "catmullrom"
						},
						"1.0": {
							"post": [21.50219, 16.49176, -29.64002],
							"lerp_mode": "catmullrom"
						},
						"1.25": {
							"post": [21.50219, 16.49176, -29.64002],
							"lerp_mode": "catmullrom"
						},
						"1.5": {
							"post": [37.85619, 42.73866, 29.54537],
							"lerp_mode": "catmullrom"
						},
						"1.75": {
							"post": [37.85619, 42.73866, 29.54537],
							"lerp_mode": "catmullrom"
						}
					},
					"position": {
						"0.0": {
							"post": [-2, 2, 3],
							"lerp_mode": "catmullrom"
						},
						"0.25": {
							"post": [-2, 2, 3],
							"lerp_mode": "catmullrom"
						},
						"0.4167": {
							"post": [1, 1, 3],
							"lerp_mode": "catmullrom"
						},
						"0.5": {
							"post": [1.52, 1.33, 3.41],
							"lerp_mode": "catmullrom"
						},
						"0.5833": {
							"post": [-0.21, 0.19, 2.23],
							"lerp_mode": "catmullrom"
						},
						"0.6667": {
							"post": [2, -1, 1],
							"lerp_mode": "catmullrom"
						},
						"1.0": {
							"post": [2, -1, 1],
							"lerp_mode": "catmullrom"
						},
						"1.25": {
							"post": [2, -1, 1],
							"lerp_mode": "catmullrom"
						},
						"1.5": {
							"post": [-2, 2, 3],
							"lerp_mode": "catmullrom"
						},
						"1.75": {
							"post": [-2, 2, 3],
							"lerp_mode": "catmullrom"
						}
					}
				},
				"torsomini": {
					"rotation": {
						"0.0": [0, 0, 0],
						"0.4167": [15, 0, 0],
						"0.6667": [-2.5, 0, 0],
						"1.0": [-2.5, 0, 0],
						"1.25": [-2.5, 0, 0],
						"1.5": [0, 0, 0],
						"1.75": [0, 0, 0]
					},
					"position": {
						"0.0": [0, 0, 0],
						"0.4167": [0, 0, 2],
						"0.6667": [0, 0, -0.6],
						"1.0": [0, 0, -0.6],
						"1.25": [0, 0, -0.6],
						"1.5": [0, 0, 0],
						"1.75": [0, 0, 0]
					}
				},
				"smilept": {
					"position": {
						"0.0": [0, 0, 0],
						"0.6667": {
							"pre": [0, 0, 0],
							"post": [0, 0, 1]
						},
						"1.0": {
							"pre": [0, 0, 1],
							"post": [0, 0, 1]
						},
						"1.25": {
							"pre": [0, 0, 1],
							"post": [0, 0, 1]
						},
						"1.5": {
							"pre": [0, 0, 1],
							"post": [0, 0, 0]
						},
						"1.75": {
							"pre": [0, 0, 0],
							"post": [0, 0, 0]
						}
					}
				},
				"smile_atrese": {
					"position": {
						"0.0": [0, 0, 0],
						"0.6667": {
							"pre": [0, 0, 0],
							"post": [0, 0, -1]
						},
						"1.0": {
							"pre": [0, 0, -1],
							"post": [0, 0, -1]
						},
						"1.25": {
							"pre": [0, 0, -1],
							"post": [0, 0, -1]
						},
						"1.5": {
							"pre": [0, 0, -1],
							"post": [0, 0, 0]
						},
						"1.75": {
							"pre": [0, 0, 0],
							"post": [0, 0, 0]
						}
					}
				},
				"bone": {
					"position": {
						"0.0": [0, 0, 0],
						"0.6667": {
							"pre": [0, 0, 0],
							"post": [0, 0.5, 0.99]
						},
						"1.0": {
							"pre": [0, 0.5, 0.99],
							"post": [0, 0.5, 0.99]
						},
						"1.25": {
							"pre": [0, 0.5, 0.99],
							"post": [0, 0.5, 0.99]
						},
						"1.5": {
							"pre": [0, 0.5, 0.99],
							"post": [0, 0, 0]
						},
						"1.75": {
							"pre": [0, 0, 0],
							"post": [0, 0, 0]
						}
					}
				},
				"hands": {
					"position": {
						"0.0": [0, 0, 0],
						"0.6667": [0, 1, 0],
						"1.0": [0, 1, 0],
						"1.25": [0, 1, 0],
						"1.5": [0, 0, 0],
						"1.75": [0, 0, 0]
					}
				}
			},
			"sound_effects": {
				"0.6667": {
					"effect": "pokemon.skwovet.cry"
				}
			}
		},
		"animation.skwovet.faint": {
			"loop": "hold_on_last_frame",
			"animation_length": 3,
			"bones": {
				"leg1": {
					"rotation": {
						"0.0": [7.58646, 11.41738, 9.07423],
						"0.2917": [9.22339, 36.15963, 13.0369]
					},
					"position": [-1, 0, 1]
				},
				"legminec": {
					"rotation": {
						"0.0": [15, 0, 0],
						"0.5": [14.35579, -5.40467, 3.22567]
					},
					"position": [0, 1, 0]
				},
				"leg2": {
					"rotation": {
						"0.0": [7.45357, -3.9817, -8.08446],
						"0.2917": [8.48807, -28.74863, -11.66955]
					},
					"position": [1, 0, 1]
				},
				"legminec2": {
					"rotation": {
						"0.0": [15, -17.5, 0],
						"0.5": [6.85579, -5.40467, 3.22567]
					},
					"position": [0, 1, -1]
				},
				"torso": {
					"rotation": {
						"0.0": [30, 0, 0],
						"0.25": [42.5, 0, 0],
						"0.5": [17.5, 0, 0],
						"0.625": [25, 0, 0],
						"0.875": [50, 0, 0]
					},
					"position": {
						"0.0": [0, 0, 3],
						"0.5417": [0, 0, 2]
					}
				},
				"line": {
					"rotation": {
						"0.0": [-52.74765, 15.7627, -19.65736],
						"0.2917": [-60, 0, 0],
						"0.5": [-62.5, 0, 0],
						"0.875": [-179.37511, 7.98133, -26.40319]
					},
					"position": {
						"0.0": [0, 0, -2],
						"0.9167": [0, -3, -2]
					}
				},
				"line2": {
					"rotation": {
						"0.0": [-10.31932, 16.55752, 16.84239],
						"0.2917": [-18.51671, -5.9605, 3.03254],
						"0.5": [-23.51671, -5.9605, 3.03254],
						"0.875": [-38.51671, -5.9605, 3.03254]
					},
					"position": {
						"0.0": [-2, 0, -1],
						"0.2917": [0, 0, -1],
						"0.5": [0, -1, -2.07],
						"0.9167": [0, 0, -4]
					}
				},
				"line3": {
					"rotation": {
						"0.0": [-27.58957, 4.43385, -2.31336],
						"0.875": [12.41043, 4.43385, -2.31336]
					},
					"position": {
						"0.0": [0, 0, -4],
						"0.9583": [0, -2, 1]
					}
				},
				"head": {
					"rotation": {
						"0.0": {
							"post": [-18.5023, -19.13145, 5.9423],
							"lerp_mode": "catmullrom"
						},
						"0.2917": {
							"post": [-25.29118, -9.2654, 3.66093],
							"lerp_mode": "catmullrom"
						},
						"0.5": {
							"post": [-17.46332, -2.47337, 0.46129],
							"lerp_mode": "catmullrom"
						},
						"0.75": {
							"post": [-67.46332, -2.47337, 0.46129],
							"lerp_mode": "catmullrom"
						},
						"0.875": {
							"post": [12.53668, -2.47337, 0.46129],
							"lerp_mode": "catmullrom"
						}
					},
					"position": {
						"0.0": {
							"post": [0, 0, 0],
							"lerp_mode": "catmullrom"
						},
						"0.5": {
							"post": [0, -1, -0.48],
							"lerp_mode": "catmullrom"
						},
						"0.75": {
							"post": [0, 0, -2.22],
							"lerp_mode": "catmullrom"
						},
						"0.9583": {
							"post": [0, 0, 1],
							"lerp_mode": "catmullrom"
						}
					}
				},
				"horejas": {
					"rotation": [15, 0, 0],
					"position": [0, 0, 5]
				},
				"hand1": {
					"rotation": {
						"0.0": [44.92495, -46.7331, -39.18361],
						"0.25": [17.0158, -12.6139, -57.16769],
						"0.5": [12.97882, -40.47985, -47.97157],
						"0.75": [10.65935, -51.13684, -24.19174],
						"0.875": [13.1979, -40.2466, -18.35523]
					},
					"position": {
						"0.0": [2, 2, 3],
						"0.25": [3, 4, 2],
						"0.5": [3, 3, 2],
						"0.875": [3, 0, 2]
					}
				},
				"hand2": {
					"rotation": {
						"0.0": [37.85619, 42.73866, 29.54537],
						"0.25": [17.0158, 12.6139, 57.16769],
						"0.5": [12.97882, 40.47985, 47.97157],
						"0.75": [10.65935, 51.13684, 24.19174],
						"0.875": [13.1979, 40.2466, 18.35523]
					},
					"position": {
						"0.0": [-2, 2, 3],
						"0.25": [-3, 4, 2],
						"0.5": [-3, 3, 2],
						"0.875": [-3, 0, 2]
					}
				},
				"allbody": {
					"rotation": {
						"0.0": {
							"post": [0, 0, 0],
							"lerp_mode": "catmullrom"
						},
						"0.25": {
							"post": [-26.72994, 25.57795, 0.37069],
							"lerp_mode": "catmullrom"
						},
						"0.4583": {
							"post": [-17.5, 0, 0],
							"lerp_mode": "catmullrom"
						},
						"0.9583": {
							"post": [50, 0, 0],
							"lerp_mode": "catmullrom"
						}
					},
					"position": {
						"0.0": {
							"post": [0, 0, 0],
							"lerp_mode": "catmullrom"
						},
						"0.2917": {
							"post": [0, 0.03, 2.13],
							"lerp_mode": "catmullrom"
						},
						"0.5": {
							"post": [0, 0, 2],
							"lerp_mode": "catmullrom"
						},
						"0.625": {
							"post": [0, -0.43, -2],
							"lerp_mode": "catmullrom"
						},
						"0.875": {
							"post": [0, -2, 2],
							"lerp_mode": "catmullrom"
						}
					}
				},
				"legs": {
					"rotation": {
						"0.0": {
							"post": [0, 0, 0],
							"lerp_mode": "catmullrom"
						},
						"0.5": {
							"post": [-1, 0, 0],
							"lerp_mode": "catmullrom"
						},
						"0.875": {
							"post": [45, 0, 0],
							"lerp_mode": "catmullrom"
						}
					},
					"position": {
						"0.0": {
							"post": [0, 0, 0],
							"lerp_mode": "catmullrom"
						}
					}
				},
				"torsomini": {
					"rotation": {
						"0.0": [0, 0, 0],
						"0.25": [-7.5, 0, 0],
						"0.5": [-17.5, 0, 0]
					},
					"position": {
						"0.0": [0, 0, 0],
						"0.25": [0, 0, -1],
						"0.5": [0, 0, -2]
					}
				},
				"eye1": {
					"position": {
						"0.0": [0, 0, 0],
						"0.4167": {"pre": [0, 0, 0], "post": [0, 0, 1]},
						"0.5": [0, 0, 1]
					}
				},
				"eye2": {
					"position": {
						"0.0": [0, 0, 0],
						"0.4167": {"pre": [0, 0, 0], "post": [0, 0, 1]},
						"0.5": [0, 0, 1]
					}
				},
				"smilept": {
					"position": {
						"0.0": [0, 0, 0],
						"0.5": {"pre": [0, 0, 0], "post": [0, 0, 1]}
					}
				},
				"smile_atrese": {
					"position": {
						"0.0": [0, 0, 0],
						"0.5": {"pre": [0, 0, 0], "post": [0, 0, -1]}
					}
				},
				"bone": {
					"position": {
						"0.0": [0, 0, 0],
						"0.5": {"pre": [0, 0, 0], "post": [0, 0.5, 0.9]}
					}
				}
			}
		},
		"animation.skwovet.physical": {
			"loop": "hold_on_last_frame",
			"animation_length": 1.25,
			"bones": {
				"leg1": {
					"rotation": {
						"0.0": {
							"post": [7.58646, 11.41738, 9.07423],
							"lerp_mode": "catmullrom"
						},
						"0.3333": {
							"post": [12.98546, 21.32571, 10.48445],
							"lerp_mode": "catmullrom"
						},
						"0.5": {
							"post": [20.08794, 20.59617, 10.38062],
							"lerp_mode": "catmullrom"
						},
						"1.25": {
							"post": [7.58646, 11.41738, 9.07423],
							"lerp_mode": "catmullrom"
						}
					},
					"position": {
						"0.0": {
							"post": [-1, 0, 1],
							"lerp_mode": "catmullrom"
						},
						"0.3333": {
							"post": [-1, 0, -1],
							"lerp_mode": "catmullrom"
						},
						"0.5417": {
							"post": [-1, 0, -2.69],
							"lerp_mode": "catmullrom"
						},
						"0.625": {
							"post": [-1, 0, -1.59],
							"lerp_mode": "catmullrom"
						},
						"1.25": {
							"post": [-1, 0, 1],
							"lerp_mode": "catmullrom"
						}
					}
				},
				"legminec": {
					"rotation": {
						"0.0": {
							"post": [15, 0, 0],
							"lerp_mode": "catmullrom"
						},
						"1.0": {
							"post": [5, 0, 0],
							"lerp_mode": "catmullrom"
						},
						"1.25": {
							"post": [15, 0, 0],
							"lerp_mode": "catmullrom"
						}
					},
					"position": {
						"0.0": {
							"post": [0, 1, 0],
							"lerp_mode": "catmullrom"
						},
						"1.25": {
							"post": [0, 1, 0],
							"lerp_mode": "catmullrom"
						}
					}
				},
				"leg2": {
					"rotation": {
						"0.0": {
							"post": [7.45357, -3.9817, -8.08446],
							"lerp_mode": "catmullrom"
						},
						"0.3333": {
							"post": [24.33165, -22.36953, -16.20518],
							"lerp_mode": "catmullrom"
						},
						"0.5": {
							"post": [35.06283, -18.97583, -14.06904],
							"lerp_mode": "catmullrom"
						},
						"1.25": {
							"post": [7.45357, -3.9817, -8.08446],
							"lerp_mode": "catmullrom"
						}
					},
					"position": {
						"0.0": {
							"post": [1, 0, 1],
							"lerp_mode": "catmullrom"
						},
						"0.5417": {
							"post": [0, 0, -0.96],
							"lerp_mode": "catmullrom"
						},
						"0.6667": {
							"post": [1, 0, 0],
							"lerp_mode": "catmullrom"
						},
						"1.25": {
							"post": [1, 0, 1],
							"lerp_mode": "catmullrom"
						}
					}
				},
				"legminec2": {
					"rotation": {
						"0.0": {
							"post": [15, -17.5, 0],
							"lerp_mode": "catmullrom"
						},
						"1.0": {
							"post": [2.5, -17.5, 0],
							"lerp_mode": "catmullrom"
						},
						"1.25": {
							"post": [15, -17.5, 0],
							"lerp_mode": "catmullrom"
						}
					},
					"position": {
						"0.0": {
							"post": [0, 1, -1],
							"lerp_mode": "catmullrom"
						},
						"1.25": {
							"post": [0, 1, -1],
							"lerp_mode": "catmullrom"
						}
					}
				},
				"torso": {
					"rotation": {
						"0.0": {
							"post": [30, 0, 0],
							"lerp_mode": "catmullrom"
						},
						"0.3333": {
							"post": [65, 0, 0],
							"lerp_mode": "catmullrom"
						},
						"0.5833": {
							"post": [80, 0, 0],
							"lerp_mode": "catmullrom"
						},
						"0.75": {
							"post": [99.02, 0, 0],
							"lerp_mode": "catmullrom"
						},
						"1.0": {
							"post": [80.7, 0, 0],
							"lerp_mode": "catmullrom"
						},
						"1.25": {
							"post": [30, 0, 0],
							"lerp_mode": "catmullrom"
						}
					},
					"position": {
						"0.0": {
							"post": [0, 0, 3],
							"lerp_mode": "catmullrom"
						},
						"0.3333": {
							"post": [0, 1, 3],
							"lerp_mode": "catmullrom"
						},
						"0.625": {
							"post": [0, 1.8, 2],
							"lerp_mode": "catmullrom"
						},
						"0.7917": {
							"post": [0, 2.75, 5.01],
							"lerp_mode": "catmullrom"
						},
						"1.0417": {
							"post": [0, 2.27, 5.06],
							"lerp_mode": "catmullrom"
						},
						"1.25": {
							"post": [0, 0, 3],
							"lerp_mode": "catmullrom"
						}
					}
				},
				"line": {
					"rotation": {
						"0.0": {
							"post": [-52.74765, 15.7627, -19.65736],
							"lerp_mode": "catmullrom"
						},
						"0.3333": {
							"post": [-127.74222, -4.81281, 5.7589],
							"lerp_mode": "catmullrom"
						},
						"0.4583": {
							"post": [-112.04115, -3.93456, 4.67403],
							"lerp_mode": "catmullrom"
						},
						"0.7083": {
							"post": [-122.01629, 1.56656, -2.12133],
							"lerp_mode": "catmullrom"
						},
						"1.25": {
							"post": [-52.74765, 15.7627, -19.65736],
							"lerp_mode": "catmullrom"
						}
					},
					"position": {
						"0.0": {
							"post": [0, 0, -2],
							"lerp_mode": "catmullrom"
						},
						"0.3333": {
							"post": [0, -2, -2],
							"lerp_mode": "catmullrom"
						},
						"0.5": {
							"post": [0, -2.85, -2],
							"lerp_mode": "catmullrom"
						},
						"1.25": {
							"post": [0, 0, -2],
							"lerp_mode": "catmullrom"
						}
					}
				},
				"line2": {
					"rotation": {
						"0.0": {
							"post": [-10.31932, 16.55752, 16.84239],
							"lerp_mode": "catmullrom"
						},
						"0.3333": {
							"post": [29.7342, -0.94301, -1.335],
							"lerp_mode": "catmullrom"
						},
						"0.4583": {
							"post": [35.52455, -0.19602, -0.55912],
							"lerp_mode": "catmullrom"
						},
						"0.7083": {
							"post": [-19.19979, 4.48297, 4.30084],
							"lerp_mode": "catmullrom"
						},
						"1.25": {
							"post": [-10.31932, 16.55752, 16.84239],
							"lerp_mode": "catmullrom"
						}
					},
					"position": {
						"0.0": {
							"post": [-2, 0, -1],
							"lerp_mode": "catmullrom"
						},
						"0.3333": {
							"post": [0, -1, 1],
							"lerp_mode": "catmullrom"
						},
						"0.5": {
							"post": [-0.09, -0.96, 1.91],
							"lerp_mode": "catmullrom"
						},
						"0.7083": {
							"post": [-0.54, -0.73, -1.7],
							"lerp_mode": "catmullrom"
						},
						"1.25": {
							"post": [-2, 0, -1],
							"lerp_mode": "catmullrom"
						}
					}
				},
				"line3": {
					"rotation": {
						"0.0": {
							"post": [-27.58957, 4.43385, -2.31336],
							"lerp_mode": "catmullrom"
						},
						"1.25": {
							"post": [-27.58957, 4.43385, -2.31336],
							"lerp_mode": "catmullrom"
						}
					},
					"position": {
						"0.0": {
							"post": [0, 0, -4],
							"lerp_mode": "catmullrom"
						},
						"1.25": {
							"post": [0, 0, -4],
							"lerp_mode": "catmullrom"
						}
					}
				},
				"head": {
					"rotation": {
						"0.0": {
							"post": [-18.5023, -19.13145, 5.9423],
							"lerp_mode": "catmullrom"
						},
						"0.3333": {
							"post": [-65.13161, -3.39234, 8.63708],
							"lerp_mode": "catmullrom"
						},
						"0.5833": {
							"post": [-56.0023, -19.13145, 5.9423],
							"lerp_mode": "catmullrom"
						},
						"0.7083": {
							"post": [-61.15287, -18.97647, 9.703],
							"lerp_mode": "catmullrom"
						},
						"1.0": {
							"post": [-35.96765, -7.0494, -1.397],
							"lerp_mode": "catmullrom"
						},
						"1.25": {
							"post": [-18.5023, -19.13145, 5.9423],
							"lerp_mode": "catmullrom"
						}
					}
				},
				"horejas": {
					"rotation": [15, 0, 0],
					"position": [0, 0, 5]
				},
				"hand1": {
					"rotation": {
						"0.0": {
							"post": [44.92495, -46.7331, -39.18361],
							"lerp_mode": "catmullrom"
						},
						"0.5417": {
							"post": [16.02715, -76.4583, -35.98035],
							"lerp_mode": "catmullrom"
						},
						"0.75": {
							"post": [-23.72574, -70.80079, 10.66355],
							"lerp_mode": "catmullrom"
						},
						"1.25": {
							"post": [44.92495, -46.7331, -39.18361],
							"lerp_mode": "catmullrom"
						}
					},
					"position": {
						"0.0": {
							"post": [2, 2, 3],
							"lerp_mode": "catmullrom"
						},
						"0.5417": {
							"post": [2, 1.32, 3.16],
							"lerp_mode": "catmullrom"
						},
						"0.75": {
							"post": [2, 0, 2],
							"lerp_mode": "catmullrom"
						},
						"1.25": {
							"post": [2, 2, 3],
							"lerp_mode": "catmullrom"
						}
					}
				},
				"hand2": {
					"rotation": {
						"0.0": {
							"post": [37.85619, 42.73866, 29.54537],
							"lerp_mode": "catmullrom"
						},
						"0.3333": {
							"post": [-3.72286, 72.01326, -23.68816],
							"lerp_mode": "catmullrom"
						},
						"0.5833": {
							"post": [-33.85605, 51.12716, -56.67409],
							"lerp_mode": "catmullrom"
						},
						"0.75": {
							"post": [-30.48705, 56.61725, -52.41794],
							"lerp_mode": "catmullrom"
						},
						"1.25": {
							"post": [37.85619, 42.73866, 29.54537],
							"lerp_mode": "catmullrom"
						}
					},
					"position": {
						"0.0": {
							"post": [-2, 2, 3],
							"lerp_mode": "catmullrom"
						},
						"0.3333": {
							"post": [2, 2, 1],
							"lerp_mode": "catmullrom"
						},
						"0.75": {
							"post": [0.5, 1, 0.75],
							"lerp_mode": "catmullrom"
						},
						"1.25": {
							"post": [-2, 2, 3],
							"lerp_mode": "catmullrom"
						}
					}
				},
				"allbody": {
					"rotation": {
						"0.0": {
							"post": [0, 0, 0],
							"lerp_mode": "catmullrom"
						},
						"0.3333": {
							"post": [12.5, -2.5, 0],
							"lerp_mode": "catmullrom"
						},
						"0.5417": {
							"post": [20.08017, -13.1414, 0],
							"lerp_mode": "catmullrom"
						},
						"0.7083": {
							"post": [-10, -15, 0],
							"lerp_mode": "catmullrom"
						},
						"0.75": [-10.51717, -14.35711, 0],
						"1.25": {
							"pre": [0, 0, 0],
							"post": [0, 0, 0],
							"lerp_mode": "catmullrom"
						}
					},
					"position": {
						"0.0": {
							"post": [0, 0, 0],
							"lerp_mode": "catmullrom"
						},
						"0.3333": {
							"post": [0, 0, 1],
							"lerp_mode": "catmullrom"
						},
						"0.4583": {
							"post": [0, 2, -2.2],
							"lerp_mode": "catmullrom"
						},
						"0.7083": {
							"post": [0, 0, -1],
							"lerp_mode": "catmullrom"
						},
						"0.75": [0, -0.07, -1.91],
						"1.25": {
							"pre": [0, 0, 0],
							"post": [0, 0, 0],
							"lerp_mode": "catmullrom"
						}
					}
				},
				"torsomini": {
					"rotation": {
						"0.0": {
							"post": [0, 0, 0],
							"lerp_mode": "catmullrom"
						},
						"0.3333": {
							"post": [20, 0, 0],
							"lerp_mode": "catmullrom"
						},
						"0.75": {
							"post": [3.41, 0, 0],
							"lerp_mode": "catmullrom"
						},
						"1.25": {
							"post": [0, 0, 0],
							"lerp_mode": "catmullrom"
						}
					},
					"position": {
						"0.0": {
							"post": [0, 0, 0],
							"lerp_mode": "catmullrom"
						},
						"0.3333": {
							"post": [0, 0, 3],
							"lerp_mode": "catmullrom"
						},
						"0.75": {
							"post": [0, 0, 0.64],
							"lerp_mode": "catmullrom"
						},
						"1.25": {
							"post": [0, 0, 0],
							"lerp_mode": "catmullrom"
						}
					}
				},
				"eye1": {
					"position": {
						"0.0": {
							"post": [0, 0, 0],
							"lerp_mode": "catmullrom"
						},
						"0.1667": {
							"post": [0, 0, 0],
							"lerp_mode": "catmullrom"
						},
						"0.7083": {
							"post": [0, 0, 1],
							"lerp_mode": "catmullrom"
						},
						"1.25": {
							"post": [0, 0, 0],
							"lerp_mode": "catmullrom"
						}
					}
				},
				"eye2": {
					"position": {
						"0.0": {
							"post": [0, 0, 0],
							"lerp_mode": "catmullrom"
						},
						"0.1667": {
							"post": [0, 0, 0],
							"lerp_mode": "catmullrom"
						},
						"0.7083": {
							"post": [0, 0, 1],
							"lerp_mode": "catmullrom"
						},
						"1.25": {
							"post": [0, 0, 0],
							"lerp_mode": "catmullrom"
						}
					}
				}
			}
		},
		"animation.skwovet.ground_idle": {
			"loop": true,
			"bones": {
				"leg1": {
					"rotation": [7.85942, 18.84956, 10.11758],
					"position": [-1, 0, 1]
				},
				"leg2": {
					"rotation": [7.85942, -18.84956, -10.11758],
					"position": [1, 0, 1]
				},
				"torso": {
					"rotation": ["30+math.cos((query.anim_time)*90*12/6-60)*3", 0, "0-math.sin(q.anim_time*90*6/3-0)"],
					"position": [0, 0, 3]
				},
				"line": {
					"rotation": ["-51.33099+math.sin(q.anim_time*90*2.5+0)*1", "11.14485+math.sin(query.anim_time*90*12/6-0)*2.5", -13.57875],
					"position": [0, 0, -2]
				},
				"line2": {
					"rotation": ["-10.31932+math.sin(q.anim_time*90*3+0)*1", "16.55752+math.sin(q.anim_time*90*2+0)*1", 16.84239],
					"position": [-2, 0, -1]
				},
				"line3": {
					"rotation": [-27.58957, 4.43385, -2.31336],
					"position": [0, 0, -4]
				},
				"head": {
					"rotation": ["-17.5-math.sin(q.anim_time*90*2-2/1-60)*1 ", 0, "0+math.sin(query.anim_time*90*3-0)*1"]
				},
				"horejas": {
					"rotation": [15, 0, 0],
					"position": [0, 0, 5]
				},
				"hand1": {
					"rotation": [44.72671, -39.66656, -39.21306],
					"position": [2, 2, 3]
				},
				"hand2": {
					"rotation": [44.72671, "39.66656+math.sin(q.anim_time*90*2+60)*1", 39.21306],
					"position": [-2, 2, 3]
				},
				"legminec": {
					"rotation": ["15+math.sin(query.anim_time*90*3-0)*1", 0, 0],
					"position": [0, 1, 0]
				},
				"legminec2": {
					"rotation": ["15+math.sin(query.anim_time*90*3-0)*1", 0, 0],
					"position": [0, 1, 0]
				}
			}
		},
		"animation.skwovet.ground_walk": {
			"loop": true,
			"animation_length": 1,
			"bones": {
				"legminec": {
					"rotation": [20, 0, 0],
					"position": [0, 1, 1]
				},
				"legminec2": {
					"rotation": [20, 0, 0],
					"position": [0, 1, 1]
				},
				"torso": {
					"rotation": ["65+math.sin(q.anim_time*90*4+90)*6", 0, 0],
					"position": [0, "1-math.sin(q.anim_time*180*4-180)*0.4", "6+math.sin(q.anim_time*90*4-0)*1"]
				},
				"line": {
					"rotation": ["-95+math.sin(q.anim_time*90*4+15)*10", "0*2+math.sin(q.anim_time*90*4)*8", 0],
					"position": [0, -2, -2]
				},
				"line2": {
					"rotation": {
						"0.0": {
							"post": [-37.5, 0, 0],
							"lerp_mode": "catmullrom"
						}
					},
					"position": {
						"0.0": {
							"post": [0, 0, -3],
							"lerp_mode": "catmullrom"
						}
					}
				},
				"line3": {
					"rotation": [28.82343, 0, 3.01583],
					"position": [-1, -1, 6]
				},
				"head": {
					"rotation": ["-52.5+math.sin(q.anim_time*180*4+90)*4", 0, 0],
					"position": [0, 0, -2]
				},
				"hands": {
					"rotation": ["math.sin(q.anim_time*90*4+90)*8", 0, 0],
					"position": [0, 0, 0]
				},
				"hand1": {
					"rotation": {
						"0.0": [-41.67441, -80.91366, 16.78953],
						"0.5": [-63.14808, -74.86167, 38.71052],
						"1.0": [-41.67441, -80.91366, 16.78953]
					},
					"position": {
						"0.0": [1, 0, 0],
						"1.0": [1, 0, 0]
					}
				},
				"hand2": {
					"rotation": {
						"0.0": [-41.67441, 80.91366, -16.78953],
						"0.5": [-63.14808, 74.86167, -38.71052],
						"1.0": [-41.67441, 80.91366, -16.78953]
					},
					"position": {
						"0.0": [-2, 0, 0],
						"1.0": [-2, 0, 0]
					}
				},
				"leg1": {
					"rotation": {
						"0.0": {
							"post": [0, 0, 0],
							"lerp_mode": "catmullrom"
						}
					},
					"position": {
						"0.0": {
							"post": [0, 0, 0],
							"lerp_mode": "catmullrom"
						}
					}
				},
				"leg2": {
					"rotation": [0, 0, 0],
					"position": [0, 0, 0]
				},
				"legs": {
					"rotation": ["math.sin(q.anim_time*90*4-0)*8", 0, 0],
					"position": [0, "0-math.sin(q.anim_time*90*4+90)*0.5", "0+math.sin(q.anim_time*90*4-0)*1"]
				},
				"allbody": {
					"position": [0, 0, "0+Math.sin(q.anim_time*90*4)*0.3"]
				}
			}
		},
		"animation.skwovet.render": {
			"loop": true,
			"bones": {
				"legminec": {
					"rotation": [32.5, 0, 0],
					"position": [0, 1, 1]
				},
				"legminec2": {
					"rotation": [32.5, 0, 0],
					"position": [0, 1, 1]
				},
				"torso": {
					"rotation": [62.5, 0, 0],
					"position": [0, 1, 5]
				},
				"line": {
					"rotation": [-94.43745, -2.30644, -27.41063],
					"position": [0, -2, -1]
				},
				"line2": {
					"rotation": {
						"0.0": {
							"post": [-10.08453, 7.38542, -1.30962],
							"lerp_mode": "catmullrom"
						}
					},
					"position": {
						"0.0": {
							"post": [0, 0, -1],
							"lerp_mode": "catmullrom"
						}
					}
				},
				"line3": {
					"rotation": [42.93034, -10.64891, 21.53086],
					"position": [-4, 0, 7]
				},
				"head": {
					"rotation": {
						"0.0": {
							"post": [-63.02972, -14.36495, 23.70348],
							"lerp_mode": "catmullrom"
						}
					},
					"position": {
						"0.0": {
							"post": [0, 0, -2],
							"lerp_mode": "catmullrom"
						}
					}
				},
				"hands": {
					"position": [0, 0, 0]
				},
				"hand1": {
					"rotation": [-54.54476, -82.59366, 29.79181],
					"position": [1, 0, 0]
				},
				"hand2": {
					"rotation": [-15.86336, 67.40968, 9.82483],
					"position": [-2, 0, 0]
				},
				"leg1": {
					"rotation": {
						"0.0": {
							"post": [0, 0, 0],
							"lerp_mode": "catmullrom"
						}
					},
					"position": {
						"0.0": {
							"post": [0, 0, 0],
							"lerp_mode": "catmullrom"
						}
					}
				},
				"leg2": {
					"rotation": [2.71994, -19.82169, -7.97532],
					"position": [0, 0, 0]
				}
			}
		},
		"animation.skwovet.blink": {
			"animation_length": 0.25,
			"bones": {
				"eyes": {
					"position": {
						"0.0": [0, 0, 1],
						"0.25": [0, 0, 0]
					}
				}
			}
		},
		"animation.skwovet.sleep": {
			"loop": true,
			"bones": {
				"legs": {
					"rotation": [90, 0, 0],
					"position": [0, 1, 3]
				},
				"leg1": {
					"rotation": [0, 0, 32.5],
					"position": [-2.53017, 1.6119, 0]
				},
				"leg2": {
					"rotation": [0, 0, -32.5],
					"position": [2.53017, 1.6119, 0]
				},
				"torso": {
					"rotation": ["90+math.cos(query.anim_time*90*2)*0.5", 0, 0],
					"position": [0, 1, 5]
				},
				"line": {
					"rotation": ["-169.96622+math.sin(q.anim_time*90*2+90)*1", 19.89713, -34.63726],
					"position": [0.8532, -3.13275, -2.19382]
				},
				"line2": {
					"rotation": [-39.32466, 7.9972, 9.63846],
					"position": [0, 1.16232, -2.94092]
				},
				"line3": {
					"rotation": [51.10044, 6.80488, 4.1899],
					"position": [0.17715, 0.06283, 5.00107]
				},
				"head": {
					"rotation": ["-63.59681+math.sin(q.anim_time*90*2.25)*1", "-7.98133+math.sin(query.anim_time*90*2-90)*2", 15.62489]
				},
				"eyes": {
					"position": [0, 0, 1]
				},
				"hand1": {
					"rotation": [-9.4518, -28.33396, 22.77379]
				},
				"hand2": {
					"rotation": [-12.93546, 29.33774, -31.67838]
				}
			}
		},
		"animation.skwovet.cry": {
			"animation_length": 0.75,
			"bones": {
				"torso": {
					"rotation": {
						"0.0": {
							"post": [0, 0, 0],
							"lerp_mode": "catmullrom"
						},
						"0.25": {
							"post": [-2.5, 0, 0],
							"lerp_mode": "catmullrom"
						},
						"0.75": {
							"post": [0, 0, 0],
							"lerp_mode": "catmullrom"
						}
					}
				},
				"head": {
					"rotation": {
						"0.0": {
							"post": [0, 0, 0],
							"lerp_mode": "catmullrom"
						},
						"0.25": {
							"post": [-12.5, 0, 0],
							"lerp_mode": "catmullrom"
						},
						"0.3333": {
							"post": [-10, 0, 0],
							"lerp_mode": "catmullrom"
						},
						"0.4167": {
							"post": [-7.5, 0, 0],
							"lerp_mode": "catmullrom"
						},
						"0.5": {
							"post": [-10, 0, 0],
							"lerp_mode": "catmullrom"
						},
						"0.75": {
							"post": [0, 0, 0],
							"lerp_mode": "catmullrom"
						}
					}
				},
				"smilept": {
					"position": {
						"0.0": [0, 0, 0],
						"0.25": {
							"pre": [0, 0, 0],
							"post": [0, 0, 1]
						},
						"0.75": {
							"pre": [0, 0, 1],
							"post": [0, 0, 0]
						}
					}
				},
				"smile_atrese": {
					"position": {
						"0.0": [0, 0, 0],
						"0.25": {
							"pre": [0, 0, 0],
							"post": [0, 0, -1]
						},
						"0.75": {
							"pre": [0, 0, -1],
							"post": [0, 0, 0]
						}
					}
				},
				"bone": {
					"position": {
						"0.0": [0, 0, 0],
						"0.25": {
							"pre": [0, 0, 0],
							"post": [0, 0.5, 0.9]
						},
						"0.75": {
							"pre": [0, 0.5, 0.9],
							"post": [0, 0, 0]
						}
					}
				}
			},
			"sound_effects": {
				"0.25": {
					"effect": "pokemon.skwovet.cry"
				}
			}
		},
		"animation.skwovet.recoil": {
			"animation_length": 0.6667,
			"bones": {
				"torso": {
					"rotation": {
						"0.0": {
							"post": [0, 0, 0],
							"lerp_mode": "catmullrom"
						},
						"0.0833": {
							"post": [-9.20692, -4.15056, 0.36898],
							"lerp_mode": "catmullrom"
						},
						"0.25": {
							"post": [-5.12076, -12.45167, 1.10693],
							"lerp_mode": "catmullrom"
						},
						"0.6667": {
							"post": [0, 0, 0],
							"lerp_mode": "catmullrom"
						}
					}
				},
				"head": {
					"rotation": {
						"0.0": {
							"post": [0, 0, 0],
							"lerp_mode": "catmullrom"
						},
						"0.0833": {
							"post": [-7.56397, -7.43547, 0.98448],
							"lerp_mode": "catmullrom"
						},
						"0.6667": {
							"post": [0, 0, 0],
							"lerp_mode": "catmullrom"
						}
					}
				},
				"eyes": {
					"position": {
						"0.0": {
							"post": [0, 0, 0],
							"lerp_mode": "catmullrom"
						},
						"0.25": {
							"post": [0, 0, 1],
							"lerp_mode": "catmullrom"
						},
						"0.6667": {
							"post": [0, 0, 0],
							"lerp_mode": "catmullrom"
						}
					}
				},
				"smilept": {
					"position": {
						"0.0": [0, 0, 0],
						"0.25": {
							"pre": [0, 0, 0],
							"post": [0, 0, 1]
						},
						"0.6667": {
							"pre": [0, 0, 1],
							"post": [0, 0, 0]
						}
					}
				},
				"smile_atrese": {
					"position": {
						"0.0": [0, 0, 0],
						"0.25": {
							"pre": [0, 0, 0],
							"post": [0, 0, -1]
						},
						"0.6667": {
							"pre": [0, 0, -1],
							"post": [0, 0, 0]
						}
					}
				},
				"hand1": {
					"rotation": {
						"0.0": {
							"post": [0, 0, 0],
							"lerp_mode": "catmullrom"
						},
						"0.25": {
							"post": [0, -7.5, 0],
							"lerp_mode": "catmullrom"
						},
						"0.6667": {
							"post": [0, 0, 0],
							"lerp_mode": "catmullrom"
						}
					}
				},
				"hand2": {
					"rotation": {
						"0.0": {
							"post": [0, 0, 0],
							"lerp_mode": "catmullrom"
						},
						"0.25": {
							"post": [0, -7.5, 0],
							"lerp_mode": "catmullrom"
						},
						"0.6667": {
							"post": [0, 0, 0],
							"lerp_mode": "catmullrom"
						}
					}
				},
				"bone": {
					"position": {
						"0.0": [0, 0, 0],
						"0.25": {
							"pre": [0, 0, 0],
							"post": [0, 0.5, 0.9]
						},
						"0.6667": {
							"pre": [0, 0.5, 0.9],
							"post": [0, 0, 0]
						}
					}
				}
			}
		},
		"animation.skwovet.quirk": {
			"animation_length": 2,
			"bones": {
				"torso": {
					"rotation": {
						"0.0": {
							"post": [0, 0, 0],
							"lerp_mode": "catmullrom"
						},
						"0.1667": {
							"post": [-0.09667, 0.03641, 0.44462],
							"lerp_mode": "catmullrom"
						},
						"0.2917": {
							"post": [-0.18062, -7.31304, 0.84402],
							"lerp_mode": "catmullrom"
						},
						"0.75": {
							"post": [-0.55404, -12.48791, 2.56062],
							"lerp_mode": "catmullrom"
						},
						"0.9167": {
							"post": [-0.56843, -2.72306, 2.57561],
							"lerp_mode": "catmullrom"
						},
						"1.5": {
							"post": [-0.54146, 2.51141, 2.41709],
							"lerp_mode": "catmullrom"
						},
						"2.0": {
							"post": [0, 0, 0],
							"lerp_mode": "catmullrom"
						}
					}
				},
				"line": {
					"rotation": {
						"0.0": {
							"post": [0, 0, 0],
							"lerp_mode": "catmullrom"
						},
						"0.25": {
							"post": [0, 0, 0],
							"lerp_mode": "catmullrom"
						},
						"0.5": {
							"post": [0, "-2.5+Math.cos((query.anim_time)*90*24-360)*8", 0],
							"lerp_mode": "catmullrom"
						},
						"0.75": {
							"post": [0, 0, 0],
							"lerp_mode": "catmullrom"
						},
						"1.5": {
							"post": [0, "-2.5+Math.cos((query.anim_time)*90*24-360)*8", 0],
							"lerp_mode": "catmullrom"
						},
						"2.0": {
							"post": [0, 0, 0],
							"lerp_mode": "catmullrom"
						}
					}
				},
				"head": {
					"rotation": {
						"0.0": {
							"post": [0, 0, 0],
							"lerp_mode": "catmullrom"
						},
						"0.1667": {
							"post": [-1.09775, -9.00705, -2.2935],
							"lerp_mode": "catmullrom"
						},
						"0.5": {
							"post": [-5, -10, 0],
							"lerp_mode": "catmullrom"
						},
						"0.75": {
							"post": [-4.1735, 11.40953, 3.03698],
							"lerp_mode": "catmullrom"
						},
						"0.9167": {
							"post": [-5.0925, 16.70972, -2.87486],
							"lerp_mode": "catmullrom"
						},
						"1.4583": {
							"post": [-5.40106, -4.21402, -1.93313],
							"lerp_mode": "catmullrom"
						},
						"1.75": {
							"post": [2.62256, -2.13306, -2.09799],
							"lerp_mode": "catmullrom"
						},
						"2.0": {
							"post": [0, 0, 0],
							"lerp_mode": "catmullrom"
						}
					}
				},
				"hand1": {
					"rotation": {
						"0.0": {
							"post": [0, 0, 0],
							"lerp_mode": "catmullrom"
						},
						"2.0": {
							"post": [0, 0, 0],
							"lerp_mode": "catmullrom"
						}
					}
				},
				"hand2": {
					"rotation": {
						"0.0": {
							"post": [0, 0, 0],
							"lerp_mode": "catmullrom"
						},
						"2.0": {
							"post": [0, 0, 0],
							"lerp_mode": "catmullrom"
						}
					}
				},
				"eye1": {
					"position": {
						"0.0": [0, 0, 0],
						"0.4583": {
							"pre": [0, 0, 0],
							"post": [0, 0, 1]
						},
						"0.5": {
							"pre": [0, 0, 1],
							"post": [0, 0, 0]
						},
						"0.875": {
							"pre": [0, 0, 0],
							"post": [0, 0, 1]
						},
						"0.9167": {
							"pre": [0, 0, 1],
							"post": [0, 0, 0]
						},
						"1.375": {
							"pre": [0, 0, 0],
							"post": [0, 0, 1]
						},
						"1.4167": {
							"pre": [0, 0, 1],
							"post": [0, 0, -0.07]
						},
						"2.0": {
							"pre": [0, 0, -0.07],
							"post": [0, 0, 0]
						}
					}
				},
				"nose": {
					"rotation": {
						"0.0": {
							"post": [0, 0, 0],
							"lerp_mode": "catmullrom"
						},
						"0.1667": {
							"post": [-0.76855, 8.71644, -5.05857],
							"lerp_mode": "catmullrom"
						},
						"0.2917": {
							"post": [-0.98448, -7.43547, 7.56397],
							"lerp_mode": "catmullrom"
						},
						"0.75": {
							"post": [-1.6575, 12.39135, -7.67995],
							"lerp_mode": "catmullrom"
						},
						"0.9167": {
							"post": [-0.88045, -9.96156, 5.07673],
							"lerp_mode": "catmullrom"
						},
						"2.0": {
							"post": [0, 0, 0],
							"lerp_mode": "catmullrom"
						}
					}
				},
				"eye2": {
					"position": {
						"0.0": [0, 0, 0],
						"0.4583": {
							"pre": [0, 0, 0],
							"post": [0, 0, 1]
						},
						"0.5": {
							"pre": [0, 0, 1],
							"post": [0, 0, 0]
						},
						"0.875": {
							"pre": [0, 0, 0],
							"post": [0, 0, 1]
						},
						"0.9167": {
							"pre": [0, 0, 1],
							"post": [0, 0, 0]
						},
						"1.375": {
							"pre": [0, 0, 0],
							"post": [0, 0, 1]
						},
						"1.4167": {
							"pre": [0, 0, 1],
							"post": [0, 0, -0.07]
						},
						"2.0": {
							"pre": [0, 0, -0.07],
							"post": [0, 0, 0]
						}
					}
				},
				"eye_pupiled1": {
					"position": {
						"0.0": [0, 0, 0],
						"0.5": {
							"pre": [0, 0, 0],
							"post": [0.2, 0, 0]
						},
						"0.9167": {
							"pre": [0.2, 0, 0],
							"post": [-0.8, 0, 0]
						},
						"1.4167": {
							"pre": [-0.8, 0, 0],
							"post": [0.2, 0, 0]
						},
						"1.75": {
							"pre": [0.2, 0, 0],
							"post": [0, 0, 0]
						},
						"2.0": {
							"pre": [0, 0, 0],
							"post": [0, 0, 0]
						}
					}
				},
				"eye_pupiled2": {
					"position": {
						"0.0": [0, 0, 0],
						"0.5": {
							"pre": [0, 0, 0],
							"post": [0.8, 0, 0]
						},
						"0.9167": {
							"pre": [0.8, 0, 0],
							"post": [-0.2, 0, 0]
						},
						"1.4167": {
							"pre": [-0.2, 0, 0],
							"post": [0.8, 0, 0]
						},
						"1.75": {
							"pre": [0.8, 0, 0],
							"post": [0, 0, 0]
						},
						"2.0": {
							"pre": [0, 0, 0],
							"post": [0, 0, 0]
						}
					}
				}
			}
		},
		"animation.skwovet.quirk_tail": {
			"animation_length": 0.9167,
			"bones": {
				"line": {
					"rotation": {
						"0.0": [0, 0, 0],
						"0.25": [0, "2.5+Math.sin(q.anim_time*90*30)*8", 0],
						"0.9167": [0, 0, 0]
					}
				}
			}
		}
	}
}