{
	"format_version": "1.12.0",
	"minecraft:geometry": [
		{
			"description": {
				"identifier": "geometry.unknown",
				"texture_width": 64,
				"texture_height": 64,
				"visible_bounds_width": 3,
				"visible_bounds_height": 3.5,
				"visible_bounds_offset": [0, 1.25, 0]
			},
			"bones": [
				{
					"name": "kubfu",
					"pivot": [0, 0, 0]
				},
				{
					"name": "body",
					"parent": "kubfu",
					"pivot": [0, -1, 0]
				},
				{
					"name": "torso_bot",
					"parent": "body",
					"pivot": [0, 10, 0],
					"cubes": [
						{"origin": [-2.5, 8, -2.5], "size": [5, 4, 5], "uv": [0, 16]}
					]
				},
				{
					"name": "tail",
					"parent": "torso_bot",
					"pivot": [0, 9, 2.5],
					"cubes": [
						{"origin": [-1.5, 8, 2.5], "size": [3, 3, 3], "uv": [40, 39]},
						{"origin": [0, 8, 2.5], "size": [0, 5, 5], "uv": [16, 39]}
					]
				},
				{
					"name": "torso",
					"parent": "torso_bot",
					"pivot": [0, 11.5, 0],
					"cubes": [
						{"origin": [-2, 10, -2], "size": [4, 5, 4], "uv": [20, 21]}
					]
				},
				{
					"name": "arm_right",
					"parent": "torso",
					"pivot": [2, 14, 0],
					"cubes": [
						{"origin": [1, 13, -1], "size": [6, 2, 2], "uv": [0, 39]}
					]
				},
				{
					"name": "arm_right2",
					"parent": "arm_right",
					"pivot": [6.875, 14, 0],
					"cubes": [
						{"origin": [6, 13, -1], "size": [4, 2, 2], "inflate": 0.2, "uv": [0, 46]}
					]
				},
				{
					"name": "finger_left_middle3",
					"parent": "arm_right2",
					"pivot": [10.3, 14.5, 1],
					"cubes": [
						{"origin": [10.225, 13.5, 0.5], "size": [1, 1, 1], "uv": [52, 41]}
					]
				},
				{
					"name": "finger_left6",
					"parent": "finger_left_middle3",
					"pivot": [11.235, 14.525, 1],
					"cubes": [
						{"origin": [11.225, 13.5, 0.5], "size": [1, 1, 1], "inflate": 0.01, "uv": [42, 52]}
					]
				},
				{
					"name": "finger_left7",
					"parent": "finger_left6",
					"pivot": [12.235, 14.525, 1],
					"cubes": [
						{"origin": [12.225, 13.5, 0.5], "size": [1, 1, 1], "uv": [52, 43]}
					]
				},
				{
					"name": "finger_left_middle2",
					"parent": "arm_right2",
					"pivot": [10.3, 14.5, -1],
					"cubes": [
						{"origin": [10.225, 13.5, -1.5], "size": [1, 1, 1], "uv": [46, 52]}
					]
				},
				{
					"name": "finger_left4",
					"parent": "finger_left_middle2",
					"pivot": [11.235, 14.525, -1],
					"cubes": [
						{"origin": [11.225, 13.5, -1.5], "size": [1, 1, 1], "inflate": 0.01, "uv": [52, 48]}
					]
				},
				{
					"name": "finger_left5",
					"parent": "finger_left4",
					"pivot": [12.235, 14.525, -1],
					"cubes": [
						{"origin": [12.225, 13.5, -1.5], "size": [1, 1, 1], "uv": [50, 52]}
					]
				},
				{
					"name": "finger_left_middle",
					"parent": "arm_right2",
					"pivot": [10.3, 14.85, 0],
					"cubes": [
						{"origin": [10.225, 13.85, -0.5], "size": [1, 1, 1], "uv": [52, 50]}
					]
				},
				{
					"name": "finger_left2",
					"parent": "finger_left_middle",
					"pivot": [11.235, 14.875, 0],
					"cubes": [
						{"origin": [11.225, 13.85, -0.5], "size": [1, 1, 1], "inflate": 0.01, "uv": [0, 53]}
					]
				},
				{
					"name": "finger_left3",
					"parent": "finger_left2",
					"pivot": [12.235, 14.875, 0],
					"cubes": [
						{"origin": [12.225, 13.85, -0.5], "size": [1, 1, 1], "uv": [4, 53]}
					]
				},
				{
					"name": "arm_left",
					"parent": "torso",
					"pivot": [-2, 14, 0],
					"cubes": [
						{"origin": [-7, 13, -1], "size": [6, 2, 2], "uv": [36, 21]}
					]
				},
				{
					"name": "arm_left2",
					"parent": "arm_left",
					"pivot": [-6.875, 14, 0],
					"cubes": [
						{"origin": [-10, 13, -1], "size": [4, 2, 2], "inflate": 0.2, "uv": [38, 45]}
					]
				},
				{
					"name": "finger_right_middle3",
					"parent": "arm_left2",
					"pivot": [-10.3, 14.5, 1],
					"cubes": [
						{"origin": [-11.225, 13.5, 0.5], "size": [1, 1, 1], "uv": [52, 41], "mirror": true}
					]
				},
				{
					"name": "finger_right6",
					"parent": "finger_right_middle3",
					"pivot": [-11.235, 14.525, 1],
					"cubes": [
						{"origin": [-12.225, 13.5, 0.5], "size": [1, 1, 1], "inflate": 0.01, "uv": [42, 52], "mirror": true}
					]
				},
				{
					"name": "finger_right7",
					"parent": "finger_right6",
					"pivot": [-12.235, 14.525, 1],
					"cubes": [
						{"origin": [-13.225, 13.5, 0.5], "size": [1, 1, 1], "uv": [52, 43], "mirror": true}
					]
				},
				{
					"name": "finger_right_middle",
					"parent": "arm_left2",
					"pivot": [-10.3, 14.85, 0],
					"cubes": [
						{"origin": [-11.225, 13.85, -0.5], "size": [1, 1, 1], "uv": [52, 50], "mirror": true}
					]
				},
				{
					"name": "finger_right2",
					"parent": "finger_right_middle",
					"pivot": [-11.235, 14.875, 0],
					"cubes": [
						{"origin": [-12.225, 13.85, -0.5], "size": [1, 1, 1], "inflate": 0.01, "uv": [0, 53], "mirror": true}
					]
				},
				{
					"name": "finger_right3",
					"parent": "finger_right2",
					"pivot": [-12.235, 14.875, 0],
					"cubes": [
						{"origin": [-13.225, 13.85, -0.5], "size": [1, 1, 1], "uv": [4, 53], "mirror": true}
					]
				},
				{
					"name": "finger_right_middle2",
					"parent": "arm_left2",
					"pivot": [-10.3, 14.5, -1],
					"cubes": [
						{"origin": [-11.225, 13.5, -1.5], "size": [1, 1, 1], "uv": [46, 52], "mirror": true}
					]
				},
				{
					"name": "finger_right4",
					"parent": "finger_right_middle2",
					"pivot": [-11.235, 14.525, -1],
					"cubes": [
						{"origin": [-12.225, 13.5, -1.5], "size": [1, 1, 1], "inflate": 0.01, "uv": [52, 48], "mirror": true}
					]
				},
				{
					"name": "finger_right5",
					"parent": "finger_right4",
					"pivot": [-12.235, 14.525, -1],
					"cubes": [
						{"origin": [-13.225, 13.5, -1.5], "size": [1, 1, 1], "uv": [50, 52], "mirror": true}
					]
				},
				{
					"name": "head_shake",
					"parent": "torso",
					"pivot": [0, 15.26589, -0.85714]
				},
				{
					"name": "head",
					"parent": "head_shake",
					"pivot": [0, 15.26589, -0.85714],
					"cubes": [
						{"origin": [-7.925, 18.7, 0], "size": [4, 3, 0], "pivot": [-3.925, 18.7, -1], "rotation": [0, 0, -12.5], "uv": [0, 50]},
						{"origin": [-7.025, 16.15, 0], "size": [4, 3, 0], "pivot": [-3.025, 16.15, -1], "rotation": [0, 0, -30], "uv": [50, 8]},
						{"origin": [3.925, 18.7, 0], "size": [4, 3, 0], "pivot": [3.925, 18.7, -1], "rotation": [0, 0, 12.5], "uv": [50, 45]},
						{"origin": [3.025, 16.15, 0], "size": [4, 3, 0], "pivot": [3.025, 16.15, -1], "rotation": [0, 0, 30], "uv": [50, 11]},
						{"origin": [-5, 15, -3.5], "size": [10, 9, 7], "uv": [0, 0]},
						{"origin": [-4, 20, -4], "size": [8, 1, 2], "inflate": 0.01, "uv": [16, 30]},
						{"origin": [-5, 21, -4], "size": [10, 3, 2], "inflate": 0.01, "uv": [20, 16]}
					]
				},
				{
					"name": "headband",
					"parent": "head",
					"pivot": [0, 21, 3.5]
				},
				{
					"name": "headband_right_1",
					"parent": "headband",
					"pivot": [1, 21, 3.5],
					"cubes": [
						{"origin": [0, 21, 3.5], "size": [2, 0, 3], "uv": [48, 35]}
					]
				},
				{
					"name": "headband_right_2",
					"parent": "headband_right_1",
					"pivot": [1, 21, 6.5],
					"cubes": [
						{"origin": [-0.5, 21, 6.5], "size": [3, 0, 3], "uv": [46, 5]}
					]
				},
				{
					"name": "headband_right_3",
					"parent": "headband_right_2",
					"pivot": [1, 21, 9.5],
					"cubes": [
						{"origin": [-1, 21, 9.5], "size": [4, 0, 4], "uv": [34, 12]}
					]
				},
				{
					"name": "headband_left_1",
					"parent": "headband",
					"pivot": [-1, 21, 3.5],
					"cubes": [
						{"origin": [-2, 21, 3.5], "size": [2, 0, 3], "uv": [48, 32]}
					]
				},
				{
					"name": "headband_left_2",
					"parent": "headband_left_1",
					"pivot": [-1, 21, 6.5],
					"cubes": [
						{"origin": [-2.5, 21, 6.5], "size": [3, 0, 3], "uv": [44, 18]}
					]
				},
				{
					"name": "headband_left_3",
					"parent": "headband_left_2",
					"pivot": [-1, 21, 9.5],
					"cubes": [
						{"origin": [-3, 21, 9.5], "size": [4, 0, 4], "uv": [34, 8]}
					]
				},
				{
					"name": "ear_right",
					"parent": "head",
					"pivot": [4.7, 23.1, -0.4875],
					"rotation": [0, 0, 45],
					"cubes": [
						{"origin": [2.825, 21.95, -1.0125], "size": [3, 3, 2], "uv": [26, 47]}
					]
				},
				{
					"name": "ear_left",
					"parent": "head",
					"pivot": [-4.7, 23.1, -0.4875],
					"rotation": [0, 0, -45],
					"cubes": [
						{"origin": [-5.825, 21.95, -1.0125], "size": [3, 3, 2], "uv": [46, 0]}
					]
				},
				{
					"name": "mouth",
					"parent": "head",
					"pivot": [0.5, 15, -4.525],
					"cubes": [
						{"origin": [-1.5, 15, -3.525], "size": [3, 4, 0], "uv": [8, 51]},
						{"origin": [-0.5, 18, -3.575], "size": [1, 1, 0], "uv": [16, 29]}
					]
				},
				{
					"name": "mouth_open",
					"parent": "mouth",
					"pivot": [0, 17.75625, -3.4775],
					"cubes": [
						{"origin": [-1, 15.75, -3.475], "size": [2, 2, 0], "uv": [14, 53]},
						{"origin": [0.1, 17.525, -3.478], "size": [1, 1, 0], "pivot": [0.6, 18.025, -3.475], "rotation": [0, 0, -45], "uv": [18, 29]},
						{"origin": [-1.1, 17.525, -3.478], "size": [1, 1, 0], "pivot": [-0.6, 18.025, -3.475], "rotation": [0, 0, 45], "uv": [14, 45]},
						{"origin": [-1.5, 17.725, -3.479], "size": [3, 1, 0], "uv": [48, 38]}
					]
				},
				{
					"name": "mouth_default",
					"parent": "mouth",
					"pivot": [0, 15.75, -4.55],
					"cubes": [
						{"origin": [-1, 15.75, -3.55], "size": [2, 2, 0], "uv": [12, 46]},
						{"origin": [-0.5, 15.325, -3.575], "size": [1, 2, 0], "uv": [14, 43]}
					]
				},
				{
					"name": "eye",
					"parent": "head",
					"pivot": [-4, 16, 2.475]
				},
				{
					"name": "eye_lid_left",
					"parent": "eye",
					"pivot": [4, 16, 2.575],
					"cubes": [
						{"origin": [2, 18, -3.475], "size": [2, 2, 0], "uv": [22, 53]}
					]
				},
				{
					"name": "eye_lid_right",
					"parent": "eye",
					"pivot": [-4, 16, 2.575],
					"cubes": [
						{"origin": [-4, 18, -3.475], "size": [2, 2, 0], "uv": [18, 53]}
					]
				},
				{
					"name": "eye_right",
					"parent": "eye",
					"pivot": [-3, 19, -3.525],
					"cubes": [
						{"origin": [-4, 18, -3.525], "size": [2, 2, 0], "uv": [16, 27]}
					]
				},
				{
					"name": "eye_right_inner",
					"parent": "eye_right",
					"pivot": [-3, 20, -3.55],
					"cubes": [
						{"origin": [-3.5, 19, -3.55], "size": [1, 2, 0], "uv": [36, 47]}
					]
				},
				{
					"name": "eye_left",
					"parent": "eye",
					"pivot": [3, 19, -3.525],
					"cubes": [
						{"origin": [2, 18, -3.525], "size": [2, 2, 0], "uv": [16, 25]}
					]
				},
				{
					"name": "eye_left_inner",
					"parent": "eye_left",
					"pivot": [3, 20, -3.55],
					"cubes": [
						{"origin": [2.5, 19, -3.55], "size": [1, 2, 0], "uv": [38, 43]}
					]
				},
				{
					"name": "hair_5",
					"parent": "head",
					"pivot": [0, 0, 0],
					"rotation": [0, 180, 0]
				},
				{
					"name": "hair_4",
					"parent": "hair_5",
					"pivot": [1.15229, 23.2, 1],
					"rotation": [0, 0, 40],
					"cubes": [
						{"origin": [-2.82271, 22.2, -0.9875], "size": [4, 2, 2], "uv": [26, 43]},
						{"origin": [-5.82271, 22.2, 0.0125], "size": [7, 2, 0], "uv": [44, 16]}
					]
				},
				{
					"name": "hair_3",
					"parent": "hair_5",
					"pivot": [1.45229, 23.475, 1],
					"rotation": [0, 0, 70],
					"cubes": [
						{"origin": [-3.52271, 22.475, -0.9875], "size": [5, 2, 2], "inflate": 0.01, "uv": [26, 39]},
						{"origin": [-5.52271, 22.475, 0.0125], "size": [7, 3, 0], "inflate": 0.01, "uv": [0, 43]}
					]
				},
				{
					"name": "eyebrown_right",
					"parent": "head",
					"pivot": [-1.475, 19.925, -2.95],
					"rotation": [0, 0, 30],
					"cubes": [
						{"origin": [-4.59273, 20.06894, -3.95], "size": [3, 1, 1], "inflate": 0.075, "uv": [14, 51]}
					]
				},
				{
					"name": "eyebrown_left",
					"parent": "head",
					"pivot": [1.475, 19.925, -2.95],
					"rotation": [0, 0, -30],
					"cubes": [
						{"origin": [1.59273, 20.06894, -3.95], "size": [3, 1, 1], "inflate": 0.075, "uv": [50, 14]}
					]
				},
				{
					"name": "hair_6",
					"parent": "head",
					"pivot": [0, 24, -3],
					"rotation": [0, 180, 0]
				},
				{
					"name": "hair_1",
					"parent": "hair_6",
					"pivot": [1.45229, 23.475, -3],
					"rotation": [0, 0, 57.5],
					"cubes": [
						{"origin": [-1.52271, 22.475, -3.5], "size": [3, 2, 1], "inflate": 0.01, "uv": [36, 49]},
						{"origin": [-3.52271, 22.475, -3], "size": [5, 3, 0], "inflate": 0.01, "uv": [48, 29]}
					]
				},
				{
					"name": "hair_2",
					"parent": "hair_6",
					"pivot": [0.57729, 22.775, -3],
					"rotation": [0, 0, 30],
					"cubes": [
						{"origin": [-2.39771, 21.775, -3.5], "size": [3, 2, 1], "uv": [44, 49]},
						{"origin": [-4.39771, 21.775, -3], "size": [5, 2, 0], "uv": [12, 49]}
					]
				},
				{
					"name": "leg_right",
					"parent": "body",
					"pivot": [2.5, 8.1, 0.45909],
					"cubes": [
						{"origin": [1.5, 4, -1.54091], "size": [3, 5, 3], "inflate": 0.025, "uv": [36, 25]}
					]
				},
				{
					"name": "leg_right_1",
					"parent": "leg_right",
					"pivot": [3, 4.72686, -1.19126],
					"cubes": [
						{"origin": [1, 2, -2.04091], "size": [4, 3, 4], "uv": [0, 32]}
					]
				},
				{
					"name": "feet_right",
					"parent": "leg_right_1",
					"pivot": [3, 2.02686, -2.06626],
					"cubes": [
						{"origin": [1, 0, -2.04091], "size": [4, 2, 4], "inflate": 0.001, "uv": [32, 33]},
						{"origin": [1, 0.02384, -4.02342], "size": [4, 0, 2], "pivot": [2.5, 0.02384, -2.04842], "rotation": [-72.5, 0, 0], "uv": [48, 27]}
					]
				},
				{
					"name": "leg_left",
					"parent": "body",
					"pivot": [-2.5, 8.1, 0.45909],
					"cubes": [
						{"origin": [-4.5, 4, -1.54091], "size": [3, 5, 3], "inflate": 0.025, "uv": [34, 0]}
					]
				},
				{
					"name": "leg_left_1",
					"parent": "leg_left",
					"pivot": [-3, 4.72686, -1.19126],
					"cubes": [
						{"origin": [-5, 2, -2.04091], "size": [4, 3, 4], "uv": [0, 25]}
					]
				},
				{
					"name": "feet_left",
					"parent": "leg_left_1",
					"pivot": [-3, 2.02686, -2.06626],
					"cubes": [
						{"origin": [-5, 0, -2.04091], "size": [4, 2, 4], "inflate": 0.001, "uv": [16, 33]},
						{"origin": [-5, 0.02384, -4.02342], "size": [4, 0, 2], "pivot": [-2.5, 0.02384, -2.04842], "rotation": [-72.5, 0, 0], "uv": [48, 25]}
					]
				}
			]
		}
	]
}