{
	"format_version": "1.8.0",
	"animations": {
		"animation.excadrill.recoil": {
			"animation_length": 0.5417,
			"bones": {
				"torso": {
					"rotation": {
						"0.0": {
							"post": [0, 0, 0],
							"lerp_mode": "catmullrom"
						},
						"0.0417": {
							"post": [-13.34, 0, 0],
							"lerp_mode": "catmullrom"
						},
						"0.2083": {
							"post": [-5, 0, 0],
							"lerp_mode": "catmullrom"
						},
						"0.5417": {
							"post": [0, 0, 0],
							"lerp_mode": "catmullrom"
						}
					}
				},
				"head": {
					"rotation": {
						"0.0": {
							"post": [0, 0, 0],
							"lerp_mode": "catmullrom"
						},
						"0.2083": {
							"post": [-7.5, 0, 0],
							"lerp_mode": "catmullrom"
						},
						"0.5417": {
							"post": [0, 0, 0],
							"lerp_mode": "catmullrom"
						}
					}
				},
				"eye1": {
					"position": {
						"0.0": {
							"post": [0, 0, 0],
							"lerp_mode": "catmullrom"
						},
						"0.2083": {
							"post": [-1, 0, 0],
							"lerp_mode": "catmullrom"
						},
						"0.5417": {
							"post": [0, 0, 0],
							"lerp_mode": "catmullrom"
						}
					}
				},
				"hand1": {
					"rotation": {
						"0.0": {
							"post": [0, 0, 0],
							"lerp_mode": "catmullrom"
						},
						"0.2083": {
							"post": [0, -15, 0],
							"lerp_mode": "catmullrom"
						},
						"0.5417": {
							"post": [0, 0, 0],
							"lerp_mode": "catmullrom"
						}
					}
				},
				"hand2": {
					"rotation": {
						"0.0": {
							"post": [0, 0, 0],
							"lerp_mode": "catmullrom"
						},
						"0.2083": {
							"post": [0, 15, 0],
							"lerp_mode": "catmullrom"
						},
						"0.5417": {
							"post": [0, 0, 0],
							"lerp_mode": "catmullrom"
						}
					}
				},
				"eye2": {
					"position": {
						"0.0": {
							"post": [0, 0, 0],
							"lerp_mode": "catmullrom"
						},
						"0.2083": {
							"post": [1, 0, 0],
							"lerp_mode": "catmullrom"
						},
						"0.5417": {
							"post": [0, 0, 0],
							"lerp_mode": "catmullrom"
						}
					}
				},
				"mounch": {
					"rotation": {
						"0.0": {
							"post": [0, 0, 0],
							"lerp_mode": "catmullrom"
						},
						"0.2083": {
							"post": [25, 0, 0],
							"lerp_mode": "catmullrom"
						},
						"0.5417": {
							"post": [0, 0, 0],
							"lerp_mode": "catmullrom"
						}
					}
				}
			}
		},
		"animation.excadrill.sleep": {
			"loop": true,
			"bones": {
				"leg0": {
					"rotation": [-69.55418, -11.73507, -4.3361],
					"position": [2, 1, -9]
				},
				"legmini0": {
					"rotation": [10, 0, 0]
				},
				"leg1": {
					"rotation": [-69.55418, 11.73507, 4.3361],
					"position": [-2, 1, -9]
				},
				"legmini1": {
					"rotation": [10, 0, 0]
				},
				"torso": {
					"rotation": ["0-math.sin(q.anim_time*90*4-0)*0.2", 0, 0],
					"position": [0, "-1-math.cos((query.anim_time)*90*2-0)*0.01", 1]
				},
				"torso2": {
					"rotation": ["10+math.sin(q.anim_time*90*12/6+90)*0.25", 0, 0],
					"position": [0, 0, -1]
				},
				"neck_head": {
					"rotation": ["10+math.sin(q.anim_time*90*2)*0.3", 0, 0]
				},
				"head": {
					"rotation": [10, 0, 0],
					"position": [0, 0, 0.4]
				},
				"drill": {
					"rotation": [-10, 0, 0]
				},
				"eye1": {
					"position": [-1, 0, 0]
				},
				"eye2": {
					"position": [1, 0, 0]
				},
				"hand1": {
					"rotation": [-20, "-15+math.sin(q.anim_time*90*12/6-0)*0.5", "34+math.sin(q.anim_time*90*3)*0.5"]
				},
				"hand_parte1": {
					"rotation": [0, 0, 5]
				},
				"hand_mini1": {
					"rotation": [0, 0, 4],
					"position": [-1, 1, 0]
				},
				"hand2": {
					"rotation": [-20, "15-math.sin(q.anim_time*90*12/6-0)*0.5", "-34-math.sin(q.anim_time*90*3)*0.5"]
				},
				"hand_parte2": {
					"rotation": [0, 0, 5]
				},
				"hand_mini2": {
					"rotation": [0, 0, -4],
					"position": [1, 1, 0]
				},
				"nail_hand_mini1": {
					"position": [0, 15, 0],
					"scale": [0.8, 0, 1]
				},
				"nail_hand_mini2": {
					"position": [0, 15, 0],
					"scale": [0.8, 0, 1]
				},
				"drill_form": {
					"scale": 0
				}
			}
		},
		"animation.excadrill.ground_idle": {
			"loop": true,
			"bones": {
				"leg0": {
					"rotation": [0, -15, -5],
					"position": [0, -1, -2]
				},
				"legmini0": {
					"rotation": [1, 0, 5],
					"position": [0, 1, 0]
				},
				"leg1": {
					"rotation": [0, 15, 5],
					"position": [0, -1, -2]
				},
				"legmini1": {
					"rotation": [1, 0, -5],
					"position": [0, 1, 0]
				},
				"torso": {
					"rotation": ["0+math.sin(q.anim_time*90*4+60)*0.75", 0, "0+math.cos(q.anim_time*90*2+90)*0.5"],
					"position": [0, "0-math.cos((query.anim_time)*90*4-90)*0.2", 0]
				},
				"torso2": {
					"rotation": ["0+math.cos(query.anim_time*90*2-90)*1", 0, 0]
				},
				"neck_head": {
					"rotation": [0, 0, 0],
					"position": [0, 0, 0]
				},
				"head": {
					"rotation": [5, 0, 0]
				},
				"drill": {
					"rotation": ["-2.5+math.cos(q.anim_time*90*1.5-90)*2", 0, 0]
				},
				"hand1": {
					"rotation": [0, "-5+math.sin(q.anim_time*90*2+90)*5", "30-math.cos(q.anim_time*90*4+90)*2"]
				},
				"hand_parte1": {
					"rotation": [0, "2+math.cos(q.anim_time*90*1-60)*2", "10+math.sin(q.anim_time*90*2+90)*2"]
				},
				"hand2": {
					"rotation": [0, "5-math.sin(q.anim_time*90*2+90)*5", "-30+math.cos(q.anim_time*90*4+90)*2"]
				},
				"hand_parte2": {
					"rotation": [0, "-2-math.cos(q.anim_time*90*1-60)*2", "-10-math.sin(q.anim_time*90*2+90)*2"]
				},
				"nail_hand_mini1": {
					"scale": [0.8, 1, 1]
				},
				"nail_hand_mini2": {
					"scale": [0.7, 1, 1]
				},
				"drill_form": {
					"scale": 0
				}
			}
		},
		"animation.excadrill.ground_walk": {
			"loop": true,
			"animation_length": 1,
			"bones": {
				"leg0": {
					"rotation": {
						"0.0": {
							"post": [0, 0, 0],
							"lerp_mode": "catmullrom"
						},
						"0.2083": {
							"post": [12.5, 0, 0],
							"lerp_mode": "catmullrom"
						},
						"0.5": {
							"post": [-15.32, 0, 0],
							"lerp_mode": "catmullrom"
						},
						"0.6667": {
							"post": [0, 0, 0],
							"lerp_mode": "catmullrom"
						},
						"1.0": {
							"post": [0, 0, 0],
							"lerp_mode": "catmullrom"
						}
					},
					"position": {
						"0.0": {
							"post": [1, 0, 2],
							"lerp_mode": "catmullrom"
						},
						"0.1667": {
							"post": [0.71, -0.76, 1.26],
							"lerp_mode": "catmullrom"
						},
						"0.5": {
							"post": [-1, 1, -3],
							"lerp_mode": "catmullrom"
						},
						"0.625": {
							"post": [-0.69, -0.16, -2.22],
							"lerp_mode": "catmullrom"
						},
						"1.0": {
							"post": [1, 0, 2],
							"lerp_mode": "catmullrom"
						}
					}
				},
				"legmini0": {
					"rotation": {
						"0.0": [0, 0, 0],
						"0.1667": [4.17, 0, 0],
						"0.5": [5, 0, 0],
						"0.6667": [-1.67, 0, 0],
						"1.0": [0, 0, 0]
					}
				},
				"leg1": {
					"rotation": {
						"0.0": {
							"post": [0, 0, 0],
							"lerp_mode": "catmullrom"
						},
						"0.2083": {
							"post": [5, 0, 0],
							"lerp_mode": "catmullrom"
						},
						"0.5": {
							"post": [-16.74, 0, 0],
							"lerp_mode": "catmullrom"
						},
						"0.6667": {
							"post": [-0.74, 0, 0],
							"lerp_mode": "catmullrom"
						},
						"1.0": {
							"post": [0, 0, 0],
							"lerp_mode": "catmullrom"
						}
					},
					"position": {
						"0.0": {
							"post": [-1, 1, -3],
							"lerp_mode": "catmullrom"
						},
						"0.1667": {
							"post": [-0.85, -0.05, -1.17],
							"lerp_mode": "catmullrom"
						},
						"0.5": {
							"post": [0, 0, 2],
							"lerp_mode": "catmullrom"
						},
						"0.625": {
							"post": [-0.16, -0.84, -0.78],
							"lerp_mode": "catmullrom"
						},
						"1.0": {
							"post": [-1, 1, -3],
							"lerp_mode": "catmullrom"
						}
					}
				},
				"legmini1": {
					"rotation": {
						"0.0": {
							"post": [5, 0, 0],
							"lerp_mode": "catmullrom"
						},
						"0.5": {
							"post": [0, 0, 0],
							"lerp_mode": "catmullrom"
						},
						"1.0": {
							"post": [5, 0, 0],
							"lerp_mode": "catmullrom"
						}
					}
				},
				"torso": {
					"rotation": ["math.sin(q.anim_time*90*4+90)*4", "0+math.sin(q.anim_time*90*4+90)*6", "0+math.cos(q.anim_time*90*4+90)*4"],
					"position": [0, "math.cos(q.anim_time*180*4+30)*0.5", 0]
				},
				"neck_head": {
					"rotation": ["7.5+math.cos(q.anim_time*90*4+90)*2", "0+math.sin(q.anim_time*90*4+90)*2", 0]
				},
				"head": {
					"rotation": {
						"0.0": {
							"post": [-2.5, 0, 0],
							"lerp_mode": "catmullrom"
						}
					}
				},
				"drill": {
					"rotation": {
						"0.0": {
							"post": [-2.5, 0, 0],
							"lerp_mode": "catmullrom"
						}
					}
				},
				"hand1": {
					"rotation": {
						"0.0": {
							"post": [0, 25, 30],
							"lerp_mode": "catmullrom"
						},
						"0.5": {
							"post": [0, -30, 30],
							"lerp_mode": "catmullrom"
						},
						"1.0": {
							"post": [0, 25, 30],
							"lerp_mode": "catmullrom"
						}
					}
				},
				"hand_parte1": {
					"rotation": {
						"0.0": {
							"post": [0, 7, 10],
							"lerp_mode": "catmullrom"
						},
						"0.5": {
							"post": [0, 9.5, 10],
							"lerp_mode": "catmullrom"
						},
						"1.0": {
							"post": [0, 7, 10],
							"lerp_mode": "catmullrom"
						}
					}
				},
				"hand_mini1": {
					"rotation": {
						"0.0": {
							"post": [0, 0, 4],
							"lerp_mode": "catmullrom"
						}
					},
					"position": {
						"0.0": {
							"post": [-1, 1, 0],
							"lerp_mode": "catmullrom"
						}
					}
				},
				"hand2": {
					"rotation": {
						"0.0": {
							"post": [0, 30, -30],
							"lerp_mode": "catmullrom"
						},
						"0.5": {
							"post": [0, -25, -30],
							"lerp_mode": "catmullrom"
						},
						"1.0": {
							"post": [0, 30, -30],
							"lerp_mode": "catmullrom"
						}
					}
				},
				"hand_parte2": {
					"rotation": {
						"0.0": {
							"post": [0, -9.5, -10],
							"lerp_mode": "catmullrom"
						},
						"0.5": {
							"post": [0, -7, -10],
							"lerp_mode": "catmullrom"
						},
						"1.0": {
							"post": [0, -9.5, -10],
							"lerp_mode": "catmullrom"
						}
					}
				},
				"hand_mini2": {
					"rotation": {
						"0.0": {
							"post": [0, 0, -4],
							"lerp_mode": "catmullrom"
						}
					},
					"position": {
						"0.0": {
							"post": [1, 1, 0],
							"lerp_mode": "catmullrom"
						}
					}
				},
				"nail_hand_mini1": {
					"position": [0, 15, 0],
					"scale": [0.9, 0, 1]
				},
				"nail_hand_mini2": {
					"position": [0, 15, 0],
					"scale": [0.8, 0, 1]
				},
				"drill_form": {
					"scale": 0
				}
			}
		},
		"animation.excadrill.render": {
			"loop": true,
			"animation_length": 0.4583,
			"bones": {
				"leg0": {
					"rotation": [0, -25, -10],
					"position": [2, -2, -3]
				},
				"leg1": {
					"rotation": [1.74942, 34.96182, 3.05099],
					"position": [-1, 0, -6]
				},
				"torso": {
					"rotation": [0, 0, -2.5]
				},
				"torso2": {
					"rotation": [10, 0, -5],
					"position": [0, 0, -1]
				},
				"neck_head": {
					"rotation": [0, 5, 0]
				},
				"head": {
					"rotation": [10, 0, 0]
				},
				"mounch": {
					"rotation": [25, 0, 0]
				},
				"nose": {
					"rotation": [2.5, 0, 0]
				},
				"eye_part1": {
					"position": [0, 0, 1]
				},
				"eye_part2": {
					"position": [0, 0, 1]
				},
				"hand1": {
					"rotation": [-62.5, -2.5, -20]
				},
				"hand_parte1": {
					"rotation": [0, 0, 40]
				},
				"hand2": {
					"rotation": [0, 25, -27.5]
				},
				"hand_parte2": {
					"rotation": [0, -22.5, 0]
				},
				"hand_mini2": {
					"rotation": [0, 0, -5],
					"position": [1.1, 1.3, 0]
				},
				"bone2": {
					"position": [0, 0, -1]
				},
				"bone1": {
					"position": [0, 0, -1]
				},
				"nail_hand_mini2": {
					"position": [0, 16, 0],
					"scale": [0.8, 0, 1]
				},
				"bone": {
					"position": [-4, 14, 0],
					"scale": [0.8, 0, 1]
				},
				"nosexd1": {
					"scale": [0.6, 1, 1]
				},
				"nail3": {
					"rotation": [0, 15, 0],
					"position": [0, 0, 4]
				},
				"mini1": {
					"scale": [1, 1, 0]
				},
				"drill_form": {
					"scale": 0
				},
				"nail2": {
					"rotation": [0, -22.5, 0],
					"position": [0, 0, -6]
				}
			}
		},
		"animation.excadrill.blink": {
			"animation_length": 0.1667,
			"bones": {
				"eye1": {
					"position": {
						"0.0": {
							"post": [-1, 0, 0],
							"lerp_mode": "catmullrom"
						},
						"0.1667": {
							"post": [0, 0, 0],
							"lerp_mode": "catmullrom"
						}
					}
				},
				"eye2": {
					"position": {
						"0.0": {
							"post": [1, 0, 0],
							"lerp_mode": "catmullrom"
						},
						"0.1667": {
							"post": [0, 0, 0],
							"lerp_mode": "catmullrom"
						}
					}
				}
			}
		},
		"animation.excadrill.cry": {
			"animation_length": 1.25,
			"bones": {
				"torso": {
					"rotation": {
						"0.0": {
							"post": [0, 0, 0],
							"lerp_mode": "catmullrom"
						},
						"0.3333": {
							"post": [19.2, 0, 0],
							"lerp_mode": "catmullrom"
						},
						"0.5": {
							"post": [-2.5, 0, 0],
							"lerp_mode": "catmullrom"
						},
						"0.5833": {
							"post": [-5, 0, 0],
							"lerp_mode": "catmullrom"
						},
						"0.9583": {
							"post": [0, 0, 0],
							"lerp_mode": "catmullrom"
						}
					}
				},
				"neck_head": {
					"rotation": {
						"0.0": {
							"post": [0, 0, 0],
							"lerp_mode": "catmullrom"
						},
						"0.3333": {
							"post": [7.64, 0, 0],
							"lerp_mode": "catmullrom"
						},
						"0.5": {
							"post": [-5, 0, 0],
							"lerp_mode": "catmullrom"
						},
						"0.5833": {
							"post": [-7.5, 0, 0],
							"lerp_mode": "catmullrom"
						},
						"0.9583": {
							"post": [0, 0, 0],
							"lerp_mode": "catmullrom"
						}
					}
				},
				"mounch": {
					"rotation": {
						"0.0": {
							"post": [0, 0, 0],
							"lerp_mode": "catmullrom"
						},
						"0.3333": {
							"post": ["20+math.sin(q.anim_time*90*24-360)*2", 0, 0],
							"lerp_mode": "catmullrom"
						},
						"0.5833": {
							"post": ["20+math.sin(q.anim_time*90*24-360)*4", 0, 0],
							"lerp_mode": "catmullrom"
						},
						"0.7917": {
							"post": [0, 0, 0],
							"lerp_mode": "catmullrom"
						}
					}
				},
				"hand1": {
					"rotation": {
						"0.0": {
							"post": [0, 0, 0],
							"lerp_mode": "catmullrom"
						},
						"0.3333": {
							"post": [0, 18.04, 0],
							"lerp_mode": "catmullrom"
						},
						"0.5": {
							"post": [0, -35, 0],
							"lerp_mode": "catmullrom"
						},
						"0.9583": {
							"post": [0, 0, 0],
							"lerp_mode": "catmullrom"
						}
					}
				},
				"hand2": {
					"rotation": {
						"0.0": {
							"post": [0, 0, 0],
							"lerp_mode": "catmullrom"
						},
						"0.3333": {
							"post": [0, -18.04, 0],
							"lerp_mode": "catmullrom"
						},
						"0.5": {
							"post": [0, 35, 0],
							"lerp_mode": "catmullrom"
						},
						"0.9583": {
							"post": [0, 0, 0],
							"lerp_mode": "catmullrom"
						}
					}
				},
				"torso2": {
					"rotation": {
						"0.0": {
							"post": [0, 0, 0],
							"lerp_mode": "catmullrom"
						},
						"0.3333": {
							"post": [17.5, 0, 0],
							"lerp_mode": "catmullrom"
						},
						"0.5": {
							"post": [-12.5, 0, 0],
							"lerp_mode": "catmullrom"
						},
						"0.5833": {
							"post": [-15.4, 0, 0],
							"lerp_mode": "catmullrom"
						},
						"0.9583": {
							"post": [4.07, 0, 0],
							"lerp_mode": "catmullrom"
						},
						"1.2083": {
							"post": [0, 0, 0],
							"lerp_mode": "catmullrom"
						}
					}
				}
			},
			"sound_effects": {
				"0.3333": {
					"effect": "pokemon.excadrill.cry"
				}
			}
		},
		"animation.excadrill.quirk": {
			"animation_length": 2.25,
			"bones": {
				"torso": {
					"rotation": {
						"0.0": [0, 0, 0],
						"0.0417": [0, 0.525, 0],
						"0.1667": [0, 6.325, 0],
						"0.25": [0, 7.275, 0],
						"0.375": [0, 7.5, 0],
						"0.5417": [0, 7.25, 0],
						"0.6667": [0, 5.62, 0],
						"0.875": [0, -7.65, 0],
						"1.0": [0, -9.28, 0],
						"1.2917": [0, -8.655, 0],
						"1.4583": [0, -7.93, 0],
						"1.6667": {
							"pre": [0, -0.5, 0],
							"post": [0, -0.5, 0],
							"lerp_mode": "catmullrom"
						},
						"1.7917": {
							"post": [0, 0, 0],
							"lerp_mode": "catmullrom"
						},
						"2.25": [0, 0, 0]
					}
				},
				"neck_head": {
					"rotation": {
						"0.0": {
							"post": [0, 0, 0],
							"lerp_mode": "catmullrom"
						},
						"0.0417": {
							"post": [4, 2, 0],
							"lerp_mode": "catmullrom"
						},
						"0.1667": {
							"post": [7.5, 30, 0],
							"lerp_mode": "catmullrom"
						},
						"0.2917": {
							"post": [4, 46, 0],
							"lerp_mode": "catmullrom"
						},
						"0.4583": {
							"post": [-7.5, 52.5, 0],
							"lerp_mode": "catmullrom"
						},
						"0.75": {
							"post": [-6, 52, 0],
							"lerp_mode": "catmullrom"
						},
						"0.875": {
							"post": [12, 45, 0],
							"lerp_mode": "catmullrom"
						},
						"0.9583": {
							"post": [0, 9, 0],
							"lerp_mode": "catmullrom"
						},
						"1.0833": {
							"post": [-3, -25, 0],
							"lerp_mode": "catmullrom"
						},
						"1.2083": {
							"post": [-7.5, -35, 0],
							"lerp_mode": "catmullrom"
						},
						"1.5": {
							"post": [-5.04, -30.665, 0],
							"lerp_mode": "catmullrom"
						},
						"1.625": {
							"post": [9.8, -12.495, 0],
							"lerp_mode": "catmullrom"
						},
						"1.75": {
							"post": [1.695, -1.62, 0],
							"lerp_mode": "catmullrom"
						},
						"1.8333": {
							"post": [0, 0, 0],
							"lerp_mode": "catmullrom"
						},
						"2.25": {
							"post": [0, 0, 0],
							"lerp_mode": "catmullrom"
						}
					}
				},
				"eye1": {
					"position": {
						"0.0": [0, 0, 0],
						"0.375": [0, 0, 0],
						"0.4583": [-1, 0, 0],
						"0.5833": [0, 0, 0],
						"1.0": [0, 0, 0],
						"1.2917": [-1, 0, 0],
						"1.375": [0, 0, 0]
					}
				},
				"eye2": {
					"position": {
						"0.0": [0, 0, 0],
						"0.375": [0, 0, 0],
						"0.4583": [1, 0, 0],
						"0.5833": [0, 0, 0]
					}
				},
				"hand1": {
					"rotation": {
						"0.0": [0, 0, 0],
						"0.125": [0, -7.5, 0],
						"0.5417": [0, -5.1, 0],
						"0.75": {
							"pre": [-0.8, -4.77, -0.825],
							"post": [-0.8, -4.77, -0.825],
							"lerp_mode": "catmullrom"
						},
						"1.125": {
							"post": [-5.62431, 27.59819, -10.52898],
							"lerp_mode": "catmullrom"
						},
						"1.5417": {
							"post": [-4.30828, 13.45754, -7.42257],
							"lerp_mode": "catmullrom"
						},
						"1.7917": {
							"post": [-0.295, -0.59, -0.65],
							"lerp_mode": "catmullrom"
						},
						"1.9167": {
							"post": [0, 0, 0],
							"lerp_mode": "catmullrom"
						},
						"2.25": [0, 0, 0]
					}
				},
				"hand2": {
					"rotation": {
						"0.0": [0, 0, 0],
						"0.125": [0, 7.5, 0],
						"0.5417": [0, -17.4, 0],
						"0.75": {
							"pre": [-0.83698, -17.72776, 1.1464],
							"post": [-0.83698, -17.72776, 1.1464],
							"lerp_mode": "catmullrom"
						},
						"1.125": {
							"post": [-5.9116, 3.5768, -4.97636],
							"lerp_mode": "catmullrom"
						},
						"1.5417": {
							"post": [-4.2, 3.995, 6.125],
							"lerp_mode": "catmullrom"
						},
						"1.7917": {
							"post": [-0.295, 0.59, 0.65],
							"lerp_mode": "catmullrom"
						},
						"1.9167": {
							"post": [0, 0, 0],
							"lerp_mode": "catmullrom"
						},
						"2.25": [0, 0, 0]
					}
				}
			}
		},
		"animation.excadrill.battle_idle": {
			"loop": true,
			"bones": {
				"leg0": {
					"rotation": [2.59775, -27.38656, -10.63304],
					"position": [2, -2, -1]
				},
				"leg1": {
					"rotation": [0, 22.5, 5],
					"position": [0, -1, -6]
				},
				"torso": {
					"rotation": ["2.5880725782+Math.sin((query.anim_time)*90*3-30)*2", "-14.9853884562+Math.sin(q.anim_time*90*2-60)*1.25", -0.66963]
				},
				"head": {
					"rotation": [10, 0, 0]
				},
				"drill": {
					"rotation": [-10, 0, 0]
				},
				"eye_part1": {
					"position": [0, 0, 1]
				},
				"bone1": {
					"position": [0, 0, -1]
				},
				"eye_part2": {
					"position": [0, 0, 1]
				},
				"bone2": {
					"position": [0, 0, -1]
				},
				"hand1": {
					"rotation": [0, -25, "20+Math.sin(q.anim_time*90*4+360)*1.75"]
				},
				"hand_parte1": {
					"rotation": [0, -3, 10]
				},
				"nail3": {
					"rotation": [0, 20, 0],
					"position": [0, 0, 5],
					"scale": 1
				},
				"hand2": {
					"rotation": [-2.06754, -22.40972, "-14.5903906649-Math.sin(q.anim_time*90*4-360)*1.75"]
				},
				"hand_parte2": {
					"rotation": [0, 0, -10]
				},
				"nail5": {
					"rotation": [0, 20, 0],
					"position": [0, 0, -5],
					"scale": 1
				},
				"nail6": {
					"rotation": [0, -20, 0],
					"position": [0, 0, 5],
					"scale": 1
				},
				"drill_form": {
					"scale": 0
				},
				"torso2": {
					"rotation": ["5+Math.sin((query.anim_time)*90*4+180)*1.5", -5, 0]
				},
				"neck_head": {
					"rotation": ["-5-Math.sin(q.anim_time*90*4+90)*1.5", 10, 0]
				},
				"mini1": {
					"scale": 0
				},
				"nosexd1": {
					"scale": 0
				},
				"bone": {
					"scale": 0
				},
				"mini2": {
					"scale": 0
				},
				"nosexd2": {
					"scale": 0
				},
				"bone3": {
					"scale": 0
				},
				"nail2": {
					"rotation": [0, -20, 0],
					"position": [0, 0, -5]
				}
			}
		},
		"animation.excadrill.pose": {
			"loop": true,
			"bones": {
				"leg0": {
					"rotation": [2.59775, -27.38656, -10.63304],
					"position": [2, -2, -1]
				},
				"leg1": {
					"rotation": [0, 22.5, 5],
					"position": [0, -1, -6]
				},
				"torso": {
					"rotation": [2.58807, -14.98539, -0.66963]
				},
				"head": {
					"rotation": [10, 0, 0]
				},
				"drill": {
					"rotation": [-10, 0, 0]
				},
				"eye_part1": {
					"position": [0, 0, 1]
				},
				"bone1": {
					"position": [0, 0, -1]
				},
				"eye_part2": {
					"position": [0, 0, 1]
				},
				"bone2": {
					"position": [0, 0, -1]
				},
				"hand1": {
					"rotation": [0, -25, 20]
				},
				"hand_parte1": {
					"rotation": [0, -3, 10]
				},
				"nail3": {
					"rotation": [0, 20, 0],
					"position": [0, 0, 5],
					"scale": 1
				},
				"hand2": {
					"rotation": [-2.06754, -22.40972, -14.59039]
				},
				"hand_parte2": {
					"rotation": [0, 0, -10]
				},
				"nail5": {
					"rotation": [0, 20, 0],
					"position": [0, 0, -5],
					"scale": 1
				},
				"nail6": {
					"rotation": [0, -20, 0],
					"position": [0, 0, 5],
					"scale": 1
				},
				"drill_form": {
					"scale": 0
				},
				"torso2": {
					"rotation": [5, -5, 0]
				},
				"neck_head": {
					"rotation": [-5, 10, 0]
				},
				"mini1": {
					"scale": 0
				},
				"nosexd1": {
					"scale": 0
				},
				"bone": {
					"scale": 0
				},
				"mini2": {
					"scale": 0
				},
				"nosexd2": {
					"scale": 0
				},
				"bone3": {
					"scale": 0
				},
				"nail2": {
					"rotation": [0, -20, 0],
					"position": [0, 0, -5]
				}
			}
		},
		"animation.excadrill.physical": {
			"animation_length": 3,
			"bones": {
				"leg0": {
					"rotation": {
						"0.0": [2.59775, -27.38656, -10.63304],
						"0.375": [2.59775, -27.38656, -10.63304],
						"0.75": {
							"pre": [3.12245, -42.36824, -11.54279],
							"post": [3.12245, -42.36824, -11.54279],
							"lerp_mode": "catmullrom"
						},
						"1.125": {
							"post": [41.49035, -54.08547, -29.30677],
							"lerp_mode": "catmullrom"
						},
						"1.25": {
							"post": [5.98578, -67.29932, -14.96252],
							"lerp_mode": "catmullrom"
						},
						"3.0": [2.59775, -27.38656, -10.63304]
					},
					"position": {
						"0.0": [2, -2, -1],
						"0.375": [2, -2, -4],
						"0.75": [1, -2, -9],
						"1.125": [2.25, -1, -4.5],
						"1.25": [4, -2, -3],
						"3.0": [2, -2, -1]
					}
				},
				"leg1": {
					"rotation": {
						"0.0": [0, 22.5, 5],
						"0.1667": [5, 22.5, 5],
						"0.3333": {
							"pre": [18.85906, 32.53872, 16.90289],
							"post": [18.85906, 32.53872, 16.90289],
							"lerp_mode": "catmullrom"
						},
						"0.5": {
							"post": [29.48158, 39.38155, 13.98084],
							"lerp_mode": "catmullrom"
						},
						"0.7083": [8.10765, 44.0781, 7.85929],
						"0.875": {
							"pre": [31.46413, 46.80483, 29.34145],
							"post": [31.46413, 46.80483, 29.34145],
							"lerp_mode": "catmullrom"
						},
						"1.0": {
							"post": [30.03535, 60.5861, 28.9],
							"lerp_mode": "catmullrom"
						},
						"1.1667": {
							"post": [10.51345, 39.95716, 21.73869],
							"lerp_mode": "catmullrom"
						},
						"1.2083": {
							"post": [-2.23814, 37.23521, 3.12981],
							"lerp_mode": "catmullrom"
						},
						"1.25": [-2.45289, 35.04059, 1.98362],
						"3.0": [0, 22.5, 5]
					},
					"position": {
						"0.0": [0, -1, -6],
						"0.1667": [0, -1, -5],
						"0.3333": {
							"pre": [-1, -2, -3],
							"post": [-1, -2, -3],
							"lerp_mode": "catmullrom"
						},
						"0.4167": {
							"post": [-0.99, 0.01, -2.5],
							"lerp_mode": "catmullrom"
						},
						"0.5": {
							"post": [-0.98, 0.02, -2.75],
							"lerp_mode": "catmullrom"
						},
						"0.7083": [-1.93, -1.03, -2.95],
						"0.875": [-1.79, -2.03, -2.17],
						"1.0": [-3.68, -1.95, -4.4],
						"1.0833": [-3.03, -2.41, -5.96],
						"1.1667": {
							"pre": [-2.37, -0.87, -7.53],
							"post": [-2.37, -0.87, -7.53],
							"lerp_mode": "catmullrom"
						},
						"1.2083": {
							"post": [-0.32, 0.13, -8.99],
							"lerp_mode": "catmullrom"
						},
						"1.25": [1.74, -0.88, -10.46],
						"3.0": [0, -1, -6]
					}
				},
				"torso": {
					"rotation": {
						"0.0": [2.58807, -14.98539, -0.66963],
						"0.1667": {
							"pre": [0.08714, -12.48539, -0.6657],
							"post": [0.08714, -12.48539, -0.6657],
							"lerp_mode": "catmullrom"
						},
						"0.375": {
							"post": [0.08516, 2.51459, -0.64312],
							"lerp_mode": "catmullrom"
						},
						"0.5833": {
							"post": [0, 4, -0.65428],
							"lerp_mode": "catmullrom"
						},
						"0.7917": {
							"post": [7.70843, 25.64666, 13.70656],
							"lerp_mode": "catmullrom"
						},
						"1.0": {
							"post": [0.55354, 2.25452, 6.19577],
							"lerp_mode": "catmullrom"
						},
						"1.125": {
							"post": [-2.4871, -0.07448, 1.44146],
							"lerp_mode": "catmullrom"
						},
						"1.25": {
							"post": [8.57575, -34.00821, 1.69412],
							"lerp_mode": "catmullrom"
						},
						"1.6667": {
							"post": [11.21829, -37.67355, 0.36129],
							"lerp_mode": "catmullrom"
						},
						"2.0833": {
							"post": [2, -16, 2],
							"lerp_mode": "catmullrom"
						},
						"2.4167": {
							"post": [1.96494, -0.92387, 0.0187],
							"lerp_mode": "catmullrom"
						},
						"3.0": [2.58807, -14.98539, -0.66963]
					},
					"position": {
						"0.0": [0, 0, 0],
						"0.1667": {
							"pre": [0, 0, 0],
							"post": [0, 0, 0],
							"lerp_mode": "catmullrom"
						},
						"0.375": {
							"post": [0, 0, 0],
							"lerp_mode": "catmullrom"
						},
						"0.4583": {
							"post": [0, 0, 0],
							"lerp_mode": "catmullrom"
						},
						"0.5833": {
							"post": [0, 0, -0.07],
							"lerp_mode": "catmullrom"
						},
						"0.7917": {
							"post": [-1, 0, 0.78],
							"lerp_mode": "catmullrom"
						},
						"1.7083": [0, 0, -1],
						"2.0833": {
							"pre": [0, 0, -0.25],
							"post": [0, 0, -0.25],
							"lerp_mode": "catmullrom"
						},
						"2.4167": {
							"post": [0, 0, 0],
							"lerp_mode": "catmullrom"
						},
						"3.0": [0, 0, 0]
					}
				},
				"head": {
					"rotation": {
						"0.0": [10, 0, 0],
						"0.4167": {
							"pre": [12.5, 0, 0],
							"post": [12.5, 0, 0],
							"lerp_mode": "catmullrom"
						},
						"1.1667": {
							"post": [-6.49719, -6.47574, -0.62867],
							"lerp_mode": "catmullrom"
						},
						"1.25": {
							"post": [2.58807, 14.98539, 0.66963],
							"lerp_mode": "catmullrom"
						},
						"3.0": [10, 0, 0]
					}
				},
				"drill": {
					"rotation": {
						"0.0": [-10, 0, 0],
						"0.4167": [-9.17, 0, 0],
						"1.0": {
							"pre": [-0.01, 0, 0],
							"post": [-0.01, 0, 0],
							"lerp_mode": "catmullrom"
						},
						"1.1667": {
							"post": [-11.67, 0, 0],
							"lerp_mode": "catmullrom"
						},
						"1.25": {
							"post": [7.5, 0, 0],
							"lerp_mode": "catmullrom"
						},
						"3.0": [-10, 0, 0]
					}
				},
				"eye_part1": {
					"position": {
						"0.0": [0, 0, 1],
						"3.0": [0, 0, 1]
					}
				},
				"bone1": {
					"position": [0, 0, -1]
				},
				"eye_part2": {
					"position": [0, 0, 1]
				},
				"bone2": {
					"position": [0, 0, -1]
				},
				"hand1": {
					"rotation": {
						"0.0": [0, -25, 20],
						"0.25": {
							"pre": [0, -25, 20],
							"post": [0, -25, 20],
							"lerp_mode": "catmullrom"
						},
						"0.9167": {
							"post": [11.58962, 21.54592, 4.30402],
							"lerp_mode": "catmullrom"
						},
						"1.1667": {
							"post": [-29.78792, 9.0405, 17.19517],
							"lerp_mode": "catmullrom"
						},
						"1.25": {
							"post": [-13.31746, -34.35981, -36.48061],
							"lerp_mode": "catmullrom"
						},
						"1.5": {
							"post": [-13.31746, -34.35981, -36.48061],
							"lerp_mode": "catmullrom"
						},
						"1.7917": {
							"post": [-3.94404, -46.33243, -39.96845],
							"lerp_mode": "catmullrom"
						},
						"3.0": [0, -25, 20]
					},
					"position": {
						"0.0": [0, 0, 0],
						"0.25": {
							"pre": [0, 0, 0],
							"post": [0, 0, 0],
							"lerp_mode": "catmullrom"
						},
						"1.25": {
							"post": [0, 0, 2],
							"lerp_mode": "catmullrom"
						},
						"1.5": {
							"post": [0, 0, 2],
							"lerp_mode": "catmullrom"
						},
						"1.7917": {
							"post": [0, 0, 2],
							"lerp_mode": "catmullrom"
						},
						"2.7083": [0, 0, 0]
					}
				},
				"hand_parte1": {
					"rotation": {
						"0.0": [0, -3, 10],
						"0.25": [0.04386, 5.99905, 12.5042],
						"0.875": [0.00717, 10.16651, 10.41672],
						"1.1667": [0.00178, 30.48145, 10.09308],
						"1.25": [0, 17, 10],
						"1.7917": [-0.30838, 20.79668, 4.89881],
						"3.0": [0, -3, 10]
					}
				},
				"nail3": {
					"rotation": {
						"0.0": [0, 20, 0],
						"0.6667": {
							"pre": [0, 20, 0],
							"post": [0, 15, 0]
						},
						"0.75": {
							"pre": [0, 15, 0],
							"post": [0, 0, 0]
						},
						"1.25": {
							"pre": [0, 0, 0],
							"post": [0, 20, 0]
						},
						"3.0": [0, 20, 0]
					},
					"position": {
						"0.0": [0, 0, 5],
						"0.75": {
							"pre": [0, 0, 5],
							"post": [0, 0, 0]
						},
						"1.25": {
							"pre": [0, 0, 0],
							"post": [0, 0, 5]
						},
						"3.0": [0, 0, 5]
					},
					"scale": {
						"0.0": [1, 1, 1],
						"3.0": [1, 1, 1]
					}
				},
				"hand2": {
					"rotation": {
						"0.0": [-2.06754, -22.40972, -14.59039],
						"0.6667": {
							"pre": [-7.98082, -15.65239, 6.0127],
							"post": [-7.98082, -15.65239, 6.0127],
							"lerp_mode": "catmullrom"
						},
						"1.1667": {
							"post": [-4.58128, 22.60337, 34.5837],
							"lerp_mode": "catmullrom"
						},
						"1.2083": {
							"post": [-46.32601, -9.99599, -22.71452],
							"lerp_mode": "catmullrom"
						},
						"1.25": {
							"post": [21.02068, -57.69845, -46.12821],
							"lerp_mode": "catmullrom"
						},
						"1.875": {
							"post": [21.02068, -57.69845, -46.12821],
							"lerp_mode": "catmullrom"
						},
						"2.5417": [-9.88489, -36.32296, -1.48163],
						"3.0": [-2.06754, -22.40972, -14.59039]
					},
					"position": {
						"0.0": [0, 0, 0],
						"0.3333": {
							"pre": [0, 0, 0],
							"post": [0, 0, 0],
							"lerp_mode": "catmullrom"
						},
						"0.7083": {
							"post": [0, 0, 2],
							"lerp_mode": "catmullrom"
						},
						"1.1667": {
							"post": [0, 0, 3],
							"lerp_mode": "catmullrom"
						},
						"1.25": {
							"post": [-1, 0, 0],
							"lerp_mode": "catmullrom"
						},
						"1.625": {
							"post": [-0.9, 0.2, -0.4],
							"lerp_mode": "catmullrom"
						},
						"2.1667": {
							"post": [-0.9, 0.45, 0.85],
							"lerp_mode": "catmullrom"
						},
						"2.5417": [0, 0, 0],
						"3.0": [0, 0, 0]
					},
					"scale": {
						"1.1667": [1, 1, 1],
						"1.2083": [1.2, 1, 1],
						"1.25": [1, 1, 1]
					}
				},
				"hand_parte2": {
					"rotation": {
						"0.0": [0, 0, -10],
						"0.6667": [-1.75378, -9.84655, 0.15108],
						"1.1667": [-2.04517, -32.33457, 0.94529],
						"1.2083": [5.83729, -31.91836, -13.81832],
						"1.25": [6.19645, -36.89088, -14.45335],
						"3.0": [0, 0, -10]
					}
				},
				"nail5": {
					"rotation": {
						"0.0": [0, 20, 0],
						"0.6667": {
							"pre": [0, 20, 0],
							"post": [0, 17.5, 0]
						},
						"0.75": {
							"pre": [0, 17.5, 0],
							"post": [0, 0, 0]
						},
						"1.2083": {
							"pre": [0, 0, 0],
							"post": [0, 20, 0]
						},
						"3.0": [0, 20, 0]
					},
					"position": {
						"0.0": [0, 0, -5],
						"0.75": {
							"pre": [0, 0, -5],
							"post": [0, 0, 0]
						},
						"1.2083": {
							"pre": [0, 0, 0],
							"post": [0, 0, -5]
						},
						"3.0": [0, 0, -5]
					},
					"scale": {
						"0.0": [1, 1, 1],
						"3.0": [1, 1, 1]
					}
				},
				"nail6": {
					"rotation": {
						"0.0": [0, -20, 0],
						"0.6667": {
							"pre": [0, -20, 0],
							"post": [0, -17.5, 0]
						},
						"0.75": {
							"pre": [0, -17.5, 0],
							"post": [0, 0, 0]
						},
						"1.2083": {
							"pre": [0, 0, 0],
							"post": [0, -20, 0]
						},
						"3.0": [0, -20, 0]
					},
					"position": {
						"0.0": [0, 0, 5],
						"0.75": {
							"pre": [0, 0, 5],
							"post": [0, 0, 0]
						},
						"1.2083": {
							"pre": [0, 0, 0],
							"post": [0, 0, 5]
						},
						"3.0": [0, 0, 5]
					},
					"scale": {
						"0.0": [1, 1, 1],
						"3.0": [1, 1, 1]
					}
				},
				"drill_form": {
					"scale": {
						"0.0": [0, 0, 0],
						"3.0": [0, 0, 0]
					}
				},
				"allbody": {
					"rotation": {
						"0.0": [0, 0, 0],
						"0.4167": {
							"pre": [0, 0, 0],
							"post": [0, 0, 0],
							"lerp_mode": "catmullrom"
						},
						"0.75": {
							"post": [-0.39889, 18.27498, -0.44104],
							"lerp_mode": "catmullrom"
						},
						"1.125": {
							"post": [0, -1, 0],
							"lerp_mode": "catmullrom"
						},
						"1.25": {
							"post": [5.1139, -20.96759, 4.3346],
							"lerp_mode": "catmullrom"
						},
						"3.0": [0, 0, 0]
					},
					"position": {
						"0.0": [0, 0, 0],
						"0.4167": {
							"pre": [0, 0, 0],
							"post": [0, 0, 0],
							"lerp_mode": "catmullrom"
						},
						"1.125": {
							"post": [0, 0, 0],
							"lerp_mode": "catmullrom"
						},
						"1.25": {
							"post": [0, 0, -2],
							"lerp_mode": "catmullrom"
						},
						"3.0": [0, 0, 0]
					},
					"scale": {
						"0.0": [1, 1, 1],
						"1.1667": [1, 1, 1],
						"1.2083": [1, 1, 1.2],
						"1.25": [1, 1, 1]
					}
				},
				"torso2": {
					"rotation": {
						"0.0": [5, -5, 0],
						"0.4167": {
							"pre": [2.93654, 3.12995, 2.11301],
							"post": [2.93654, 3.12995, 2.11301],
							"lerp_mode": "catmullrom"
						},
						"0.7917": {
							"post": [1.34039, 20.72699, -1.59144],
							"lerp_mode": "catmullrom"
						},
						"1.125": {
							"post": [6.48707, 7.68977, 11.25291],
							"lerp_mode": "catmullrom"
						},
						"1.25": {
							"post": [5.22188, -17.45072, -1.13304],
							"lerp_mode": "catmullrom"
						},
						"1.75": {
							"post": [5.38973, -22.42932, -1.62473],
							"lerp_mode": "catmullrom"
						},
						"3.0": [5, -5, 0]
					}
				},
				"neck_head": {
					"rotation": {
						"0.0": [-5, 10, 0],
						"0.4167": {
							"pre": [2.5, 10, 0],
							"post": [2.5, 10, 0],
							"lerp_mode": "catmullrom"
						},
						"0.6667": {
							"post": [8.06986, -1.49446, -1.09752],
							"lerp_mode": "catmullrom"
						},
						"0.8333": {
							"post": [7.90084, -13.29289, 1.54413],
							"lerp_mode": "catmullrom"
						},
						"1.0": {
							"post": [7.3078, -0.32047, 7.59599],
							"lerp_mode": "catmullrom"
						},
						"1.1667": {
							"post": [-8.16601, 18.99553, 11.04893],
							"lerp_mode": "catmullrom"
						},
						"1.2083": {
							"post": [-10.52426, 7.14392, -1.69582],
							"lerp_mode": "catmullrom"
						},
						"1.25": {
							"post": [10.30602, -17.08544, -4.81184],
							"lerp_mode": "catmullrom"
						},
						"3.0": [-5, 10, 0]
					}
				},
				"mounch": {
					"rotation": {
						"0.0": {
							"post": [0, 0, 0],
							"lerp_mode": "catmullrom"
						},
						"1.1667": {
							"post": [3.33, 0, 0],
							"lerp_mode": "catmullrom"
						},
						"1.25": {
							"post": [25, 0, 0],
							"lerp_mode": "catmullrom"
						},
						"3.0": [0, 0, 0]
					}
				},
				"eye1": {
					"position": {
						"0.0": [0, 0, 0],
						"0.4167": {
							"pre": [0, 0, 0],
							"post": [-2, 0, 0]
						},
						"0.5": {
							"pre": [-2, 0, 0],
							"post": [0, 0, 0]
						},
						"3.0": [0, 0, 0]
					}
				},
				"eye2": {
					"position": {
						"0.0": [0, 0, 0],
						"0.4167": {
							"pre": [0, 0, 0],
							"post": [1, 0, 0]
						},
						"0.5": {
							"pre": [1, 0, 0],
							"post": [0, 0, 0]
						},
						"3.0": [0, 0, 0]
					}
				},
				"mini1": {
					"scale": 0
				},
				"nosexd1": {
					"scale": {
						"0.0": [0, 0, 0],
						"0.75": {
							"pre": [0, 0, 0],
							"post": [1, 1, 1]
						},
						"1.25": {
							"pre": [1, 1, 1],
							"post": [0, 0, 0]
						}
					}
				},
				"bone": {
					"scale": {
						"0.0": [0, 0, 0],
						"0.75": {
							"pre": [0, 0, 0],
							"post": [1, 1, 1]
						},
						"1.25": {
							"pre": [1, 1, 1],
							"post": [0, 0, 0]
						}
					}
				},
				"mini2": {
					"scale": {
						"0.0": [0, 0, 0],
						"0.75": [0, 0, 0.7],
						"3.0": [0, 0, 0]
					}
				},
				"nosexd2": {
					"scale": {
						"0.0": [0, 0, 0],
						"0.75": {
							"pre": [0, 0, 0],
							"post": [1, 1, 1]
						},
						"1.2083": {
							"pre": [1, 1, 1],
							"post": [0, 0, 0]
						}
					}
				},
				"bone3": {
					"scale": {
						"0.0": [0, 0, 0],
						"0.75": {
							"pre": [0, 0, 0],
							"post": [1, 1, 1]
						},
						"1.2083": {
							"pre": [1, 1, 1],
							"post": [0, 0, 0]
						}
					}
				},
				"nail2": {
					"rotation": {
						"0.0": [0, -20, 0],
						"0.6667": {
							"pre": [0, -20, 0],
							"post": [0, -17.5, 0]
						},
						"0.75": {
							"pre": [0, -17.5, 0],
							"post": [0, 0, 0]
						},
						"1.25": {
							"pre": [0, 0, 0],
							"post": [0, -20, 0]
						}
					},
					"position": {
						"0.0": [0, 0, -5],
						"0.75": {
							"pre": [0, 0, -5],
							"post": [0, 0, 0]
						},
						"1.25": {
							"pre": [0, 0, 0],
							"post": [0, 0, -5]
						}
					}
				}
			}
		},
		"animation.excadrill.status": {
			"animation_length": 2.75,
			"bones": {
				"leg0": {
					"rotation": {
						"0.0": [2.59775, -27.38656, -10.63304],
						"0.375": {
							"pre": [2.59775, -27.38656, -10.63304],
							"post": [2.59775, -27.38656, -10.63304],
							"lerp_mode": "catmullrom"
						},
						"0.6667": {
							"post": [15.86304, -36.47384, -16.37178],
							"lerp_mode": "catmullrom"
						},
						"0.8333": {
							"post": [17.30091, -34.60336, -16.78772],
							"lerp_mode": "catmullrom"
						},
						"1.125": {
							"post": [13.85899, -45.97113, -19.38549],
							"lerp_mode": "catmullrom"
						},
						"1.3333": {
							"post": [7.68827, -29.04697, -15.12746],
							"lerp_mode": "catmullrom"
						},
						"2.25": {
							"post": [7.68827, -29.04697, -15.12746],
							"lerp_mode": "catmullrom"
						},
						"2.75": [2.59775, -27.38656, -10.63304]
					},
					"position": {
						"0.0": [2, -2, -1],
						"0.375": {
							"pre": [2, -2, -1],
							"post": [2, -2, -1],
							"lerp_mode": "catmullrom"
						},
						"0.6667": {
							"post": [1, 0, 0],
							"lerp_mode": "catmullrom"
						},
						"0.7917": {
							"post": [2, -2.44, -0.81],
							"lerp_mode": "catmullrom"
						},
						"1.3333": {
							"post": [2, -2, -4],
							"lerp_mode": "catmullrom"
						},
						"2.25": {
							"post": [2, -2, -4],
							"lerp_mode": "catmullrom"
						},
						"2.75": [2, -2, -1]
					}
				},
				"leg1": {
					"rotation": {
						"0.0": [0, 22.5, 5],
						"0.375": {
							"pre": [0, 22.5, 5],
							"post": [0, 22.5, 5],
							"lerp_mode": "catmullrom"
						},
						"0.5": {
							"post": [13.66428, 27.97906, 2.02713],
							"lerp_mode": "catmullrom"
						},
						"0.6667": {
							"post": [-2.70011, 32.3614, 0.10557],
							"lerp_mode": "catmullrom"
						},
						"0.7917": {
							"post": [1.60197, 5.20247, 18.41558],
							"lerp_mode": "catmullrom"
						},
						"0.9167": {
							"post": [0.41576, 14.95906, 5.87957],
							"lerp_mode": "catmullrom"
						},
						"1.125": {
							"post": [0.41576, 14.95906, 5.87957],
							"lerp_mode": "catmullrom"
						},
						"1.3333": {
							"post": [0.50601, 37.45835, 6.08001],
							"lerp_mode": "catmullrom"
						},
						"2.25": {
							"post": [0.50601, 37.45835, 6.08001],
							"lerp_mode": "catmullrom"
						},
						"2.75": [0, 22.5, 5]
					},
					"position": {
						"0.0": [0, -1, -6],
						"0.375": {
							"pre": [0, -1, -6],
							"post": [0, -1, -6],
							"lerp_mode": "catmullrom"
						},
						"0.5": {
							"post": [-0.01, 1.57, -6.28],
							"lerp_mode": "catmullrom"
						},
						"0.6667": {
							"post": [0, 0, -9],
							"lerp_mode": "catmullrom"
						},
						"0.7917": {
							"post": [0.13, -3, -8.19],
							"lerp_mode": "catmullrom"
						},
						"0.9167": {
							"post": [0, -1, -7],
							"lerp_mode": "catmullrom"
						},
						"1.125": {
							"post": [0, -1, -7],
							"lerp_mode": "catmullrom"
						},
						"1.3333": {
							"post": [-2, -1, -7],
							"lerp_mode": "catmullrom"
						},
						"2.25": {
							"post": [-2, -1, -7],
							"lerp_mode": "catmullrom"
						},
						"2.75": [0, -1, -6]
					}
				},
				"torso": {
					"rotation": {
						"0.0": [2.58807, -14.98539, -0.66963],
						"0.375": {
							"pre": [2.58807, -14.98539, -0.66963],
							"post": [2.58807, -14.98539, -0.66963],
							"lerp_mode": "catmullrom"
						},
						"0.6667": {
							"post": [10.21877, -19.62802, 2.79508],
							"lerp_mode": "catmullrom"
						},
						"0.9167": {
							"post": [51.57284, -24.96907, 0.40016],
							"lerp_mode": "catmullrom"
						},
						"1.125": {
							"post": [41.57284, -24.96907, 0.40016],
							"lerp_mode": "catmullrom"
						},
						"1.3333": {
							"post": ["-8.0297144318+Math.sin(q.anim_time*90*24-0)*5", "-4.0029426444-Math.cos(q.anim_time*90*24-0)*5", 2.48262],
							"lerp_mode": "catmullrom"
						},
						"2.25": {
							"post": ["-8.0297144318+Math.sin(q.anim_time*90*24-0)*5", "-4.0029426444-Math.cos(q.anim_time*90*24-0)*5", 2.48262],
							"lerp_mode": "catmullrom"
						},
						"2.75": [2.58807, -14.98539, -0.66963]
					},
					"position": {
						"0.0": [0, 0, 0],
						"0.375": [0, 0, 0],
						"0.6667": {
							"pre": [0, 2, 0],
							"post": [0, 2, 0],
							"lerp_mode": "catmullrom"
						},
						"0.9167": {
							"post": [0, 2, 0],
							"lerp_mode": "catmullrom"
						},
						"1.125": {
							"post": [0, 2, 0],
							"lerp_mode": "catmullrom"
						},
						"1.3333": [-1, 0, 0],
						"2.25": [-1, 0, 0],
						"2.75": [0, 0, 0]
					}
				},
				"head": {
					"rotation": {
						"0.0": [10, 0, 0],
						"0.375": {
							"pre": [10, 0, 0],
							"post": [10, 0, 0],
							"lerp_mode": "catmullrom"
						},
						"0.6667": {
							"post": [-3.33, 0, 0],
							"lerp_mode": "catmullrom"
						},
						"1.0": {
							"post": [6.01, 0, 0],
							"lerp_mode": "catmullrom"
						},
						"1.25": {
							"post": [-7.5, 0, 0],
							"lerp_mode": "catmullrom"
						},
						"2.75": [10, 0, 0]
					}
				},
				"drill": {
					"rotation": {
						"0.0": [-10, 0, 0],
						"0.375": {
							"pre": [-10, 0, 0],
							"post": [-10, 0, 0],
							"lerp_mode": "catmullrom"
						},
						"0.6667": {
							"post": [-2.5, 0, 0],
							"lerp_mode": "catmullrom"
						},
						"1.0": {
							"post": [8.48, 0, 0],
							"lerp_mode": "catmullrom"
						},
						"1.25": {
							"post": [-10, 0, 0],
							"lerp_mode": "catmullrom"
						},
						"2.75": [-10, 0, 0]
					}
				},
				"eye_part1": {
					"position": [0, 0, 1]
				},
				"bone1": {
					"position": [0, 0, -1]
				},
				"eye_part2": {
					"position": [0, 0, 1]
				},
				"bone2": {
					"position": [0, 0, -1]
				},
				"hand1": {
					"rotation": {
						"0.0": [0, -25, 20],
						"0.375": {
							"pre": [0, -25, 20],
							"post": [0, -25, 20],
							"lerp_mode": "catmullrom"
						},
						"0.6667": {
							"post": [-21.70206, 19.14233, -13.75445],
							"lerp_mode": "catmullrom"
						},
						"0.9167": {
							"post": [-29.00406, 40.59118, 23.28307],
							"lerp_mode": "catmullrom"
						},
						"1.125": {
							"post": [-29.00406, 40.59118, 23.28307],
							"lerp_mode": "catmullrom"
						},
						"1.3333": {
							"post": [-11.92576, -31.77726, 4.36823],
							"lerp_mode": "catmullrom"
						},
						"2.25": {
							"post": [-11.92576, -31.77726, 4.36823],
							"lerp_mode": "catmullrom"
						},
						"2.75": [0, -25, 20]
					}
				},
				"hand_parte1": {
					"rotation": {
						"0.0": [0, -3, 10],
						"0.375": {
							"pre": [0, -3, 10],
							"post": [0, -3, 10],
							"lerp_mode": "catmullrom"
						},
						"0.6667": {
							"post": [0.3287, 10.95852, -4.6667],
							"lerp_mode": "catmullrom"
						},
						"0.9167": {
							"post": [9.17784, -11.82607, 18.60276],
							"lerp_mode": "catmullrom"
						},
						"1.125": {
							"post": [9.13253, 10.39448, 22.16061],
							"lerp_mode": "catmullrom"
						},
						"1.3333": {
							"post": [12.09545, 6.6092, 24.86795],
							"lerp_mode": "catmullrom"
						},
						"2.25": {
							"post": [12.09545, 6.6092, 24.86795],
							"lerp_mode": "catmullrom"
						},
						"2.75": [0, -3, 10]
					}
				},
				"nail3": {
					"rotation": {
						"0.0": [0, 20, 0],
						"0.375": {
							"pre": [0, 20, 0],
							"post": [0, 20, 0],
							"lerp_mode": "catmullrom"
						},
						"0.9167": {
							"post": [0, 0, 0],
							"lerp_mode": "catmullrom"
						},
						"1.3333": {
							"post": [0, 20, 0],
							"lerp_mode": "catmullrom"
						}
					},
					"position": {
						"0.0": [0, 0, 5],
						"0.375": {
							"pre": [0, 0, 5],
							"post": [0, 0, 5],
							"lerp_mode": "catmullrom"
						},
						"0.9167": {
							"post": [0, 0, 0],
							"lerp_mode": "catmullrom"
						},
						"1.3333": {
							"post": [0, 0, 5],
							"lerp_mode": "catmullrom"
						}
					},
					"scale": {
						"0.0": [1, 1, 1],
						"0.375": {
							"pre": [1, 1, 1],
							"post": [1, 1, 1],
							"lerp_mode": "catmullrom"
						},
						"1.3333": {
							"post": [1, 1, 1],
							"lerp_mode": "catmullrom"
						}
					}
				},
				"hand2": {
					"rotation": {
						"0.0": [-2.06754, -22.40972, -14.59039],
						"0.375": {
							"pre": [-2.06754, -22.40972, -14.59039],
							"post": [-2.06754, -22.40972, -14.59039],
							"lerp_mode": "catmullrom"
						},
						"0.6667": {
							"post": [-36.3035, -7.43312, 3.47884],
							"lerp_mode": "catmullrom"
						},
						"0.9167": {
							"post": [-15.86618, -27.05811, -36.20892],
							"lerp_mode": "catmullrom"
						},
						"1.125": {
							"post": [-22.39052, -22.10961, -20.62087],
							"lerp_mode": "catmullrom"
						},
						"1.3333": {
							"post": [-11.92576, 31.77726, -4.36823],
							"lerp_mode": "catmullrom"
						},
						"2.25": {
							"post": [-11.92576, 31.77726, -4.36823],
							"lerp_mode": "catmullrom"
						},
						"2.75": [-2.06754, -22.40972, -14.59039]
					}
				},
				"hand_parte2": {
					"rotation": {
						"0.0": [0, 0, -10],
						"0.375": {
							"pre": [0, 0, -10],
							"post": [0, 0, -10],
							"lerp_mode": "catmullrom"
						},
						"0.6667": {
							"post": [12.117, 2.99829, 8.4754],
							"lerp_mode": "catmullrom"
						},
						"0.9167": {
							"post": [9.62807, -8.23489, -11.28215],
							"lerp_mode": "catmullrom"
						},
						"1.125": {
							"post": [10.36019, -23.01011, -13.97775],
							"lerp_mode": "catmullrom"
						},
						"1.3333": {
							"post": [9.72446, 11.4862, -7.93575],
							"lerp_mode": "catmullrom"
						},
						"2.25": {
							"post": [9.72446, 11.4862, -7.93575],
							"lerp_mode": "catmullrom"
						},
						"2.75": [0, 0, -10]
					}
				},
				"nail5": {
					"rotation": {
						"0.0": [0, 20, 0],
						"0.375": [0, 20, 0],
						"0.8333": {
							"pre": [0, 20, 0],
							"post": [0, 12.5, 0]
						},
						"0.9167": {
							"pre": [0, 12.5, 0],
							"post": [0, 0, 0]
						},
						"1.3333": {
							"pre": [0, 0, 0],
							"post": [0, 20, 0]
						}
					},
					"position": {
						"0.0": [0, 0, -5],
						"0.375": [0, 0, -5],
						"0.8333": {
							"pre": [0, 0, -5],
							"post": [0, 0, -3]
						},
						"0.9167": {
							"pre": [0, 0, -3],
							"post": [0, 0, 0]
						},
						"1.3333": {
							"pre": [0, 0, 0],
							"post": [0, 0, -5]
						}
					},
					"scale": {
						"0.0": [1, 1, 1],
						"0.375": {
							"pre": [1, 1, 1],
							"post": [1, 1, 1],
							"lerp_mode": "catmullrom"
						},
						"1.3333": {
							"post": [1, 1, 1],
							"lerp_mode": "catmullrom"
						}
					}
				},
				"nail6": {
					"rotation": {
						"0.0": [0, -20, 0],
						"0.375": [0, -20, 0],
						"0.8333": {
							"pre": [0, -20, 0],
							"post": [0, -12.5, 0]
						},
						"0.9167": {
							"pre": [0, -12.5, 0],
							"post": [0, 0, 0]
						},
						"1.3333": {
							"pre": [0, 0, 0],
							"post": [0, -20, 0]
						}
					},
					"position": {
						"0.0": [0, 0, 5],
						"0.375": [0, 0, 5],
						"0.8333": {
							"pre": [0, 0, 5],
							"post": [0, 0, 3]
						},
						"0.9167": {
							"pre": [0, 0, 3],
							"post": [0, 0, 0]
						},
						"1.3333": {
							"pre": [0, 0, 0],
							"post": [0, 0, 5]
						}
					},
					"scale": {
						"0.0": [1, 1, 1],
						"0.375": {
							"pre": [1, 1, 1],
							"post": [1, 1, 1],
							"lerp_mode": "catmullrom"
						},
						"1.3333": {
							"post": [1, 1, 1],
							"lerp_mode": "catmullrom"
						}
					}
				},
				"drill_form": {
					"scale": 0
				},
				"allbody": {
					"rotation": {
						"0.0": [0, 0, 0],
						"0.375": {
							"pre": [0, 0, 0],
							"post": [0, 0, 0],
							"lerp_mode": "catmullrom"
						},
						"0.6667": {
							"post": [0, 12.5, 0],
							"lerp_mode": "catmullrom"
						},
						"1.0": {
							"post": [-5, 20, 0],
							"lerp_mode": "catmullrom"
						},
						"1.125": {
							"post": [-7.5, 20, 0],
							"lerp_mode": "catmullrom"
						},
						"1.25": {
							"post": [-17.07001, 3.47927, -2.7174],
							"lerp_mode": "catmullrom"
						},
						"1.3333": {
							"post": [-4.57001, 3.47927, -2.7174],
							"lerp_mode": "catmullrom"
						},
						"2.25": {
							"post": [-4.57001, 3.47927, -2.7174],
							"lerp_mode": "catmullrom"
						},
						"2.75": [0, 0, 0]
					},
					"position": {
						"0.0": [0, 0, 0],
						"0.375": {
							"pre": [0, 0, 0],
							"post": [0, 0, 0],
							"lerp_mode": "catmullrom"
						},
						"0.6667": {
							"post": [0, 0, 2],
							"lerp_mode": "catmullrom"
						},
						"1.0": {
							"post": [0, 0, 2],
							"lerp_mode": "catmullrom"
						},
						"1.125": {
							"post": [0, 0, 0],
							"lerp_mode": "catmullrom"
						},
						"1.25": {
							"post": [0, 0, -2],
							"lerp_mode": "catmullrom"
						},
						"1.3333": {
							"post": [0, 0, 0],
							"lerp_mode": "catmullrom"
						},
						"2.25": {
							"post": [0, 0, 0],
							"lerp_mode": "catmullrom"
						},
						"2.75": [0, 0, 0]
					}
				},
				"torso2": {
					"rotation": {
						"0.0": [5, -5, 0],
						"0.375": {
							"pre": [5, -5, 0],
							"post": [5, -5, 0],
							"lerp_mode": "catmullrom"
						},
						"0.6667": {
							"post": [-14.99049, 3.32071, -0.14356],
							"lerp_mode": "catmullrom"
						},
						"0.9167": {
							"post": [16.32243, -7.95113, -6.9747],
							"lerp_mode": "catmullrom"
						},
						"1.125": {
							"post": [-8.67757, -7.95113, -6.9747],
							"lerp_mode": "catmullrom"
						},
						"1.3333": {
							"post": [-17.47144, -2.53786, -0.43441],
							"lerp_mode": "catmullrom"
						},
						"2.25": {
							"post": [-17.47144, -2.53786, -0.43441],
							"lerp_mode": "catmullrom"
						},
						"2.75": [5, -5, 0]
					}
				},
				"neck_head": {
					"rotation": {
						"0.0": [-5, 10, 0],
						"0.375": {
							"pre": [-5, 10, 0],
							"post": [-5, 10, 0],
							"lerp_mode": "catmullrom"
						},
						"0.6667": {
							"post": [-20.07612, 3.37713, -0.72501],
							"lerp_mode": "catmullrom"
						},
						"0.9167": {
							"post": [17.74835, 8.58399, 0.14752],
							"lerp_mode": "catmullrom"
						},
						"1.125": {
							"post": [17.74835, 8.58399, 0.14752],
							"lerp_mode": "catmullrom"
						},
						"1.3333": {
							"post": ["4.9714238088+Math.sin(q.anim_time*90*24-0)*5", 5.0047, -0.21865],
							"lerp_mode": "catmullrom"
						},
						"2.25": {
							"post": ["4.9714238088+Math.sin(q.anim_time*90*24-0)*5", 5.0047, -0.21865],
							"lerp_mode": "catmullrom"
						},
						"2.75": [-5, 10, 0]
					}
				},
				"mounch": {
					"rotation": {
						"0.0": [0, 0, 0],
						"0.6667": {
							"pre": [0, 0, 0],
							"post": [0, 0, 0],
							"lerp_mode": "catmullrom"
						},
						"1.3333": {
							"post": ["22.5+Math.cos((query.anim_time)*90*24)*8", 0, 0],
							"lerp_mode": "catmullrom"
						},
						"2.25": {
							"post": ["22.5+Math.cos((query.anim_time)*90*24)*8", 0, 0],
							"lerp_mode": "catmullrom"
						},
						"2.75": [0, 0, 0]
					}
				},
				"mini1": {
					"scale": {
						"0.0": [0, 0, 0],
						"0.375": {
							"pre": [0, 0, 0],
							"post": [0, 0, 0]
						}
					}
				},
				"nosexd1": {
					"scale": {
						"0.0": [0, 0, 0],
						"0.375": [0, 0, 0],
						"0.9167": {
							"pre": [0, 0, 0],
							"post": [1, 1, 1]
						},
						"1.3333": {
							"pre": [1, 1, 1],
							"post": [0, 0, 0]
						}
					}
				},
				"bone": {
					"scale": {
						"0.0": [0, 0, 0],
						"0.375": [0, 0, 0],
						"0.9167": {
							"pre": [0, 0, 0],
							"post": [1, 1, 1]
						},
						"1.3333": {
							"pre": [1, 1, 1],
							"post": [0, 0, 0]
						}
					}
				},
				"mini2": {
					"scale": 0
				},
				"nosexd2": {
					"scale": {
						"0.0": [0, 0, 0],
						"0.375": [0, 0, 0],
						"0.9167": {
							"pre": [0, 0, 0],
							"post": [1, 1, 1]
						},
						"1.3333": {
							"pre": [1, 1, 1],
							"post": [0, 0, 0]
						}
					}
				},
				"bone3": {
					"scale": {
						"0.25": [0, 0, 0],
						"0.9167": {
							"pre": [0, 0, 0],
							"post": [1, 1, 1]
						},
						"1.3333": {
							"pre": [1, 1, 1],
							"post": [0, 0, 0]
						}
					}
				},
				"nail2": {
					"rotation": {
						"0.0": [0, -20, 0],
						"0.375": {
							"pre": [0, -20, 0],
							"post": [0, -20, 0],
							"lerp_mode": "catmullrom"
						},
						"0.9167": {
							"post": [0, 0, 0],
							"lerp_mode": "catmullrom"
						},
						"1.3333": {
							"post": [0, -20, 0],
							"lerp_mode": "catmullrom"
						}
					},
					"position": {
						"0.0": [0, 0, -5],
						"0.375": {
							"pre": [0, 0, -5],
							"post": [0, 0, -5],
							"lerp_mode": "catmullrom"
						},
						"0.9167": {
							"post": [0, 0, 0],
							"lerp_mode": "catmullrom"
						},
						"1.3333": {
							"post": [0, 0, -5],
							"lerp_mode": "catmullrom"
						}
					}
				}
			}
		},
		"animation.excadrill.battle_cry": {
			"animation_length": 2.75,
			"bones": {
				"leg0": {
					"rotation": {
						"0.0": [2.59775, -27.38656, -10.63304],
						"0.375": {
							"pre": [2.59775, -27.38656, -10.63304],
							"post": [2.59775, -27.38656, -10.63304],
							"lerp_mode": "catmullrom"
						},
						"0.6667": {
							"post": [22.45509, -33.17903, -27.88375],
							"lerp_mode": "catmullrom"
						},
						"0.8333": {
							"post": [17.30091, -34.60336, -16.78772],
							"lerp_mode": "catmullrom"
						},
						"1.125": {
							"post": [13.85899, -45.97113, -19.38549],
							"lerp_mode": "catmullrom"
						},
						"1.3333": {
							"post": [7.68827, -29.04697, -15.12746],
							"lerp_mode": "catmullrom"
						},
						"2.25": {
							"post": [7.68827, -29.04697, -15.12746],
							"lerp_mode": "catmullrom"
						},
						"2.75": [2.59775, -27.38656, -10.63304]
					},
					"position": {
						"0.0": [2, -2, -1],
						"0.375": {
							"pre": [2, -2, -1],
							"post": [2, -2, -1],
							"lerp_mode": "catmullrom"
						},
						"0.6667": {
							"post": [2, -1, 0],
							"lerp_mode": "catmullrom"
						},
						"0.7917": {
							"post": [2, -2.44, -0.81],
							"lerp_mode": "catmullrom"
						},
						"1.125": {
							"post": [2, -3.15, -2.89],
							"lerp_mode": "catmullrom"
						},
						"1.3333": {
							"post": [2, -2, -4],
							"lerp_mode": "catmullrom"
						},
						"1.4167": {
							"post": [2, -3.98, -4.13],
							"lerp_mode": "catmullrom"
						},
						"2.25": {
							"post": [2, -2, -4],
							"lerp_mode": "catmullrom"
						},
						"2.75": [2, -2, -1]
					}
				},
				"leg1": {
					"rotation": {
						"0.0": [0, 22.5, 5],
						"0.375": {
							"pre": [0, 22.5, 5],
							"post": [0, 22.5, 5],
							"lerp_mode": "catmullrom"
						},
						"0.6667": {
							"post": [-2.70011, 32.3614, 0.10557],
							"lerp_mode": "catmullrom"
						},
						"0.7917": {
							"post": [1.60197, 5.20247, 18.41558],
							"lerp_mode": "catmullrom"
						},
						"0.9167": {
							"post": [0.41576, 14.95906, 5.87957],
							"lerp_mode": "catmullrom"
						},
						"1.125": {
							"post": [0.41576, 14.95906, 5.87957],
							"lerp_mode": "catmullrom"
						},
						"1.3333": {
							"post": [0.50601, 37.45835, 6.08001],
							"lerp_mode": "catmullrom"
						},
						"2.25": {
							"post": [0.50601, 37.45835, 6.08001],
							"lerp_mode": "catmullrom"
						},
						"2.75": [0, 22.5, 5]
					},
					"position": {
						"0.0": [0, -1, -6],
						"0.375": {
							"pre": [0, -1, -6],
							"post": [0, -1, -6],
							"lerp_mode": "catmullrom"
						},
						"0.5": {
							"post": [-0.01, 0.57, -6.28],
							"lerp_mode": "catmullrom"
						},
						"0.6667": {
							"post": [0, 0, -9],
							"lerp_mode": "catmullrom"
						},
						"0.7917": {
							"post": [0.13, -3, -8.19],
							"lerp_mode": "catmullrom"
						},
						"0.9167": {
							"post": [0, -1, -7],
							"lerp_mode": "catmullrom"
						},
						"1.125": {
							"post": [0, -1, -7],
							"lerp_mode": "catmullrom"
						},
						"1.3333": {
							"post": [-2, -1, -7],
							"lerp_mode": "catmullrom"
						},
						"2.25": {
							"post": [-2, -1, -7],
							"lerp_mode": "catmullrom"
						},
						"2.75": [0, -1, -6]
					}
				},
				"torso": {
					"rotation": {
						"0.0": [2.58807, -14.98539, -0.66963],
						"0.375": {
							"pre": [2.58807, -14.98539, -0.66963],
							"post": [2.58807, -14.98539, -0.66963],
							"lerp_mode": "catmullrom"
						},
						"0.6667": {
							"post": [10.21877, -19.62802, 2.79508],
							"lerp_mode": "catmullrom"
						},
						"0.9167": {
							"post": [51.57284, -24.96907, 0.40016],
							"lerp_mode": "catmullrom"
						},
						"1.125": {
							"post": [41.57284, -24.96907, 0.40016],
							"lerp_mode": "catmullrom"
						},
						"1.3333": {
							"post": ["-8.0297144318+Math.sin(q.anim_time*90*24-0)*5", "-4.0029426444-Math.cos(q.anim_time*90*24-0)*5", 2.48262],
							"lerp_mode": "catmullrom"
						},
						"2.25": {
							"post": ["-8.0297144318+Math.sin(q.anim_time*90*24-0)*5", "-4.0029426444-Math.cos(q.anim_time*90*24-0)*5", 2.48262],
							"lerp_mode": "catmullrom"
						},
						"2.75": [2.58807, -14.98539, -0.66963]
					},
					"position": {
						"0.0": [0, 0, 0],
						"0.375": [0, 0, 0],
						"0.6667": [0, 2, 0],
						"0.9167": [0, 2, 0],
						"1.125": [0, 2, 0],
						"1.3333": [-1, 0, 0],
						"2.25": [-1, 0, 0],
						"2.75": [0, 0, 0]
					}
				},
				"head": {
					"rotation": {
						"0.0": [10, 0, 0],
						"0.375": {
							"pre": [10, 0, 0],
							"post": [10, 0, 0],
							"lerp_mode": "catmullrom"
						},
						"0.6667": {
							"post": [-3.33, 0, 0],
							"lerp_mode": "catmullrom"
						},
						"1.0": {
							"post": [6.01, 0, 0],
							"lerp_mode": "catmullrom"
						},
						"1.25": {
							"post": [-7.5, 0, 0],
							"lerp_mode": "catmullrom"
						},
						"2.75": [10, 0, 0]
					}
				},
				"drill": {
					"rotation": {
						"0.0": [-10, 0, 0],
						"0.375": {
							"pre": [-10, 0, 0],
							"post": [-10, 0, 0],
							"lerp_mode": "catmullrom"
						},
						"0.6667": {
							"post": [-2.5, 0, 0],
							"lerp_mode": "catmullrom"
						},
						"1.0": {
							"post": [8.48, 0, 0],
							"lerp_mode": "catmullrom"
						},
						"1.25": {
							"post": [-10, 0, 0],
							"lerp_mode": "catmullrom"
						},
						"2.75": [-10, 0, 0]
					}
				},
				"eye_part1": {
					"position": [0, 0, 1]
				},
				"bone1": {
					"position": [0, 0, -1]
				},
				"eye_part2": {
					"position": [0, 0, 1]
				},
				"bone2": {
					"position": [0, 0, -1]
				},
				"hand1": {
					"rotation": {
						"0.0": [0, -25, 20],
						"0.375": {
							"pre": [0, -25, 20],
							"post": [0, -25, 20],
							"lerp_mode": "catmullrom"
						},
						"0.6667": {
							"post": [-21.70206, 19.14233, -13.75445],
							"lerp_mode": "catmullrom"
						},
						"0.9167": {
							"post": [-29.00406, 40.59118, 23.28307],
							"lerp_mode": "catmullrom"
						},
						"1.125": {
							"post": [-29.00406, 40.59118, 23.28307],
							"lerp_mode": "catmullrom"
						},
						"1.3333": {
							"post": [-11.92576, -31.77726, 4.36823],
							"lerp_mode": "catmullrom"
						},
						"2.25": {
							"post": [-11.92576, -31.77726, 4.36823],
							"lerp_mode": "catmullrom"
						},
						"2.75": [0, -25, 20]
					}
				},
				"hand_parte1": {
					"rotation": {
						"0.0": [0, -3, 10],
						"0.375": {
							"pre": [0, -3, 10],
							"post": [0, -3, 10],
							"lerp_mode": "catmullrom"
						},
						"0.6667": {
							"post": [0.3287, 10.95852, -4.6667],
							"lerp_mode": "catmullrom"
						},
						"0.9167": {
							"post": [9.17784, -11.82607, 18.60276],
							"lerp_mode": "catmullrom"
						},
						"1.125": {
							"post": [9.13253, 10.39448, 22.16061],
							"lerp_mode": "catmullrom"
						},
						"1.3333": {
							"post": [12.09545, 6.6092, 24.86795],
							"lerp_mode": "catmullrom"
						},
						"2.25": {
							"post": [12.09545, 6.6092, 24.86795],
							"lerp_mode": "catmullrom"
						},
						"2.75": [0, -3, 10]
					}
				},
				"nail3": {
					"rotation": {
						"0.0": [0, 20, 0],
						"0.375": {
							"pre": [0, 20, 0],
							"post": [0, 20, 0],
							"lerp_mode": "catmullrom"
						},
						"0.9167": {
							"post": [0, 0, 0],
							"lerp_mode": "catmullrom"
						},
						"1.3333": {
							"post": [0, 20, 0],
							"lerp_mode": "catmullrom"
						}
					},
					"position": {
						"0.0": [0, 0, 5],
						"0.375": {
							"pre": [0, 0, 5],
							"post": [0, 0, 5],
							"lerp_mode": "catmullrom"
						},
						"0.9167": {
							"post": [0, 0, 0],
							"lerp_mode": "catmullrom"
						},
						"1.3333": {
							"post": [0, 0, 5],
							"lerp_mode": "catmullrom"
						}
					},
					"scale": {
						"0.0": [1, 1, 1],
						"0.375": {
							"pre": [1, 1, 1],
							"post": [1, 1, 1],
							"lerp_mode": "catmullrom"
						},
						"1.3333": {
							"post": [1, 1, 1],
							"lerp_mode": "catmullrom"
						}
					}
				},
				"hand2": {
					"rotation": {
						"0.0": [-2.06754, -22.40972, -14.59039],
						"0.375": {
							"pre": [-2.06754, -22.40972, -14.59039],
							"post": [-2.06754, -22.40972, -14.59039],
							"lerp_mode": "catmullrom"
						},
						"0.6667": {
							"post": [-36.3035, -7.43312, 3.47884],
							"lerp_mode": "catmullrom"
						},
						"0.9167": {
							"post": [-15.86618, -27.05811, -36.20892],
							"lerp_mode": "catmullrom"
						},
						"1.125": {
							"post": [-22.39052, -22.10961, -20.62087],
							"lerp_mode": "catmullrom"
						},
						"1.3333": {
							"post": [-11.92576, 31.77726, -4.36823],
							"lerp_mode": "catmullrom"
						},
						"2.25": {
							"post": [-11.92576, 31.77726, -4.36823],
							"lerp_mode": "catmullrom"
						},
						"2.75": [-2.06754, -22.40972, -14.59039]
					}
				},
				"hand_parte2": {
					"rotation": {
						"0.0": [0, 0, -10],
						"0.375": {
							"pre": [0, 0, -10],
							"post": [0, 0, -10],
							"lerp_mode": "catmullrom"
						},
						"0.6667": {
							"post": [12.117, 2.99829, 8.4754],
							"lerp_mode": "catmullrom"
						},
						"0.9167": {
							"post": [9.62807, -8.23489, -11.28215],
							"lerp_mode": "catmullrom"
						},
						"1.125": {
							"post": [10.36019, -23.01011, -13.97775],
							"lerp_mode": "catmullrom"
						},
						"1.3333": {
							"post": [9.72446, 11.4862, -7.93575],
							"lerp_mode": "catmullrom"
						},
						"2.25": {
							"post": [9.72446, 11.4862, -7.93575],
							"lerp_mode": "catmullrom"
						},
						"2.75": [0, 0, -10]
					}
				},
				"nail5": {
					"rotation": {
						"0.0": [0, 20, 0],
						"0.375": [0, 20, 0],
						"0.8333": {
							"pre": [0, 20, 0],
							"post": [0, 12.5, 0]
						},
						"0.9167": {
							"pre": [0, 12.5, 0],
							"post": [0, 0, 0]
						},
						"1.3333": {
							"pre": [0, 0, 0],
							"post": [0, 20, 0]
						}
					},
					"position": {
						"0.0": [0, 0, -5],
						"0.375": [0, 0, -5],
						"0.8333": {
							"pre": [0, 0, -5],
							"post": [0, 0, -3]
						},
						"0.9167": {
							"pre": [0, 0, -3],
							"post": [0, 0, 0]
						},
						"1.3333": {
							"pre": [0, 0, 0],
							"post": [0, 0, -5]
						}
					},
					"scale": {
						"0.0": [1, 1, 1],
						"0.375": {
							"pre": [1, 1, 1],
							"post": [1, 1, 1],
							"lerp_mode": "catmullrom"
						},
						"1.3333": {
							"post": [1, 1, 1],
							"lerp_mode": "catmullrom"
						}
					}
				},
				"nail6": {
					"rotation": {
						"0.0": [0, -20, 0],
						"0.375": [0, -20, 0],
						"0.8333": {
							"pre": [0, -20, 0],
							"post": [0, -12.5, 0]
						},
						"0.9167": {
							"pre": [0, -12.5, 0],
							"post": [0, 0, 0]
						},
						"1.3333": {
							"pre": [0, 0, 0],
							"post": [0, -20, 0]
						}
					},
					"position": {
						"0.0": [0, 0, 5],
						"0.375": [0, 0, 5],
						"0.8333": {
							"pre": [0, 0, 5],
							"post": [0, 0, 3]
						},
						"0.9167": {
							"pre": [0, 0, 3],
							"post": [0, 0, 0]
						},
						"1.3333": {
							"pre": [0, 0, 0],
							"post": [0, 0, 5]
						}
					},
					"scale": {
						"0.0": [1, 1, 1],
						"0.375": {
							"pre": [1, 1, 1],
							"post": [1, 1, 1],
							"lerp_mode": "catmullrom"
						},
						"1.3333": {
							"post": [1, 1, 1],
							"lerp_mode": "catmullrom"
						}
					}
				},
				"drill_form": {
					"scale": 0
				},
				"allbody": {
					"rotation": {
						"0.0": [0, 0, 0],
						"0.375": {
							"pre": [0, 0, 0],
							"post": [0, 0, 0],
							"lerp_mode": "catmullrom"
						},
						"0.6667": {
							"post": [0, 12.5, 0],
							"lerp_mode": "catmullrom"
						},
						"1.0": {
							"post": [-5, 20, 0],
							"lerp_mode": "catmullrom"
						},
						"1.125": {
							"post": [-7.5, 20, 0],
							"lerp_mode": "catmullrom"
						},
						"1.25": {
							"post": [-17.07001, 3.47927, -2.7174],
							"lerp_mode": "catmullrom"
						},
						"1.3333": {
							"post": [-4.57001, 3.47927, -2.7174],
							"lerp_mode": "catmullrom"
						},
						"2.25": {
							"post": [-4.57001, 3.47927, -2.7174],
							"lerp_mode": "catmullrom"
						},
						"2.75": [0, 0, 0]
					},
					"position": {
						"0.0": [0, 0, 0],
						"0.375": {
							"pre": [0, 0, 0],
							"post": [0, 0, 0],
							"lerp_mode": "catmullrom"
						},
						"0.6667": {
							"post": [0, 0, 2],
							"lerp_mode": "catmullrom"
						},
						"1.0": {
							"post": [0, 0, 2],
							"lerp_mode": "catmullrom"
						},
						"1.125": {
							"post": [0, 0, 0],
							"lerp_mode": "catmullrom"
						},
						"1.25": {
							"post": [0, 0, -2],
							"lerp_mode": "catmullrom"
						},
						"1.3333": {
							"post": [0, 0, 0],
							"lerp_mode": "catmullrom"
						},
						"2.25": {
							"post": [0, 0, 0],
							"lerp_mode": "catmullrom"
						},
						"2.75": [0, 0, 0]
					}
				},
				"torso2": {
					"rotation": {
						"0.0": [5, -5, 0],
						"0.375": {
							"pre": [5, -5, 0],
							"post": [5, -5, 0],
							"lerp_mode": "catmullrom"
						},
						"0.6667": {
							"post": [-14.99049, 3.32071, -0.14356],
							"lerp_mode": "catmullrom"
						},
						"0.9167": {
							"post": [16.32243, -7.95113, -6.9747],
							"lerp_mode": "catmullrom"
						},
						"1.125": {
							"post": [-8.67757, -7.95113, -6.9747],
							"lerp_mode": "catmullrom"
						},
						"1.3333": {
							"post": [-17.47144, -2.53786, -0.43441],
							"lerp_mode": "catmullrom"
						},
						"2.25": {
							"post": [-17.47144, -2.53786, -0.43441],
							"lerp_mode": "catmullrom"
						},
						"2.75": [5, -5, 0]
					}
				},
				"neck_head": {
					"rotation": {
						"0.0": [-5, 10, 0],
						"0.375": {
							"pre": [-5, 10, 0],
							"post": [-5, 10, 0],
							"lerp_mode": "catmullrom"
						},
						"0.6667": {
							"post": [-20.07612, 3.37713, -0.72501],
							"lerp_mode": "catmullrom"
						},
						"0.9167": {
							"post": [17.74835, 8.58399, 0.14752],
							"lerp_mode": "catmullrom"
						},
						"1.125": {
							"post": [17.74835, 8.58399, 0.14752],
							"lerp_mode": "catmullrom"
						},
						"1.3333": {
							"post": ["4.9714238088+Math.sin(q.anim_time*90*24-0)*0.5", 5.0047, -0.21865],
							"lerp_mode": "catmullrom"
						},
						"2.25": {
							"post": ["4.9714238088+Math.sin(q.anim_time*90*24-0)*5", 5.0047, -0.21865],
							"lerp_mode": "catmullrom"
						},
						"2.75": [-5, 10, 0]
					}
				},
				"mounch": {
					"rotation": {
						"0.0": [0, 0, 0],
						"0.6667": {
							"pre": [0, 0, 0],
							"post": [0, 0, 0],
							"lerp_mode": "catmullrom"
						},
						"1.3333": {
							"post": ["22.5+Math.cos((query.anim_time)*90*24)*8", 0, 0],
							"lerp_mode": "catmullrom"
						},
						"2.25": {
							"post": ["22.5+Math.cos((query.anim_time)*90*24)*8", 0, 0],
							"lerp_mode": "catmullrom"
						},
						"2.75": [0, 0, 0]
					}
				},
				"mini1": {
					"scale": {
						"0.0": [0, 0, 0],
						"0.375": {
							"pre": [0, 0, 0],
							"post": [0, 0, 0]
						}
					}
				},
				"nosexd1": {
					"scale": {
						"0.0": [0, 0, 0],
						"0.375": [0, 0, 0],
						"0.9167": {
							"pre": [0, 0, 0],
							"post": [1, 1, 1]
						},
						"1.3333": {
							"pre": [1, 1, 1],
							"post": [0, 0, 0]
						}
					}
				},
				"bone": {
					"scale": {
						"0.0": [0, 0, 0],
						"0.375": [0, 0, 0],
						"0.9167": {
							"pre": [0, 0, 0],
							"post": [1, 1, 1]
						},
						"1.3333": {
							"pre": [1, 1, 1],
							"post": [0, 0, 0]
						}
					}
				},
				"mini2": {
					"scale": 0
				},
				"nosexd2": {
					"scale": {
						"0.0": [0, 0, 0],
						"0.375": [0, 0, 0],
						"0.9167": {
							"pre": [0, 0, 0],
							"post": [1, 1, 1]
						},
						"1.3333": {
							"pre": [1, 1, 1],
							"post": [0, 0, 0]
						}
					}
				},
				"bone3": {
					"scale": {
						"0.25": [0, 0, 0],
						"0.9167": {
							"pre": [0, 0, 0],
							"post": [1, 1, 1]
						},
						"1.3333": {
							"pre": [1, 1, 1],
							"post": [0, 0, 0]
						}
					}
				},
				"nail2": {
					"rotation": {
						"0.0": [0, -20, 0],
						"0.375": {
							"pre": [0, -20, 0],
							"post": [0, -20, 0],
							"lerp_mode": "catmullrom"
						},
						"0.9167": {
							"post": [0, 0, 0],
							"lerp_mode": "catmullrom"
						},
						"1.3333": {
							"post": [0, -20, 0],
							"lerp_mode": "catmullrom"
						}
					},
					"position": {
						"0.0": [0, 0, -5],
						"0.375": {
							"pre": [0, 0, -5],
							"post": [0, 0, -5],
							"lerp_mode": "catmullrom"
						},
						"0.9167": {
							"post": [0, 0, 0],
							"lerp_mode": "catmullrom"
						},
						"1.3333": {
							"post": [0, 0, -5],
							"lerp_mode": "catmullrom"
						}
					}
				}
			},
			"sound_effects": {
				"1.3333": {
					"effect": "pokemon.excadrill.cry"
				}
			}
		},
		"animation.excadrill.sad": {
			"loop": true,
			"bones": {
				"eye1": {
					"position": [0, 1, 0]
				},
				"eye_part1": {
					"position": [0, -1.8, 0]
				},
				"bone1": {
					"position": [0, 1, 0]
				},
				"eye2": {
					"position": [0, 1, 0]
				},
				"eye_part2": {
					"position": [0, -1.8, 0]
				},
				"bone2": {
					"position": [0, 1, 0]
				}
			}
		},
		"animation.excadrill.angry": {
			"loop": true,
			"bones": {
				"eye_part1": {
					"position": [0, 0, 1]
				},
				"bone1": {
					"position": [0, 0, -1]
				},
				"eye_part2": {
					"position": [0, 0, 1]
				},
				"bone2": {
					"position": [0, 0, -1]
				}
			}
		},
		"animation.excadrill.surprised": {
			"loop": true,
			"bones": {
				"mounch": {
					"rotation": [47.5, 0, 0]
				},
				"eye1": {
					"position": [0, 0, 0.3],
					"scale": [1, 1, 1.4]
				},
				"eye_part1": {
					"position": [0, 0, -0.3],
					"scale": [1, 1, 0.7]
				},
				"bone1": {
					"position": [0, -0.4, 0],
					"scale": [1, 0.5, 0.6]
				},
				"eye2": {
					"position": [0, 0, 0.3],
					"scale": [1, 1, 1.4]
				},
				"eye_part2": {
					"position": [0, 0, -0.3],
					"scale": [1, 1, 0.7]
				},
				"bone2": {
					"position": [0, -0.4, 0],
					"scale": [1, 0.5, 0.6]
				}
			}
		},
		"animation.excadrill.disintrested": {
			"loop": true,
			"bones": {
				"eye1": {
					"position": [0, -0.3, 0.2],
					"scale": [1, 0.8, 1.3]
				},
				"eye_part1": {
					"position": [0, 0, -0.3],
					"scale": [1, 1, 0.7]
				},
				"eye2": {
					"position": [0, -0.3, 0.2],
					"scale": [1, 0.8, 1.3]
				},
				"eye_part2": {
					"position": [0, 0, -0.3],
					"scale": [1, 1, 0.7]
				},
				"bone2": {
					"scale": 1
				}
			}
		}
	}
}