{
	"format_version": "1.8.0",
	"animations": {
		"animation.lokix.ground_idle": {
			"loop": true,
			"bones": {
				"torso": {
					"rotation": ["-0-Math.sin(q.anim_time*90*1)", 0, 0]
				},
				"torso2": {
					"rotation": ["2.5-math.sin(q.anim_time*90*2)", 0, 0]
				},
				"leg_right": {
					"rotation": [2.5, 7.5, 12.5],
					"position": [0, -0.5, 0]
				},
				"leg_right2": {
					"rotation": [0, 2.5, -10]
				},
				"arm_right2": {
					"rotation": [10.3141, -17.2294, -31.5667]
				},
				"arm_right": {
					"rotation": [-0.43439, 2.462, -50.00933]
				},
				"tail3": {
					"rotation": [17.5, 0, 0]
				},
				"tail": {
					"rotation": [0, 0, 0]
				},
				"tail2": {
					"rotation": [10, 0, 0]
				},
				"flap_right": {
					"rotation": [-7.28135, -4.99523, -2.50954],
					"position": [0, 0, -1]
				},
				"antenna_right": {
					"rotation": [9.91615, 1.29876, -7.38733]
				},
				"antenna_right2": {
					"rotation": [-37.5, 0, 0]
				},
				"claw_right": {
					"rotation": [0, 0, -12.5]
				},
				"claw_right2": {
					"rotation": [0, 0, -12.5]
				},
				"arm_left": {
					"rotation": [-0.43439, -2.462, 50.00933]
				},
				"arm_left2": {
					"rotation": [10.3141, 17.2294, 31.5667]
				},
				"claw_left": {
					"rotation": [0, 0, 12.5]
				},
				"claw_left2": {
					"rotation": [0, 0, 12.5]
				},
				"leg_left": {
					"rotation": [2.5, -7.5, -12.5],
					"position": [0, -0.7, 0]
				},
				"leg_left2": {
					"rotation": [0, -2.5, 10]
				},
				"antenna_left": {
					"rotation": [9.91615, -1.29876, 7.38733]
				},
				"antenna_left2": {
					"rotation": [-37.5, 0, 0]
				},
				"flap_left": {
					"rotation": [-7.28135, 4.99523, 2.50954],
					"position": [0, 0, -1]
				}
			}
		},
		"animation.lokix.ground_walk": {
			"loop": true,
			"animation_length": 1,
			"bones": {
				"torso": {
					"rotation": [2.5, "-Math.cos((query.anim_time)*90*4)*3", 0]
				},
				"torso2": {
					"rotation": ["-2.5-math.sin(q.anim_time*90*8-30)*2", "-0-Math.sin(q.anim_time*90*4+120)*2", 0]
				},
				"leg_right": {
					"rotation": {
						"0.0": [37.5, 0, 0],
						"0.2": {
							"pre": [13, 0, 0],
							"post": [13, 0, 0],
							"lerp_mode": "catmullrom"
						},
						"0.4": {
							"post": [-20.5, 0, 0],
							"lerp_mode": "catmullrom"
						},
						"0.5": [-30, 0, 0],
						"0.6": {
							"pre": [-28, 0, 0],
							"post": [-28, 0, 0],
							"lerp_mode": "catmullrom"
						},
						"0.7": {
							"post": [-5.31, 0, 0],
							"lerp_mode": "catmullrom"
						},
						"0.8": {
							"post": [13.17, 0, 0],
							"lerp_mode": "catmullrom"
						},
						"1.0": [37.5, 0, 0]
					},
					"position": {
						"0.0": [0, -4, 1],
						"0.2": {
							"pre": [0, -3, -0.5],
							"post": [0, -3, -0.5],
							"lerp_mode": "catmullrom"
						},
						"0.3": {
							"post": [0, -1.44, -2],
							"lerp_mode": "catmullrom"
						},
						"0.4": {
							"post": [0, 0, -2.7],
							"lerp_mode": "catmullrom"
						},
						"0.5": [0, -1.4, -2],
						"0.7": {
							"pre": [0, -0.5, 1.8],
							"post": [0, -0.5, 1.8],
							"lerp_mode": "catmullrom"
						},
						"0.9": {
							"post": [0, -2, 1.8],
							"lerp_mode": "catmullrom"
						},
						"1.0": [0, -4, 1]
					}
				},
				"leg_right2": {
					"rotation": {
						"0.0": [30, 0, 0],
						"0.2": {
							"pre": [56, 0, 0],
							"post": [56, 0, 0],
							"lerp_mode": "catmullrom"
						},
						"0.4": {
							"post": [11.61, 0, 0],
							"lerp_mode": "catmullrom"
						},
						"0.5": [32.5, 0, 0],
						"0.6": {
							"pre": [30, 0, 0],
							"post": [30, 0, 0],
							"lerp_mode": "catmullrom"
						},
						"0.8": {
							"post": [-11.58, 0, 0],
							"lerp_mode": "catmullrom"
						},
						"1.0": [30, 0, 0]
					}
				},
				"leg_left": {
					"rotation": {
						"0.0": [-30, 0, 0],
						"0.1": {
							"pre": [-28, 0, 0],
							"post": [-28, 0, 0],
							"lerp_mode": "catmullrom"
						},
						"0.2": {
							"post": [-5.31, 0, 0],
							"lerp_mode": "catmullrom"
						},
						"0.3": {
							"post": [13.17, 0, 0],
							"lerp_mode": "catmullrom"
						},
						"0.5": [37.5, 0, 0],
						"0.7": {
							"pre": [13, 0, 0],
							"post": [13, 0, 0],
							"lerp_mode": "catmullrom"
						},
						"0.9": {
							"post": [-20.5, 0, 0],
							"lerp_mode": "catmullrom"
						},
						"1.0": [-30, 0, 0]
					},
					"position": {
						"0.0": [0, -1, -2],
						"0.2": {
							"pre": [0, -0.5, 1.8],
							"post": [0, -0.5, 1.8],
							"lerp_mode": "catmullrom"
						},
						"0.4": {
							"post": [0, -2, 1.8],
							"lerp_mode": "catmullrom"
						},
						"0.5": [0, -4, 1],
						"0.7": {
							"pre": [0, -3, -0.5],
							"post": [0, -3, -0.5],
							"lerp_mode": "catmullrom"
						},
						"0.8": {
							"post": [0, -1.44, -2],
							"lerp_mode": "catmullrom"
						},
						"0.9": {
							"post": [0, 0, -2.7],
							"lerp_mode": "catmullrom"
						},
						"1.0": [0, -1, -2]
					}
				},
				"leg_left2": {
					"rotation": {
						"0.0": [32.5, 0, 0],
						"0.1": {
							"pre": [30, 0, 0],
							"post": [30, 0, 0],
							"lerp_mode": "catmullrom"
						},
						"0.3": {
							"post": [-11.58, 0, 0],
							"lerp_mode": "catmullrom"
						},
						"0.5": [30, 0, 0],
						"0.7": {
							"pre": [56, 0, 0],
							"post": [56, 0, 0],
							"lerp_mode": "catmullrom"
						},
						"0.9": {
							"post": [11.61, 0, 0],
							"lerp_mode": "catmullrom"
						},
						"1.0": [32.5, 0, 0]
					}
				},
				"arm_right": {
					"rotation": [0, "2.5-math.cos((query.anim_time)*90*4)*15", -47.5]
				},
				"arm_right2": {
					"rotation": [2.5, "-12.5-math.sin((query.anim_time)*90*4+30)*18", -35]
				},
				"claw_right": {
					"rotation": [0, 0, -15]
				},
				"claw_right2": {
					"rotation": [0, 0, -15]
				},
				"head": {
					"rotation": ["-0-math.cos(q.anim_time*90*8+90)*4", "-Math.sin(q.anim_time*90*4)*4", 0]
				},
				"antenna_right": {
					"rotation": [9.91615, 1.29876, -7.38733]
				},
				"antenna_right2": {
					"rotation": [-37.5, 0, 0]
				},
				"antenna_left": {
					"rotation": [9.91615, -1.29876, 7.38733]
				},
				"antenna_left2": {
					"rotation": [-37.5, 0, 0]
				},
				"arm_left": {
					"rotation": [0, "-2.5-math.cos((query.anim_time)*90*4)*15", 47.5]
				},
				"arm_left2": {
					"rotation": [2.5, "12.5-math.sin((query.anim_time)*90*4+30)*18", 35]
				},
				"tail": {
					"rotation": ["-math.sin(q.anim_time*90*8)*4", "-Math.sin(q.anim_time*90*4-180)*5", 0]
				},
				"tail2": {
					"rotation": [15, 0, 0]
				},
				"tail3": {
					"rotation": [10, 0, 0]
				}
			}
		},
		"animation.lokix.battle_idle": {
			"loop": true,
			"bones": {
				"torso": {
					"rotation": ["12.5-Math.sin(q.anim_time*90*8+90)", 0, 0],
					"position": [0, 0, 1]
				},
				"torso2": {
					"rotation": ["5+math.sin(q.anim_time*90*8)*2", 0, 0]
				},
				"leg_right": {
					"rotation": [3.14695, 7.25354, 17.53563]
				},
				"leg_right2": {
					"rotation": [4.67348, 2.4786, -17.50706]
				},
				"arm_right2": {
					"rotation": [10.52341, -30.27748, -11.34886]
				},
				"arm_right": {
					"rotation": [10.03533, 4.13842, -20.9809],
					"position": [0, -0.5, 0]
				},
				"tail3": {
					"rotation": [17.5, 0, 0]
				},
				"tail": {
					"rotation": ["15-math.sin(q.anim_time*90*8+180)*2", 0, 0]
				},
				"tail2": {
					"rotation": [15, 0, 0]
				},
				"flap_right": {
					"rotation": [-7.28135, -4.99523, -2.50954],
					"position": [0, 0, -1]
				},
				"antenna_right": {
					"rotation": [9.91615, 1.29876, -7.38733]
				},
				"antenna_right2": {
					"rotation": [-37.5, 0, 0]
				},
				"claw_right": {
					"rotation": [0, 0, -12.5]
				},
				"claw_right2": {
					"rotation": [0, 0, -12.5]
				},
				"arm_left": {
					"rotation": [-2.0307, 17.42887, 44.61243],
					"position": [0, 0, -1]
				},
				"arm_left2": {
					"rotation": [2.71994, 19.82169, 7.97532]
				},
				"claw_left": {
					"rotation": [0, 0, 12.5]
				},
				"claw_left2": {
					"rotation": [0, 0, 12.5]
				},
				"leg_left": {
					"rotation": [17.5, -7.5, -12.5]
				},
				"leg_left2": {
					"rotation": [-12.5, -2.5, 10]
				},
				"antenna_left": {
					"rotation": [9.91615, -1.29876, 7.38733]
				},
				"antenna_left2": {
					"rotation": [-37.5, 0, 0]
				},
				"head": {
					"rotation": ["-6.8848700987-math.cos((query.anim_time)*90*8/1+0)*2", -0.5317, -1.54525]
				},
				"flap_left": {
					"rotation": [-7.28135, -4.99523, -2.50954],
					"position": [0, 0, -1]
				}
			}
		},
		"animation.lokix.recoil": {
			"animation_length": 2,
			"bones": {
				"torso": {
					"rotation": {
						"0.0": [0, 0, 0],
						"0.0833": [17.5, 0, 0],
						"0.1667": [-22.5, 0, 0],
						"0.4583": [-2.13, 0, 0],
						"1.0": [0, 0, 0]
					}
				},
				"torso2": {
					"rotation": {
						"0.0": [0, 0, 0],
						"0.0833": [22.5, 0, 0],
						"0.2083": [-7.5, 0, 0],
						"0.5417": [-5.36506, -0.97087, 1.84622],
						"1.0": [0, 0, 0]
					}
				},
				"head": {
					"rotation": {
						"0.0": [0, 0, 0],
						"0.0833": [22.5, 0, 0],
						"0.1667": [-15, 0, 0],
						"0.4167": {
							"pre": [-7.25, "-0-math.cos(q.anim_time*90*18)*15", 0],
							"post": [-7.25, "-0-math.cos(q.anim_time*90*18)*15", 0],
							"lerp_mode": "catmullrom"
						},
						"1.25": [0, 0, 0]
					}
				},
				"eye_right": {
					"position": {
						"0.0": [0, 0, 0],
						"0.1667": {
							"pre": [0, 0, 0],
							"post": [1, 0, 1]
						},
						"1.0": {
							"pre": [1, 0, 1],
							"post": [0, 0, 0]
						}
					}
				},
				"eye_left": {
					"position": {
						"0.0": [0, 0, 0],
						"0.1667": {
							"pre": [0, 0, 0],
							"post": [-1, 0, 1]
						},
						"1.0": {
							"pre": [-1, 0, 1],
							"post": [0, 0, 0]
						}
					}
				},
				"arm_right": {
					"rotation": {
						"0.0": [0, 0, 0],
						"0.0833": [0, 27.5, 0],
						"0.2083": [0, -37.5, 0],
						"0.4583": [-0.00861, -11.5, 0.00336],
						"1.0": [0, 0, 0]
					}
				},
				"arm_right2": {
					"rotation": {
						"0.0": [0, 0, 0],
						"0.0833": [0, 22.5, 0],
						"0.2083": [0, -37.5, 0],
						"1.0": [0, 0, 0]
					}
				},
				"arm_left": {
					"rotation": {
						"0.0": [0, 0, 0],
						"0.0833": [0, -27.5, 0],
						"0.2083": [0, 37.5, 0],
						"0.4583": [0, 10.66, 0],
						"1.0": [0, 0, 0]
					}
				},
				"arm_left2": {
					"rotation": {
						"0.0": [0, 0, 0],
						"0.0833": [0, -7.5, 0],
						"0.2083": [0, 37.5, 0],
						"1.0": [0, 0, 0]
					}
				},
				"tail": {
					"rotation": {
						"0.0": [0, 0, 0],
						"0.0833": [-35, 0, 0],
						"0.1667": [15, 0, 0],
						"1.0": [0, 0, 0]
					}
				},
				"tail2": {
					"rotation": {
						"0.0": [0, 0, 0],
						"0.0833": [-15, 0, 0],
						"0.1667": [17.5, 0, 0],
						"1.0": [0, 0, 0]
					}
				},
				"tail3": {
					"rotation": {
						"0.0": [0, 0, 0],
						"0.0833": [-35, 0, 0],
						"0.1667": [5, 0, 0],
						"1.0": [0, 0, 0]
					}
				},
				"eyelid_right": {
					"position": {
						"0.0": [0, 0, 0],
						"0.5": {
							"pre": [0, 0, 0],
							"post": [-1, 0, -1]
						},
						"1.0": {
							"pre": [-1, 0, -1],
							"post": [0, 0, 0]
						}
					}
				},
				"eyelid_left": {
					"position": {
						"0.0": [0, 0, 0],
						"0.5": {
							"pre": [0, 0, 0],
							"post": [1, 0, -1]
						},
						"1.0": {
							"pre": [1, 0, -1],
							"post": [0, 0, 0]
						}
					}
				},
				"eye_recoil_right": {
					"position": {
						"0.0": [0, 0, 0],
						"0.1667": {
							"pre": [0, 0, 0],
							"post": [-1, 0, -1]
						},
						"0.5": {
							"pre": [-1, 0, -1],
							"post": [0, 0, 0]
						},
						"1.0": {
							"pre": [0, 0, 0],
							"post": [0, 0, 0]
						}
					}
				},
				"eye_recoil_left": {
					"position": {
						"0.0": [0, 0, 0],
						"0.1667": {
							"pre": [0, 0, 0],
							"post": [1, 0, -1]
						},
						"0.5": {
							"pre": [1, 0, -1],
							"post": [0, 0, 0]
						},
						"1.0": {
							"pre": [0, 0, 0],
							"post": [0, 0, 0]
						}
					}
				}
			}
		},
		"animation.lokix.blink": {
			"animation_length": 0.2083,
			"bones": {
				"eye_right": {
					"position": {
						"0.0": [1, 0, 1],
						"0.2083": {
							"pre": [1, 0, 1],
							"post": [0, 0, 0]
						}
					}
				},
				"eye_left": {
					"position": {
						"0.0": [-1, 0, 1],
						"0.2083": {
							"pre": [-1, 0, 1],
							"post": [0, 0, 0]
						}
					}
				},
				"eyelid_right": {
					"position": {
						"0.0": [-1, 0, -1],
						"0.2083": {
							"pre": [-1, 0, -1],
							"post": [0, 0, 0]
						}
					}
				},
				"eyelid_left": {
					"position": {
						"0.0": [1, 0, -1],
						"0.2083": {
							"pre": [1, 0, -1],
							"post": [0, 0, 0]
						}
					}
				}
			}
		},
		"animation.lokix.physical": {
			"animation_length": 3,
			"bones": {
				"torso": {
					"rotation": {
						"0.0": [12.5, 0, 0],
						"0.1667": {
							"pre": [-27.41615, -1.29876, -7.38733],
							"post": [-27.41615, -1.29876, -7.38733],
							"lerp_mode": "catmullrom"
						},
						"0.2917": {
							"post": [35.81152, 6.91726, 0.1129],
							"lerp_mode": "catmullrom"
						},
						"0.4167": {
							"post": [45.81152, 6.91726, 0.1129],
							"lerp_mode": "catmullrom"
						},
						"0.5": {
							"post": [10.22074, 9.65594, 2.61298],
							"lerp_mode": "catmullrom"
						},
						"0.5417": {
							"post": [-24.99405, 2.30559, 3.45385],
							"lerp_mode": "catmullrom"
						},
						"0.625": {
							"post": [24.57636, -12.3951, 5.13558],
							"lerp_mode": "catmullrom"
						},
						"0.7083": {
							"post": [55.80148, 6.1291, 7.47214],
							"lerp_mode": "catmullrom"
						},
						"1.0": {
							"post": [53, 6.1291, 7.47214],
							"lerp_mode": "catmullrom"
						},
						"1.125": {
							"post": [64.85959, 0, 0],
							"lerp_mode": "catmullrom"
						},
						"1.25": {
							"post": [44.62442, 16.42588, 15.59397],
							"lerp_mode": "catmullrom"
						},
						"1.4583": {
							"post": [39.62442, 16.42588, 15.59397],
							"lerp_mode": "catmullrom"
						},
						"1.75": {
							"post": [52.12442, 16.42588, 15.59397],
							"lerp_mode": "catmullrom"
						},
						"1.9167": {
							"post": [32.24856, -0.15883, 0],
							"lerp_mode": "catmullrom"
						},
						"2.1667": ["18-Math.sin(q.anim_time*90*8+90)", 0, 0],
						"2.5417": ["14.5-Math.sin(q.anim_time*90*8+90)", 0, 0],
						"3.0": ["12.5-Math.sin(q.anim_time*90*8+90)", 0, 0]
					},
					"position": {
						"0.0": [0, 0, 1],
						"0.1667": {
							"pre": [0, 2, -2],
							"post": [0, 2, -2],
							"lerp_mode": "catmullrom"
						},
						"0.2917": {
							"post": [0, -0.37, 1.71],
							"lerp_mode": "catmullrom"
						},
						"0.4167": [0, -0.37, 3.71],
						"0.5": [0, 3, -0.11],
						"0.625": {
							"pre": [0, 1, 0],
							"post": [0, 1, 0],
							"lerp_mode": "catmullrom"
						},
						"0.7083": {
							"post": [0, 1, 4],
							"lerp_mode": "catmullrom"
						},
						"1.0": {
							"post": [0, 1, 4],
							"lerp_mode": "catmullrom"
						},
						"1.125": {
							"post": [0, 3, 4],
							"lerp_mode": "catmullrom"
						},
						"1.4583": {
							"post": [0, 2.47, 3.4],
							"lerp_mode": "catmullrom"
						},
						"1.75": {
							"post": [0, 2, 1],
							"lerp_mode": "catmullrom"
						},
						"1.9167": {
							"post": [0, 1.74, -0.2],
							"lerp_mode": "catmullrom"
						},
						"2.1667": [0, "0+math.sin(q.anim_time*90*8-30)*0.5", 1],
						"2.5417": {
							"pre": [0, 0.25, 1],
							"post": [0, 0.25, 1],
							"lerp_mode": "catmullrom"
						},
						"3.0": [0, 0, 1]
					}
				},
				"torso2": {
					"rotation": {
						"0.0": [5, 0, 0],
						"0.1667": {
							"pre": [25, 0, 0],
							"post": [25, 0, 0],
							"lerp_mode": "catmullrom"
						},
						"0.2917": {
							"post": [-7.5, 0, 0],
							"lerp_mode": "catmullrom"
						},
						"0.4167": {
							"post": [-7.5, 0, 0],
							"lerp_mode": "catmullrom"
						},
						"0.5": {
							"post": [-10, 0, 0],
							"lerp_mode": "catmullrom"
						},
						"0.5417": {
							"post": [0.08698, -5.53235, -6.0458],
							"lerp_mode": "catmullrom"
						},
						"0.7083": {
							"post": [-12.47178, -0.65182, -4.95744],
							"lerp_mode": "catmullrom"
						},
						"0.9583": {
							"post": [-8, -0.65182, -4.95744],
							"lerp_mode": "catmullrom"
						},
						"1.125": {
							"post": [15.02822, -0.65182, -4.95744],
							"lerp_mode": "catmullrom"
						},
						"1.25": {
							"post": [3.31106, 19.24134, -7.49154],
							"lerp_mode": "catmullrom"
						},
						"1.4583": {
							"post": [10.81106, 19.24134, -7.49154],
							"lerp_mode": "catmullrom"
						},
						"1.75": {
							"post": [37.76574, 20.30029, -4.27809],
							"lerp_mode": "catmullrom"
						},
						"1.9167": {
							"post": [24.8624, -0.7982, 0.74573],
							"lerp_mode": "catmullrom"
						},
						"2.0417": {
							"post": [20.68724, -1.71776, 0.68685],
							"lerp_mode": "catmullrom"
						},
						"2.2083": {
							"post": [15, 0, 0],
							"lerp_mode": "catmullrom"
						},
						"2.375": [5, 0, 0],
						"2.5833": ["7+math.sin(q.anim_time*90*8)*2", 0, 0],
						"3.0": ["5+math.sin(q.anim_time*90*8)*2", 0, 0]
					},
					"position": {
						"0.0": [0, 0, 0],
						"0.1667": [0, -0.5, 0.57],
						"0.2917": {
							"pre": [0, -2, 1],
							"post": [0, -2, 1],
							"lerp_mode": "catmullrom"
						},
						"0.4167": {
							"post": [0, 0, 1],
							"lerp_mode": "catmullrom"
						},
						"2.375": [0, 0, 0],
						"3.0": [0, 0, 0]
					}
				},
				"leg_right": {
					"rotation": {
						"0.0": [3.14695, 7.25354, 17.53563],
						"0.125": {
							"pre": [-16.85305, 7.25354, 17.53563],
							"post": [-16.85305, 7.25354, 17.53563],
							"lerp_mode": "catmullrom"
						},
						"0.2083": {
							"post": [-46.85305, 7.25354, 17.53563],
							"lerp_mode": "catmullrom"
						},
						"0.3333": [-45.27846, 12.57782, 12.17112],
						"0.5417": [-0.27846, 12.57782, 12.17112],
						"0.625": {
							"pre": [-33.65362, 16.82675, 18.56265],
							"post": [-33.65362, 16.82675, 18.56265],
							"lerp_mode": "catmullrom"
						},
						"0.75": [-46.15362, 16.82675, 18.56265],
						"1.0": [-53.2116, 21.4302, 12.29298],
						"1.125": [-63.65362, 16.82675, 18.56265],
						"1.25": [-28.65362, 16.82675, 18.56265],
						"1.7083": [-9.63676, 19.36108, 31.44385],
						"1.9167": [-28.65362, 16.82675, 18.56265],
						"2.0": [-50.91531, 29.48292, 31.7538],
						"2.1667": [3.14695, 7.25354, 17.53563]
					},
					"position": {
						"0.0": [0, 0, 0],
						"0.2083": {
							"pre": [0, -0.25, 0],
							"post": [0, -0.25, 0],
							"lerp_mode": "catmullrom"
						},
						"0.3333": [0, -2, 0],
						"0.5417": [1, 0, 0],
						"0.625": {
							"pre": [1, -2, 0],
							"post": [1, -2, 0],
							"lerp_mode": "catmullrom"
						},
						"1.0": [1, -3, 0],
						"1.125": [1, -2, -1],
						"1.25": [1, -1, 4],
						"1.9167": [2, -1, 4],
						"2.0": [1, 0, 0],
						"2.1667": [0, 0, 0]
					}
				},
				"leg_right2": {
					"rotation": {
						"0.0": [4.67348, 2.4786, -17.50706],
						"0.1667": {
							"pre": [4.67348, 2.4786, -17.50706],
							"post": [4.67348, 2.4786, -17.50706],
							"lerp_mode": "catmullrom"
						},
						"0.3333": {
							"post": [44.67348, 2.4786, -17.50706],
							"lerp_mode": "catmullrom"
						},
						"0.5417": {
							"post": [54.62938, -3.64168, -13.16978],
							"lerp_mode": "catmullrom"
						},
						"0.625": {
							"post": [42.22745, 0.17146, -16.40606],
							"lerp_mode": "catmullrom"
						},
						"0.75": {
							"post": [59.72745, 0.17146, -16.40606],
							"lerp_mode": "catmullrom"
						},
						"1.0": {
							"post": [64.72745, 0.17146, -16.40606],
							"lerp_mode": "catmullrom"
						},
						"1.125": {
							"post": [-0.27255, 0.17146, -16.40606],
							"lerp_mode": "catmullrom"
						},
						"1.2083": {
							"post": [41.39411, 0.17146, -16.40606],
							"lerp_mode": "catmullrom"
						},
						"1.25": [47.22745, 0.17146, -16.40606],
						"1.4167": [54.61572, 4.25158, -19.29892],
						"1.9167": [47.22745, 0.17146, -16.40606],
						"2.0": [66.49169, 13.97705, -22.33176],
						"2.125": [4.67348, 2.4786, -17.50706]
					}
				},
				"arm_right2": {
					"rotation": {
						"0.0": [10.52341, -30.27748, -11.34886],
						"0.1667": {
							"pre": [3.59371, -19.13861, 1.19487],
							"post": [3.59371, -19.13861, 1.19487],
							"lerp_mode": "catmullrom"
						},
						"0.375": {
							"post": [-9.23539, -15.31487, -18.29614],
							"lerp_mode": "catmullrom"
						},
						"0.5417": {
							"post": [-11.76679, -13.4874, -8.14425],
							"lerp_mode": "catmullrom"
						},
						"0.7917": {
							"post": [13.70323, -62.1124, -18.02529],
							"lerp_mode": "catmullrom"
						},
						"1.125": {
							"post": [8.0304, -37.51775, -10.77393],
							"lerp_mode": "catmullrom"
						},
						"1.1667": {
							"post": [11.82262, 8.99277, -7.80705],
							"lerp_mode": "catmullrom"
						},
						"1.25": [31.50393, -51.58831, -39.9023],
						"1.75": {
							"pre": [31.50393, -51.58831, -39.9023],
							"post": [31.50393, -51.58831, -39.9023],
							"lerp_mode": "catmullrom"
						},
						"2.0": [10.52341, -31.27748, -11.34886]
					}
				},
				"arm_right": {
					"rotation": {
						"0.0": [10.03533, 4.13842, -20.9809],
						"0.1667": [10.59781, -2.3253, 13.4399],
						"0.2917": {
							"pre": [-3.66902, 2.5474, -33.98296],
							"post": [-3.66902, 2.5474, -33.98296],
							"lerp_mode": "catmullrom"
						},
						"0.375": [-11.09096, 7.8121, -28.09425],
						"0.5833": {
							"pre": [3.58971, 12.22189, 39.9175],
							"post": [3.58971, 12.22189, 39.9175],
							"lerp_mode": "catmullrom"
						},
						"0.7917": {
							"post": [-22.21387, 36.71368, -26.70539],
							"lerp_mode": "catmullrom"
						},
						"1.125": {
							"post": [-35.39561, 24.43894, -52.15748],
							"lerp_mode": "catmullrom"
						},
						"1.1667": {
							"post": [-10.3896, 36.77563, -36.34487],
							"lerp_mode": "catmullrom"
						},
						"1.25": [-27.00255, 25.4373, -40.25434],
						"1.75": {
							"pre": [-24.89117, 37.69227, -37.4924],
							"post": [-24.89117, 37.69227, -37.4924],
							"lerp_mode": "catmullrom"
						},
						"2.0": {
							"post": [-13.11319, -9.09658, -19.89189],
							"lerp_mode": "catmullrom"
						},
						"2.25": {
							"post": [2.66416, -19.85401, -25.95929],
							"lerp_mode": "catmullrom"
						},
						"2.75": [10.03533, 4.13842, -20.9809]
					},
					"position": {
						"0.0": [0, -0.5, 0],
						"2.5": [0, -0.5, 0],
						"2.75": [0, -0.5, 0]
					}
				},
				"tail3": {
					"rotation": {
						"0.0": [17.5, 0, 0],
						"0.1667": {
							"pre": [-15, 0, 0],
							"post": [-15, 0, 0],
							"lerp_mode": "catmullrom"
						},
						"0.3333": {
							"post": [22.5, 0, 0],
							"lerp_mode": "catmullrom"
						},
						"0.5417": {
							"post": [25, 0, 0],
							"lerp_mode": "catmullrom"
						},
						"0.625": {
							"post": [12.5, 0, 0],
							"lerp_mode": "catmullrom"
						},
						"0.75": {
							"post": [25, 0, 0],
							"lerp_mode": "catmullrom"
						},
						"1.0": {
							"post": [19.36935, -0.22895, -0.82356],
							"lerp_mode": "catmullrom"
						},
						"1.25": {
							"post": [1.33046, -0.45372, -1.6321],
							"lerp_mode": "catmullrom"
						},
						"1.4167": {
							"post": [34.56451, -0.42031, -1.51194],
							"lerp_mode": "catmullrom"
						},
						"2.1667": [17.5, 0, 0]
					}
				},
				"tail": {
					"rotation": {
						"0.0": [15, 0, 0],
						"0.1667": {
							"pre": [10, 0, 0],
							"post": [10, 0, 0],
							"lerp_mode": "catmullrom"
						},
						"0.3333": {
							"post": [27.5, 0, 0],
							"lerp_mode": "catmullrom"
						},
						"0.5": {
							"post": [10, 0, 0],
							"lerp_mode": "catmullrom"
						},
						"0.5417": {
							"post": [7.69393, -11.12163, -7.60862],
							"lerp_mode": "catmullrom"
						},
						"0.625": {
							"post": [-11.15494, -5.12879, -4.99987],
							"lerp_mode": "catmullrom"
						},
						"0.7083": {
							"post": [4.9962, 0.86405, -2.39112],
							"lerp_mode": "catmullrom"
						},
						"1.0": {
							"post": [9, 0.86405, -2.39112],
							"lerp_mode": "catmullrom"
						},
						"1.125": {
							"post": [16.5, 0.86405, -2.39112],
							"lerp_mode": "catmullrom"
						},
						"1.25": {
							"post": [29.16715, 8.05293, -0.24543],
							"lerp_mode": "catmullrom"
						},
						"1.4583": {
							"post": [31.66715, 8.05293, -0.24543],
							"lerp_mode": "catmullrom"
						},
						"1.75": {
							"post": [31.66715, 8.05293, -0.24543],
							"lerp_mode": "catmullrom"
						},
						"1.9167": {
							"post": [20.20041, 3.59383, -0.10953],
							"lerp_mode": "catmullrom"
						},
						"2.0417": {
							"post": [-8.11646, 1.51822, -0.04627],
							"lerp_mode": "catmullrom"
						},
						"2.1667": [15, 0, 0],
						"2.4167": ["20-math.sin(q.anim_time*90*8+180)*2", 0, 0],
						"3.0": ["15-math.sin(q.anim_time*90*8+180)*2", 0, 0]
					}
				},
				"tail2": {
					"rotation": {
						"0.0": [15, 0, 0],
						"0.1667": {
							"pre": [-17.5, 0, 0],
							"post": [-17.5, 0, 0],
							"lerp_mode": "catmullrom"
						},
						"0.375": {
							"post": [15, 0, 0],
							"lerp_mode": "catmullrom"
						},
						"0.5417": {
							"post": [10, 0, 0],
							"lerp_mode": "catmullrom"
						},
						"0.625": {
							"post": [2.5, 0, 0],
							"lerp_mode": "catmullrom"
						},
						"0.75": {
							"post": [15, 0, 0],
							"lerp_mode": "catmullrom"
						},
						"1.0417": {
							"post": [-1.84, 0, 0],
							"lerp_mode": "catmullrom"
						},
						"1.25": {
							"post": [5.92, 0, 0],
							"lerp_mode": "catmullrom"
						},
						"1.4167": {
							"post": [34.09, 0, 0],
							"lerp_mode": "catmullrom"
						},
						"2.1667": [15, 0, 0]
					}
				},
				"flap_right": {
					"rotation": [-7.28135, -4.99523, -2.50954],
					"position": [0, 0, -1]
				},
				"antenna_right": {
					"rotation": [9.91615, 1.29876, -7.38733]
				},
				"antenna_right2": {
					"rotation": [-37.5, 0, 0]
				},
				"claw_right": {
					"rotation": [0, 0, -12.5]
				},
				"claw_right2": {
					"rotation": [0, 0, -12.5]
				},
				"arm_left": {
					"rotation": {
						"0.0": [-2.0307, 17.42887, 44.61243],
						"0.1667": {
							"pre": [-12.37252, 12.53555, 6.05959],
							"post": [-12.37252, 12.53555, 6.05959],
							"lerp_mode": "catmullrom"
						},
						"0.375": {
							"post": [22.04192, 24.81375, 41.59093],
							"lerp_mode": "catmullrom"
						},
						"0.5833": {
							"post": [-13.92458, 2.40211, -9.09648],
							"lerp_mode": "catmullrom"
						},
						"0.7917": {
							"post": [-26.72703, 30.77434, 40.49628],
							"lerp_mode": "catmullrom"
						},
						"1.125": [-3.48197, 18.46119, 47.79291],
						"1.1667": {
							"pre": [-4.50795, -27.3871, 43.71194],
							"post": [-4.50795, -27.3871, 43.71194],
							"lerp_mode": "catmullrom"
						},
						"1.25": {
							"post": [-8.76326, 45.95026, 29.28017],
							"lerp_mode": "catmullrom"
						},
						"1.4583": {
							"post": [21.27494, 58.42741, 59.95649],
							"lerp_mode": "catmullrom"
						},
						"1.75": [-36.0092, 58.59638, 16.64475],
						"1.9167": {
							"pre": [-3.55481, 10.23847, 41.44719],
							"post": [-3.55481, 10.23847, 41.44719],
							"lerp_mode": "catmullrom"
						},
						"2.1667": {
							"post": [13.6354, 24.72832, 46.46061],
							"lerp_mode": "catmullrom"
						},
						"2.5": [-2.0307, 17.42887, 44.61243]
					},
					"position": {
						"0.0": [0, 0, -1],
						"0.1667": {
							"pre": [0, -0.57, -0.71],
							"post": [0, -0.57, -0.71],
							"lerp_mode": "catmullrom"
						},
						"0.375": {
							"post": [0, -1, -4],
							"lerp_mode": "catmullrom"
						},
						"0.5833": {
							"post": [-1, 0, -1],
							"lerp_mode": "catmullrom"
						},
						"2.5": [0, 0, -1]
					}
				},
				"arm_left2": {
					"rotation": {
						"0.0": [2.71994, 19.82169, 7.97532],
						"0.1667": {
							"pre": [-5.90957, 19.98015, -2.66023],
							"post": [-5.90957, 19.98015, -2.66023],
							"lerp_mode": "catmullrom"
						},
						"0.375": {
							"post": [20.72589, 27.58303, 15.28582],
							"lerp_mode": "catmullrom"
						},
						"0.5833": [-3.21884, 16.0007, -15.2929],
						"0.7917": {
							"pre": [38.05493, 14.62625, 30.40309],
							"post": [38.05493, 14.62625, 30.40309],
							"lerp_mode": "catmullrom"
						},
						"1.125": {
							"post": [13.68742, 48.23291, 13.37706],
							"lerp_mode": "catmullrom"
						},
						"1.1667": {
							"post": [14.0468, 1.39443, -6.04661],
							"lerp_mode": "catmullrom"
						},
						"1.25": [49.85592, 37.57609, 34.1266],
						"1.4583": [53.39188, 29.66191, 39.10309],
						"1.6667": {
							"pre": [71.27414, 50.23029, 64.45898],
							"post": [71.27414, 50.23029, 64.45898],
							"lerp_mode": "catmullrom"
						},
						"1.9167": {
							"post": [1.48131, 41.3928, 21.28597],
							"lerp_mode": "catmullrom"
						},
						"2.125": {
							"post": [2.71994, 19.82169, 7.97532],
							"lerp_mode": "catmullrom"
						},
						"2.4167": {
							"post": [2.71994, 19.82169, 7.97532],
							"lerp_mode": "catmullrom"
						}
					}
				},
				"claw_left": {
					"rotation": [0, 0, 12.5]
				},
				"claw_left2": {
					"rotation": [0, 0, 12.5]
				},
				"leg_left": {
					"rotation": {
						"0.0": [17.5, -7.5, -12.5],
						"0.125": [-23.59623, -12.69123, -23.21587],
						"0.2083": [-2.80177, -9.18207, -27.56624],
						"0.3333": [-25.27699, -7.17361, -29.15639],
						"0.4167": [9.7354, -6.16938, -29.95147],
						"0.5417": [6.14001, -5.0983, -19.77234],
						"0.625": [-16.03638, -4.74221, -22.43972],
						"0.7083": [7.49315, -7.42466, -32.12883],
						"0.75": [14.99315, -7.42466, -32.12883],
						"1.125": [2.49315, -7.42466, -32.12883],
						"1.25": [-62.73902, 4.52033, -23.03649],
						"1.375": [-11.22099, -4.04762, -20.03105],
						"1.7083": [-18.72099, -4.04762, -20.03105],
						"2.0417": [-11.22099, -4.04762, -20.03105],
						"2.1667": [-36.22099, -4.04762, -20.03105],
						"2.375": [17.5, -7.5, -12.5]
					},
					"position": {
						"0.0": [0, -0.7, 0],
						"0.125": [-0.6, -1, 0],
						"0.2083": [-1, 0, 0],
						"0.3333": [-1, -1.6, -0.4],
						"0.4167": [-1, -1, 1],
						"0.5417": [0, -1, 1],
						"0.625": [1.6, -1, -0.6],
						"0.7083": [-0.13, -2, 2.13],
						"0.75": [-1, -1, 2],
						"1.125": [-1, -1, 2],
						"1.25": [-1, 0, 0],
						"1.375": [-1, -0.5, -2],
						"2.0417": [-1, -0.5, -2],
						"2.1667": [-1, 1, 0],
						"2.375": [0, -0.7, 0]
					}
				},
				"leg_left2": {
					"rotation": {
						"0.0": [-12.5, -2.5, 10],
						"0.125": [34.74781, -3.35793, 14.93234],
						"0.2083": [45, -2.5, 10],
						"0.3333": [28.18095, -16.24987, 18.85933],
						"0.4167": [6.47325, -17.33415, 28.49439],
						"0.5417": [8.42248, -15.70428, 12.93668],
						"0.625": [34.19963, -9.52486, 18.30089],
						"0.7083": [38.68354, -14.21353, 33.98422],
						"0.75": [31.52017, -7.60822, 16.78175],
						"1.0": [39.12617, -9.41515, 26.74043],
						"1.125": [9.17917, -10.31861, 31.71977],
						"1.25": [59.02017, -7.60822, 16.78175],
						"1.375": [17.76708, 0.03549, 18.44822],
						"1.7083": [27.76708, 0.03549, 18.44822],
						"2.0417": [17.76708, 0.03549, 18.44822],
						"2.1667": [15.26708, 0.03549, 18.44822],
						"2.375": [-12.5, -2.5, 10]
					}
				},
				"antenna_left": {
					"rotation": [9.91615, -1.29876, 7.38733]
				},
				"antenna_left2": {
					"rotation": [-37.5, 0, 0]
				},
				"body": {
					"position": {
						"0.0": [0, 0, 0],
						"0.125": [0, 0, 0],
						"0.1667": [-2.17, 2.5, 1],
						"0.25": [-6.5, 3.5, 3.5],
						"0.2917": [-7, 4.75, 5.25],
						"0.3333": [-9, 0, 7],
						"0.4583": [-10, 0, 7],
						"0.5": [-6.5, 6.5, 7],
						"0.5417": [3, 3, 7],
						"0.625": [11, 0, 1],
						"0.875": [11, 0, 1],
						"1.0833": [11, 0, 1],
						"1.1667": [-2.29, 0, -8.71],
						"1.25": [0, 0, -22],
						"1.4583": {
							"pre": [0, 0, -28],
							"post": [0, 0, -28],
							"lerp_mode": "catmullrom"
						},
						"1.75": {
							"post": [0, 0, -25],
							"lerp_mode": "catmullrom"
						},
						"1.8333": [0, 0, -22],
						"2.0": [0, 0, -9],
						"2.125": [0, 0, -2.5],
						"2.25": [0, 0, 0]
					}
				},
				"head": {
					"rotation": {
						"0.0": [-5, 0, 0],
						"0.1667": [12.5, 0, 0],
						"0.2917": [-7.52832, -4.95712, 0.65426],
						"0.4167": [-17.52832, -4.95712, 0.65426],
						"0.5": [-19.19499, -4.95712, 0.65426],
						"0.5417": [-2.57955, -12.44969, 0.99212],
						"0.7083": [-17.42985, -10.06542, 0.22546],
						"0.9583": [-12, -10.06542, 0.22546],
						"1.125": [25.53079, -0.07139, -0.12177],
						"1.25": [-5.20094, 21.94105, -4.65473],
						"1.4583": [-4.70858, 17.01282, -2.9318],
						"1.75": [3.43079, 18.78546, -2.06942],
						"1.9167": [-5.28101, 3.7904, -2.29372],
						"2.1667": [-5, 0, 0]
					}
				},
				"eye_right": {
					"position": {
						"0.0": [0, 0, 0],
						"0.3333": {
							"pre": [0, 0, 0],
							"post": [1, 0, 1]
						},
						"0.75": {
							"pre": [1, 0, 1],
							"post": [0, 0, 0]
						},
						"1.25": {
							"pre": [0, 0, 0],
							"post": [1, 0, 1]
						},
						"1.7083": {
							"pre": [1, 0, 1],
							"post": [0, 0, 0]
						}
					}
				},
				"eye_left": {
					"position": {
						"0.0": [0, 0, 0],
						"0.3333": {
							"pre": [0, 0, 0],
							"post": [-1, 0, 1]
						},
						"0.75": {
							"pre": [-1, 0, 1],
							"post": [0, 0, 0]
						},
						"1.25": {
							"pre": [0, 0, 0],
							"post": [-1, 0, 1]
						},
						"1.7083": {
							"pre": [-1, 0, 1],
							"post": [0, 0, 0]
						}
					}
				},
				"eyelid_right": {
					"position": {
						"0.0": [0, 0, 0],
						"0.3333": {
							"pre": [0, 0, 0],
							"post": [-1, 0, -1]
						},
						"0.75": {
							"pre": [-1, 0, -1],
							"post": [0, 0, 0]
						}
					}
				},
				"eyelid_left": {
					"position": {
						"0.0": [0, 0, 0],
						"0.3333": {
							"pre": [0, 0, 0],
							"post": [1, 0, -1]
						},
						"0.75": {
							"pre": [1, 0, -1],
							"post": [0, 0, 0]
						}
					}
				},
				"eye_recoil_right": {
					"position": {
						"0.0": [0, 0, 0],
						"1.25": {
							"pre": [0, 0, 0],
							"post": [-1, 0, -1]
						},
						"1.7083": {
							"pre": [-1, 0, -1],
							"post": [0, 0, 0]
						}
					}
				},
				"eye_recoil_left": {
					"position": {
						"0.0": [0, 0, 0],
						"1.25": {
							"pre": [0, 0, 0],
							"post": [1, 0, -1]
						},
						"1.7083": {
							"pre": [1, 0, -1],
							"post": [0, 0, 0]
						}
					}
				},
				"flap_left": {
					"rotation": [-7.28135, -4.99523, -2.50954],
					"position": [0, 0, -1]
				}
			}
		},
		"animation.lokix.special": {
			"animation_length": 3,
			"bones": {
				"torso": {
					"rotation": [12.5, 0, 0],
					"position": [0, 0, 1]
				},
				"torso2": {
					"rotation": [5, 0, 0],
					"position": [0, 0, 0]
				},
				"leg_right": {
					"rotation": [3.14695, 7.25354, 17.53563],
					"position": [0, 0, 0]
				},
				"leg_right2": {
					"rotation": [4.67348, 2.4786, -17.50706]
				},
				"arm_right2": {
					"rotation": [10.52341, -30.27748, -11.34886]
				},
				"arm_right": {
					"rotation": [10.03533, 4.13842, -20.9809],
					"position": [0, -0.5, 0]
				},
				"tail3": {
					"rotation": [17.5, 0, 0]
				},
				"tail": {
					"rotation": [15, 0, 0]
				},
				"tail2": {
					"rotation": [15, 0, 0]
				},
				"flap_right": {
					"rotation": [-7.28135, -4.99523, -2.50954],
					"position": [0, 0, -1]
				},
				"antenna_right": {
					"rotation": [9.91615, 1.29876, -7.38733]
				},
				"antenna_right2": {
					"rotation": [-37.5, 0, 0]
				},
				"claw_right": {
					"rotation": [0, 0, -12.5]
				},
				"claw_right2": {
					"rotation": [0, 0, -12.5]
				},
				"arm_left": {
					"rotation": [-2.0307, 17.42887, 44.61243],
					"position": [0, 0, -1]
				},
				"arm_left2": {
					"rotation": [2.71994, 19.82169, 7.97532]
				},
				"claw_left": {
					"rotation": [0, 0, 12.5]
				},
				"claw_left2": {
					"rotation": [0, 0, 12.5]
				},
				"leg_left": {
					"rotation": [17.5, -7.5, -12.5],
					"position": [0, -0.7, 0]
				},
				"leg_left2": {
					"rotation": [-12.5, -2.5, 10]
				},
				"antenna_left": {
					"rotation": [9.91615, -1.29876, 7.38733]
				},
				"antenna_left2": {
					"rotation": [-37.5, 0, 0]
				},
				"body": {
					"position": [0, 0, 0]
				},
				"head": {
					"rotation": [-5, 0, 0]
				},
				"eye_right": {
					"position": [0, 0, 0]
				},
				"eye_left": {
					"position": [0, 0, 0]
				},
				"eyelid_right": {
					"position": [0, 0, 0]
				},
				"eyelid_left": {
					"position": [0, 0, 0]
				},
				"eye_recoil_right": {
					"position": [0, 0, 0]
				},
				"eye_recoil_left": {
					"position": [0, 0, 0]
				},
				"flap_left": {
					"rotation": [-7.28135, -4.99523, -2.50954],
					"position": [0, 0, -1]
				}
			}
		},
		"animation.lokix.status": {
			"animation_length": 3.0417,
			"bones": {
				"torso": {
					"rotation": {
						"0.0": [12.5, 0, 0],
						"0.3333": {
							"pre": [31.74733, 7.3101, -0.85656],
							"post": [31.74733, 7.3101, -0.85656],
							"lerp_mode": "catmullrom"
						},
						"0.7083": {
							"post": [18.67673, 19.75059, -2.54863],
							"lerp_mode": "catmullrom"
						},
						"1.0417": {
							"post": [25.03713, 7.01213, 0.8687],
							"lerp_mode": "catmullrom"
						},
						"1.2083": {
							"post": [13.3973, -8.1398, -5.23545],
							"lerp_mode": "catmullrom"
						},
						"1.3333": {
							"post": ["-21.8993656523+0.5*math.sin(q.anim_time*90*40)", -29.92193, -1.69786],
							"lerp_mode": "catmullrom"
						},
						"1.9583": [-11.8365, -18.73403, -4.08949],
						"2.4167": {
							"pre": [-1, -10.25, 2],
							"post": [-1, -10.25, 2],
							"lerp_mode": "catmullrom"
						},
						"3.0": [12.5, 0, 0]
					},
					"position": {
						"0.0": [0, 0, 1],
						"0.3333": [0, 0.5, 1.5],
						"0.7083": {
							"pre": [0, 0, 0.5],
							"post": [0, 0, 0.5],
							"lerp_mode": "catmullrom"
						},
						"1.0417": {
							"post": [0, -1, 1.5],
							"lerp_mode": "catmullrom"
						},
						"1.2083": {
							"post": [0, 0.54, 0],
							"lerp_mode": "catmullrom"
						},
						"1.3333": [0, "0.2*math.sin(q.anim_time*90*1+90)", -1.5],
						"1.9583": {
							"pre": [0, 0, -1.5],
							"post": [0, 0, -1.5],
							"lerp_mode": "catmullrom"
						},
						"2.4167": [0, 0, 0.5],
						"3.0": [0, 0, 1]
					}
				},
				"torso2": {
					"rotation": {
						"0.0": [5, 0, 0],
						"0.4167": [22.04684, 21.46219, 3.96871],
						"0.7083": {
							"pre": [10.23669, 8.79081, 2.32039],
							"post": [10.23669, 8.79081, 2.32039],
							"lerp_mode": "catmullrom"
						},
						"1.0": [7.77071, 24.29064, 2.40459],
						"1.2083": {
							"pre": [13.64933, 5.32859, -3.75343],
							"post": [13.64933, 5.32859, -3.75343],
							"lerp_mode": "catmullrom"
						},
						"1.4167": [-2.5971, -3.44889, -0.97222],
						"3.0": [5, 0, 0]
					},
					"position": {
						"0.0": [0, 0, 0],
						"3.0": [0, 0, 0]
					}
				},
				"leg_right": {
					"rotation": {
						"0.0": [3.14695, 7.25354, 17.53563],
						"0.1667": [-19.62862, 7.25354, 17.53563],
						"0.2917": [-41.0853, 7.25354, 17.53563],
						"0.5": [-11.0853, 7.25354, 17.53563],
						"0.9583": [8.9147, 7.25354, 17.53563],
						"1.2083": [6.4147, 7.25354, 17.53563],
						"1.375": [-70.92833, -8.34157, 1.26587],
						"1.4583": [-29.11265, -4.16838, 7.53639],
						"1.9583": [-29.11265, -4.16838, 7.53639],
						"2.1667": [-42.0153, 0.11484, 11.2861],
						"2.375": [3.14695, 7.25354, 17.53563]
					},
					"position": {
						"0.0": [0, -0.7, 0],
						"0.2917": [0, 0.71, 2.14],
						"0.4583": [0, -1, 3],
						"1.2083": [0, -1, 3],
						"1.3333": [-1, -1, -1],
						"1.4583": [1, -1, -1],
						"1.9583": [1, -1, -1],
						"2.0833": [0.63, -0.63, -0.63],
						"2.25": [0.38, 0.22, 0.62],
						"2.375": [0, -0.7, 0]
					}
				},
				"leg_right2": {
					"rotation": {
						"0.0": [4.67348, 2.4786, -17.50706],
						"0.1667": [30.17996, 2.4786, -17.50706],
						"0.2917": [79.93483, 2.4786, -17.50706],
						"0.5": [12.7439, 3.66322, -20.2564],
						"0.9583": [-4.7561, 3.66322, -20.2564],
						"1.2083": [-2.2561, 3.66322, -20.2564],
						"1.375": [87.37485, -8.27174, -11.14639],
						"1.4583": [24.87485, -8.27174, -11.14639],
						"1.9583": [24.87485, -8.27174, -11.14639],
						"2.1667": [73.37485, -8.27174, -11.14639],
						"2.375": [4.67348, 2.4786, -17.50706]
					}
				},
				"arm_right2": {
					"rotation": {
						"0.0": [10.52, -30.28, -11.35],
						"0.2083": {
							"pre": [7.33583, -37.3673, -35.73703],
							"post": [7.33583, -37.3673, -35.73703],
							"lerp_mode": "catmullrom"
						},
						"0.5417": {
							"post": [31.55307, -39.26108, -77.2858],
							"lerp_mode": "catmullrom"
						},
						"0.7917": {
							"post": [150.84364, -65.30279, -174.08341],
							"lerp_mode": "catmullrom"
						},
						"0.9583": {
							"post": [321.06981, -52.32975, -320.7604],
							"lerp_mode": "catmullrom"
						},
						"1.25": {
							"post": [297.11987, -56.08787, -292.66109],
							"lerp_mode": "catmullrom"
						},
						"1.375": {
							"post": [7.3602, 4.14988, -363.92164],
							"lerp_mode": "catmullrom"
						},
						"1.5833": {
							"post": [33.77947, -48.39321, -360],
							"lerp_mode": "catmullrom"
						},
						"1.7083": {
							"post": [32.29973, -46.2972, -357.98842],
							"lerp_mode": "catmullrom"
						}
					}
				},
				"arm_right": {
					"rotation": {
						"0.0": [10.03533, 4.13842, -20.9809],
						"0.2083": {
							"pre": [-18.57456, 53.84846, -31.84142],
							"post": [-18.57456, 53.84846, -31.84142],
							"lerp_mode": "catmullrom"
						},
						"0.5833": [-31.40349, -2.49158, -54.72787],
						"0.7917": {
							"pre": [10.90223, 18.85277, -36.90678],
							"post": [10.90223, 18.85277, -36.90678],
							"lerp_mode": "catmullrom"
						},
						"0.9583": {
							"post": [42.81693, -18.05555, -38.56498],
							"lerp_mode": "catmullrom"
						},
						"1.1667": [57.95248, -16.62667, -26.78665],
						"1.3333": {
							"pre": [22.42172, -34.9059, -3.68415],
							"post": [22.42172, -34.9059, -3.68415],
							"lerp_mode": "catmullrom"
						},
						"1.4167": {
							"post": [9.15182, 16.47014, 15.33215],
							"lerp_mode": "catmullrom"
						},
						"1.5833": [79.45559, 63.60256, 88.94938],
						"1.7917": {
							"pre": [84.48384, 63.95219, 94.55359],
							"post": [84.48384, 63.95219, 94.55359],
							"lerp_mode": "catmullrom"
						},
						"3.0": [10.03533, 4.13842, -20.9809]
					},
					"position": {
						"0.0": [0, -0.5, 0],
						"1.3333": [0, -0.5, -0.09],
						"1.4583": [0, -0.5, 1],
						"3.0": [0, -0.5, 0]
					}
				},
				"tail3": {
					"rotation": {
						"0.0": [17.5, 0, 0],
						"0.4167": [32.5, 0, 0]
					}
				},
				"tail": {
					"rotation": {
						"0.0": [15, 0, 0],
						"0.3333": [31.22074, 26.65594, 2.61298],
						"0.6667": {
							"pre": [17.72074, 0.65594, 2.61298],
							"post": [17.72074, 0.65594, 2.61298],
							"lerp_mode": "catmullrom"
						},
						"1.0": [49.25174, 34.54053, 5.66991],
						"1.25": {
							"pre": [25.72074, 18.65594, 2.61298],
							"post": [25.72074, 18.65594, 2.61298],
							"lerp_mode": "catmullrom"
						},
						"1.4583": {
							"post": [12.30437, -11.43988, -3.16716],
							"lerp_mode": "catmullrom"
						},
						"3.0": [15, 0, 0]
					}
				},
				"tail2": {
					"rotation": {
						"0.0": [15, 0, 0],
						"0.4167": [27.5, 0, 0]
					}
				},
				"flap_right": {
					"rotation": {
						"0.0": [0, 0, 0],
						"0.2917": {
							"pre": [-62.5, 0, 0],
							"post": [-62.5, 0, 0],
							"lerp_mode": "catmullrom"
						},
						"0.5": {
							"post": [-142.5, 0, 0],
							"lerp_mode": "catmullrom"
						},
						"0.5833": {
							"post": [-191.11025, 1.45323, 7.35865],
							"lerp_mode": "catmullrom"
						},
						"0.75": {
							"post": [-263, 0, 0],
							"lerp_mode": "catmullrom"
						},
						"0.9167": {
							"post": [-235.84724, 10.70586, -1.81134],
							"lerp_mode": "catmullrom"
						},
						"1.0": {
							"post": [-233.48329, 28.89279, 8.13946],
							"lerp_mode": "catmullrom"
						},
						"1.125": {
							"post": [-243.5, 23, 0],
							"lerp_mode": "catmullrom"
						},
						"1.2917": [-237.02495, 13.93409, -3.23355],
						"1.375": [-304.92179, 14.7951, -4.03031],
						"1.5833": [-327.63885, 24.88811, -19.26146],
						"1.7917": {
							"pre": [-334.90251, 27.4812, -30.02856],
							"post": [-334.90251, 27.4812, -30.02856],
							"lerp_mode": "catmullrom"
						}
					},
					"position": {
						"0.0": [0, 0, 0],
						"0.2917": {
							"pre": [0, 1, 0],
							"post": [0, 1, 0],
							"lerp_mode": "catmullrom"
						},
						"0.5": {
							"post": [0, 5, -2],
							"lerp_mode": "catmullrom"
						},
						"0.75": {
							"post": [0, -2, -2],
							"lerp_mode": "catmullrom"
						},
						"0.9167": {
							"post": [0, 0.95, -2],
							"lerp_mode": "catmullrom"
						},
						"1.125": {
							"post": [0, -1, -4],
							"lerp_mode": "catmullrom"
						},
						"1.25": {
							"post": [0, 0, -4],
							"lerp_mode": "catmullrom"
						},
						"1.4167": {
							"post": [0, 2, -3],
							"lerp_mode": "catmullrom"
						},
						"1.5833": {
							"post": [0, 1.7, -5.26],
							"lerp_mode": "catmullrom"
						}
					}
				},
				"antenna_right": {
					"rotation": [9.91615, 1.29876, -7.38733]
				},
				"antenna_right2": {
					"rotation": [-37.5, 0, 0]
				},
				"claw_right": {
					"rotation": [0, 0, -12.5]
				},
				"claw_right2": {
					"rotation": [0, 0, -12.5]
				},
				"arm_left": {
					"rotation": {
						"0.0": [-2.0307, 17.42887, 44.61243],
						"0.4167": [29.87557, 42.40922, 43.45025],
						"0.75": {
							"pre": [37.79413, 42.38304, 55.65561],
							"post": [37.79413, 42.38304, 55.65561],
							"lerp_mode": "catmullrom"
						},
						"0.875": {
							"post": [39.67753, 43.7768, 58.04404],
							"lerp_mode": "catmullrom"
						},
						"0.9583": {
							"post": [43.36869, 46.90148, 62.943],
							"lerp_mode": "catmullrom"
						},
						"1.125": {
							"post": [30.15882, 25.70864, 42.20388],
							"lerp_mode": "catmullrom"
						},
						"1.2917": {
							"post": [31.0397, 44.90229, 56.67379],
							"lerp_mode": "catmullrom"
						},
						"1.4583": [23.05393, -34.4803, 30.40112]
					},
					"position": {
						"0.0": [0, 0, -1],
						"0.4167": [-1, 0, -2],
						"0.75": [-2, -1, -3],
						"0.875": {
							"pre": [-1, -1, -2],
							"post": [-1, -1, -2],
							"lerp_mode": "catmullrom"
						},
						"1.0": [-2, -1, -3],
						"1.125": {
							"pre": [-2, 0, -2],
							"post": [-2, 0, -2],
							"lerp_mode": "catmullrom"
						},
						"1.2917": {
							"post": [-1, 0, -2],
							"lerp_mode": "catmullrom"
						},
						"1.4167": {
							"post": [0, 0, 0],
							"lerp_mode": "catmullrom"
						}
					}
				},
				"arm_left2": {
					"rotation": {
						"0.0": [2.71994, 19.82169, 7.97532],
						"0.4167": {
							"pre": [-3.35843, 45.57932, 17.10524],
							"post": [-3.35843, 45.57932, 17.10524],
							"lerp_mode": "catmullrom"
						},
						"0.75": {
							"post": [16.08745, 53.06435, 16.37615],
							"lerp_mode": "catmullrom"
						},
						"0.875": {
							"post": [17.35749, 52.02194, 17.51451],
							"lerp_mode": "catmullrom"
						},
						"0.9583": {
							"post": [5.82905, 49.29049, 1.79292],
							"lerp_mode": "catmullrom"
						},
						"1.125": {
							"post": [18.2316, 57.84289, 18.97691],
							"lerp_mode": "catmullrom"
						},
						"1.2917": {
							"post": [-0.13031, 26.45566, 5.77126],
							"lerp_mode": "catmullrom"
						},
						"1.4167": {
							"post": [6.90725, 30.23736, 13.00833],
							"lerp_mode": "catmullrom"
						}
					}
				},
				"claw_left": {
					"rotation": [0, 0, 12.5]
				},
				"claw_left2": {
					"rotation": [0, 0, 12.5]
				},
				"leg_left": {
					"rotation": [17.5, -7.5, -12.5],
					"position": [0, -0.7, 0]
				},
				"leg_left2": {
					"rotation": [-12.5, -2.5, 10]
				},
				"antenna_left": {
					"rotation": [9.91615, -1.29876, 7.38733]
				},
				"antenna_left2": {
					"rotation": [-37.5, 0, 0]
				},
				"body": {
					"rotation": {
						"0.0": [0, 0, 0],
						"0.75": {
							"pre": [0, 0, 0],
							"post": [0, 0, 0],
							"lerp_mode": "catmullrom"
						},
						"0.9583": {
							"post": [0, 14.93, 0],
							"lerp_mode": "catmullrom"
						},
						"1.1667": {
							"post": [0, 40.5, 0],
							"lerp_mode": "catmullrom"
						},
						"1.25": {
							"post": [0, 5.67, 0],
							"lerp_mode": "catmullrom"
						},
						"1.375": {
							"post": [0, -20, 0],
							"lerp_mode": "catmullrom"
						},
						"1.875": {
							"post": [0, -18, 0],
							"lerp_mode": "catmullrom"
						},
						"2.375": {
							"post": [0, -7.93, 0],
							"lerp_mode": "catmullrom"
						},
						"3.0": [0, 0, 0]
					},
					"position": {
						"0.0": [0, 0, 0],
						"0.75": {
							"pre": [0, 0, 0],
							"post": [0, 0, 0],
							"lerp_mode": "catmullrom"
						},
						"1.1667": {
							"post": [0, 0, 0],
							"lerp_mode": "catmullrom"
						},
						"1.3333": [0, "0.5*math.sin(q.anim_time*90*60)", "0.5*math.sin(q.anim_time*90*60+30)"],
						"1.875": [0, 0, 0],
						"3.0": [0, 0, 0]
					}
				},
				"head": {
					"rotation": {
						"0.0": [-5, 0, 0],
						"0.4167": {
							"pre": [13.07779, 14.2906, 4.60659],
							"post": [13.07779, 14.2906, 4.60659],
							"lerp_mode": "catmullrom"
						},
						"0.7083": {
							"post": [-6.71681, -3.08751, 0],
							"lerp_mode": "catmullrom"
						}
					}
				},
				"eye_right": {
					"position": {
						"0.0": [0, 0, 0],
						"0.25": {
							"pre": [0, 0, 0],
							"post": [1, 0, 1]
						},
						"0.6667": {
							"pre": [1, 0, 1],
							"post": [0, 0, 0]
						},
						"1.2083": {
							"pre": [0, 0, 0],
							"post": [1, 0, 1]
						},
						"1.4583": {
							"pre": [1, 0, 1],
							"post": [0, 0, 0]
						}
					}
				},
				"eye_left": {
					"position": {
						"0.0": [0, 0, 0],
						"0.25": {
							"pre": [0, 0, 0],
							"post": [-1, 0, 1]
						},
						"0.6667": {
							"pre": [-1, 0, 1],
							"post": [0, 0, 0]
						},
						"1.2083": {
							"pre": [0, 0, 0],
							"post": [-1, 0, 1]
						},
						"1.4583": {
							"pre": [-1, 0, 1],
							"post": [0, 0, 0]
						}
					}
				},
				"flap_right2": {
					"rotation": {
						"0.0": [0, 0, 0],
						"0.25": {
							"pre": [47.5, 0, 0],
							"post": [47.5, 0, 0],
							"lerp_mode": "catmullrom"
						},
						"0.4583": {
							"post": [5, 0, 0],
							"lerp_mode": "catmullrom"
						},
						"0.75": {
							"post": [0, 0, 0],
							"lerp_mode": "catmullrom"
						},
						"1.25": {
							"post": [-2.5, 0, 0],
							"lerp_mode": "catmullrom"
						},
						"1.375": {
							"post": [-0.55896, -3.43189, 0],
							"lerp_mode": "catmullrom"
						},
						"1.5": {
							"post": [16.69458, -6.86379, 0],
							"lerp_mode": "catmullrom"
						},
						"1.625": [-0.80542, -6.86379, 0]
					}
				},
				"eyelid_right": {
					"position": {
						"0.0": [0, 0, 0],
						"0.25": {
							"pre": [0, 0, 0],
							"post": [-1, 0, -1]
						},
						"0.6667": {
							"pre": [-1, 0, -1],
							"post": [0, 0, 0]
						},
						"1.2083": {
							"pre": [0, 0, 0],
							"post": [-1, 0, -1]
						},
						"1.4583": {
							"pre": [-1, 0, -1],
							"post": [0, 0, 0]
						}
					}
				},
				"eyelid_left": {
					"position": {
						"0.0": [0, 0, 0],
						"0.25": {
							"pre": [0, 0, 0],
							"post": [1, 0, -1]
						},
						"0.6667": {
							"pre": [1, 0, -1],
							"post": [0, 0, 0]
						},
						"1.2083": {
							"pre": [0, 0, 0],
							"post": [1, 0, -1]
						},
						"1.4583": {
							"pre": [1, 0, -1],
							"post": [0, 0, 0]
						}
					}
				},
				"eye_recoil_right": {
					"position": [0, 0, 0]
				},
				"eye_recoil_left": {
					"position": [0, 0, 0]
				}
			}
		},
		"animation.lokix.open_flap": {
			"loop": true,
			"bones": {
				"flap_right2": {
					"rotation": [90, 0, 0]
				},
				"flap_left2": {
					"rotation": [90, 0, 0]
				}
			}
		}
	}
}