{
	"format_version": "1.8.0",
	"animations": {
		"animation.mimejr.render": {
			"loop": true,
			"bones": {
				"leg1": {
					"rotation": [-27.5, 25, 0],
					"position": [-1, 1, -4]
				},
				"torso": {
					"rotation": [0.98448, -7.43547, -7.56397]
				},
				"torso3": {
					"rotation": [0, -5, 5]
				},
				"torso4": {
					"rotation": [0, -5, -7.5]
				},
				"hand1": {
					"rotation": [-4.19074, -27.0475, 13.8468],
					"position": [0, -1, 0]
				},
				"hand_part1": {
					"rotation": [0, 0, 7.5],
					"position": [1, 0, 0]
				},
				"hand_mini": {
					"rotation": [0, 0, 30],
					"position": [0, -0.3, 0]
				},
				"head": {
					"rotation": [1.3378, -14.94159, -5.17544]
				},
				"hat_top": {
					"rotation": [0, 25, 0],
					"position": [0.5, 0, 0]
				},
				"mouth": {
					"position": [0, 0, 1]
				},
				"smile": {
					"position": [0, 0, -2]
				},
				"hand2": {
					"rotation": [0, -12.5, 27.5]
				},
				"hand_part2": {
					"rotation": [0, 0, -35],
					"position": [0, -0.3, 0]
				},
				"hand_mini2": {
					"rotation": [0, 0, 30],
					"position": [-1, 0.5, 0]
				},
				"leg2": {
					"rotation": [6.8817, -24.09293, -16.47027],
					"position": [1, 0, 0]
				}
			}
		},
		"animation.mimejr.ground_idle": {
			"loop": true,
			"bones": {
				"leg1": {
					"rotation": [2.71994, 19.82169, 0],
					"position": [0, 0, 0]
				},
				"torso": {
					"rotation": ["0+math.sin(query.anim_time*90*4)*3", 0, "-5+math.sin(q.anim_time*90*4+90)*1.5"],
					"position": [0.3, -0.5, 1]
				},
				"torso2": {
					"position": [0, -0.25, 0]
				},
				"torso3": {
					"rotation": [2.4905, -0.21782, 4.99527]
				},
				"torso4": {
					"rotation": ["-2.4904987465+math.cos(q.anim_time*90*4+60)*1", 0.21782, "0+math.sin(q.anim_time*90*4+90)*0.5"]
				},
				"hand1": {
					"rotation": [0.43439, -2.462, "-30.009334289+math.cos((query.anim_time)*90*4+90)*4"],
					"position": [0.3, 0.2, 0]
				},
				"hand_part1": {
					"rotation": [0, 0, 20],
					"position": [0, -0.2, 0]
				},
				"hand_mini": {
					"rotation": [0, 0, 17.5],
					"position": [0.5, -0.2, 0]
				},
				"head": {
					"rotation": [-2.5, 0.65182, "0+math.sin(q.anim_time*90*4+90)*3"]
				},
				"hat_top": {
					"rotation": [-10, 0, 0]
				},
				"hand2": {
					"rotation": [0, 2.5, 20]
				},
				"hand_part2": {
					"rotation": [0, 0, -20],
					"position": [0, -0.2, 0]
				},
				"hand_mini2": {
					"rotation": [0, 0, -17.5],
					"position": [-0.5, -0.2, 0]
				},
				"leg2": {
					"rotation": [2.71994, -19.82169, 0],
					"position": [0, 0, 0]
				}
			}
		},
		"animation.mimejr.ground_walk": {
			"loop": true,
			"animation_length": 1,
			"bones": {
				"leg1": {
					"rotation": {
						"0.0": {
							"post": [-40, 0, 0],
							"lerp_mode": "catmullrom"
						},
						"0.2917": {
							"post": [1.21, 0, 0],
							"lerp_mode": "catmullrom"
						},
						"0.5": {
							"post": [20, 0, 0],
							"lerp_mode": "catmullrom"
						},
						"0.7917": {
							"post": [-4.93, 0, 0],
							"lerp_mode": "catmullrom"
						},
						"1.0": {
							"post": [-40, 0, 0],
							"lerp_mode": "catmullrom"
						}
					},
					"position": {
						"0.0": {
							"post": [-0.5, 0, -3],
							"lerp_mode": "catmullrom"
						},
						"0.25": {
							"post": [-0.19, 0, -0.12],
							"lerp_mode": "catmullrom"
						},
						"0.5": {
							"post": [0, 0.3, 1],
							"lerp_mode": "catmullrom"
						},
						"0.75": {
							"post": [-0.75, 0, 0],
							"lerp_mode": "catmullrom"
						},
						"1.0": {
							"post": [-0.5, 0, -3],
							"lerp_mode": "catmullrom"
						}
					}
				},
				"torso": {
					"rotation": ["0+math.sin(q.anim_time*90*4+90)*2", "0+math.sin(q.anim_time*90*4+90)*6", "0+math.sin(q.anim_time*90*4)*4"],
					"position": [0, "0-math.sin(q.anim_time*180*4+30)*0.25", 0]
				},
				"hand1": {
					"rotation": {
						"0.0": {
							"post": [0, 25, -32.5],
							"lerp_mode": "catmullrom"
						},
						"0.25": {
							"post": [0, 15, -32.5],
							"lerp_mode": "catmullrom"
						},
						"0.5": {
							"post": [0, -15, -32.5],
							"lerp_mode": "catmullrom"
						},
						"0.75": {
							"post": [0, -11.25, -32.5],
							"lerp_mode": "catmullrom"
						},
						"1.0": {
							"post": [0, 25, -32.5],
							"lerp_mode": "catmullrom"
						}
					}
				},
				"hand_part1": {
					"rotation": {
						"0.0": {
							"post": [0, -47.5, 0],
							"lerp_mode": "catmullrom"
						},
						"0.25": {
							"post": [0, -32.5, 0],
							"lerp_mode": "catmullrom"
						},
						"0.5": {
							"post": [0, -37.5, 0],
							"lerp_mode": "catmullrom"
						},
						"0.75": {
							"post": [0, -28.75, 0],
							"lerp_mode": "catmullrom"
						},
						"1.0": {
							"post": [0, -47.5, 0],
							"lerp_mode": "catmullrom"
						}
					},
					"position": {
						"0.0": {
							"post": [1, 0, 0.8],
							"lerp_mode": "catmullrom"
						},
						"0.5": {
							"post": [1, 0, 0.7],
							"lerp_mode": "catmullrom"
						},
						"1.0": {
							"post": [1, 0, 0.8],
							"lerp_mode": "catmullrom"
						}
					}
				},
				"hand_mini": {
					"rotation": {
						"0.0": {
							"post": [0, -52.5, 0],
							"lerp_mode": "catmullrom"
						},
						"0.5": {
							"post": [11.26653, -25.25199, -25.03149],
							"lerp_mode": "catmullrom"
						},
						"1.0": {
							"post": [0, -52.5, 0],
							"lerp_mode": "catmullrom"
						}
					},
					"position": {
						"0.0": {
							"post": [1, 0.2, 1],
							"lerp_mode": "catmullrom"
						},
						"0.5": {
							"post": [1, 0.5, 0.5],
							"lerp_mode": "catmullrom"
						},
						"1.0": {
							"post": [1, 0.2, 1],
							"lerp_mode": "catmullrom"
						}
					}
				},
				"head": {
					"rotation": ["5+math.sin(q.anim_time*90*4+90)*4", 0, "0-math.sin(q.anim_time*90*4)*8"]
				},
				"hand2": {
					"rotation": {
						"0.0": {
							"post": [0, 15, 32.5],
							"lerp_mode": "catmullrom"
						},
						"0.25": {
							"post": [0, 6.25, 32.5],
							"lerp_mode": "catmullrom"
						},
						"0.5": {
							"post": [0, -25, 32.5],
							"lerp_mode": "catmullrom"
						},
						"0.75": {
							"post": [0, -15, 32.5],
							"lerp_mode": "catmullrom"
						},
						"1.0": {
							"post": [0, 15, 32.5],
							"lerp_mode": "catmullrom"
						}
					}
				},
				"hand_part2": {
					"rotation": {
						"0.0": {
							"post": [0, 37.5, 0],
							"lerp_mode": "catmullrom"
						},
						"0.25": {
							"post": [0, 30, 0],
							"lerp_mode": "catmullrom"
						},
						"0.5": {
							"post": [0, 47.5, 0],
							"lerp_mode": "catmullrom"
						},
						"0.75": {
							"post": [0, 54.06, 0],
							"lerp_mode": "catmullrom"
						},
						"1.0": {
							"post": [0, 37.5, 0],
							"lerp_mode": "catmullrom"
						}
					},
					"position": {
						"0.0": {
							"post": [-1, 0, 0.7],
							"lerp_mode": "catmullrom"
						},
						"0.5": {
							"post": [-1, 0, 0.8],
							"lerp_mode": "catmullrom"
						},
						"1.0": {
							"post": [-1, 0, 0.7],
							"lerp_mode": "catmullrom"
						}
					}
				},
				"hand_mini2": {
					"rotation": {
						"0.0": {
							"post": [11.26653, 25.25199, 25.03149],
							"lerp_mode": "catmullrom"
						},
						"0.5": {
							"post": [0, 52.5, 0],
							"lerp_mode": "catmullrom"
						},
						"1.0": {
							"post": [11.26653, 25.25199, 25.03149],
							"lerp_mode": "catmullrom"
						}
					},
					"position": {
						"0.0": {
							"post": [-1, 0.5, 0.5],
							"lerp_mode": "catmullrom"
						},
						"0.5": {
							"post": [-1, 0.2, 1],
							"lerp_mode": "catmullrom"
						},
						"1.0": {
							"post": [-1, 0.5, 0.5],
							"lerp_mode": "catmullrom"
						}
					}
				},
				"leg2": {
					"rotation": {
						"0.0": {
							"post": [20, 0, 0],
							"lerp_mode": "catmullrom"
						},
						"0.2917": {
							"post": [-4.93, 0, 0],
							"lerp_mode": "catmullrom"
						},
						"0.5": {
							"post": [-40, 0, 0],
							"lerp_mode": "catmullrom"
						},
						"0.7917": {
							"post": [1.21, 0, 0],
							"lerp_mode": "catmullrom"
						},
						"1.0": {
							"post": [20, 0, 0],
							"lerp_mode": "catmullrom"
						}
					},
					"position": {
						"0.0": {
							"post": [0, 0.3, 1],
							"lerp_mode": "catmullrom"
						},
						"0.25": {
							"post": [0.75, 0, 0],
							"lerp_mode": "catmullrom"
						},
						"0.5": {
							"post": [0.5, 0, -3],
							"lerp_mode": "catmullrom"
						},
						"0.75": {
							"post": [0.19, 0, -0.12],
							"lerp_mode": "catmullrom"
						},
						"1.0": {
							"post": [0, 0.3, 1],
							"lerp_mode": "catmullrom"
						}
					}
				}
			}
		},
		"animation.mimejr.cry": {
			"animation_length": 1.25,
			"bones": {
				"torso": {
					"rotation": {
						"0.0": {
							"post": [0, 0, 0],
							"lerp_mode": "catmullrom"
						},
						"0.1667": {
							"post": [7.7, 0, 0],
							"lerp_mode": "catmullrom"
						},
						"0.375": {
							"post": [-5, 0, 0],
							"lerp_mode": "catmullrom"
						},
						"0.5": {
							"post": [-2.27, 0, 0],
							"lerp_mode": "catmullrom"
						},
						"0.5833": {
							"post": [-4.49, 0, 0],
							"lerp_mode": "catmullrom"
						},
						"0.7083": {
							"post": [-1.5, 0, 0],
							"lerp_mode": "catmullrom"
						},
						"0.9583": {
							"post": [1.88, 0, 0],
							"lerp_mode": "catmullrom"
						},
						"1.25": [0, 0, 0]
					}
				},
				"head": {
					"rotation": {
						"0.0": {
							"post": [0, 0, 0],
							"lerp_mode": "catmullrom"
						},
						"0.1667": {
							"post": [17.57, 0, 0],
							"lerp_mode": "catmullrom"
						},
						"0.375": {
							"post": [-5, 0, 0],
							"lerp_mode": "catmullrom"
						},
						"0.5": {
							"post": [0, 0, 0],
							"lerp_mode": "catmullrom"
						},
						"0.625": {
							"post": [-2.5, 0, 0],
							"lerp_mode": "catmullrom"
						},
						"0.7083": {
							"post": [0, 0, 0],
							"lerp_mode": "catmullrom"
						},
						"0.7917": {
							"post": [-5, 0, 0],
							"lerp_mode": "catmullrom"
						},
						"0.9583": {
							"post": [0, 0, 0],
							"lerp_mode": "catmullrom"
						},
						"1.125": {
							"post": [-2.5, 0, 0],
							"lerp_mode": "catmullrom"
						},
						"1.25": [0, 0, 0]
					}
				},
				"mouth": {
					"position": {
						"0.0": [0, 0, 0],
						"0.375": {
							"pre": [0, 0, 0],
							"post": [0, 0, 1]
						},
						"0.5": {
							"pre": [0, 0, 1],
							"post": [0, 0, 0]
						},
						"0.625": {
							"pre": [0, 0, 0],
							"post": [0, 0, 1]
						},
						"0.7917": {
							"pre": [0, 0, 1],
							"post": [0, 0, 0]
						},
						"0.9583": {
							"pre": [0, 0, 0],
							"post": [0, 0, 1]
						}
					}
				},
				"smile": {
					"position": {
						"0.0": [0, 0, 0],
						"0.375": {
							"pre": [0, 0, 0],
							"post": [0, 0, -2]
						},
						"0.5": {
							"pre": [0, 0, -2],
							"post": [0, 0, 0]
						},
						"0.625": {
							"pre": [0, 0, 0],
							"post": [0, 0, -2]
						},
						"0.7917": {
							"pre": [0, 0, -2],
							"post": [0, 0, 0]
						},
						"0.9583": {
							"pre": [0, 0, 0],
							"post": [0, 0, -2]
						}
					}
				}
			},
			"sound_effects": {
				"0.375": {
					"effect": "pokemon.mime_jr.cry"
				}
			}
		},
		"animation.mimejr.battle_idle": {
			"loop": true,
			"bones": {
				"leg1": {
					"rotation": [0, 17.5, 0]
				},
				"leg2": {
					"rotation": [5.23619, -14.0761, -20.6469],
					"position": [2, -0.5, 0]
				},
				"torso": {
					"rotation": ["5+math.sin(query.anim_time*90*12/6-90)*2.5", "-10+math.sin(query.anim_time*90*4+60)*4", "0+math.sin(q.anim_time*90*4)*4"],
					"position": [0, "0-math.sin(q.anim_time*180*4+30)*0.15", 0]
				},
				"torso2": {
					"rotation": [-5.07673, 9.96156, -0.88045],
					"position": [0, -0.4, 0]
				},
				"torso3": {
					"rotation": [0, -5, 0]
				},
				"torso4": {
					"rotation": [0, -5, 0]
				},
				"hand1": {
					"rotation": [-20.5519, "-13.0082678283-math.sin(q.anim_time*90*4)*8", "-24.9335493887-math.sin(q.anim_time*90*4+90)*8"],
					"position": [0, 0, 0]
				},
				"hand_part1": {
					"rotation": [-50.99742, -42.80378, 61.17643],
					"position": [0.5, -0.5, 0.5]
				},
				"hand_mini": {
					"rotation": [-12.5, 0, " 47.5+math.sin(q.anim_time*90*4-180)*16"],
					"position": [0, -0.5, 0]
				},
				"hand2": {
					"rotation": [0, "math.sin(q.anim_time*90*4)*8", "30+math.sin(q.anim_time*90*4+90)*8"],
					"position": [-1, 0, 0]
				},
				"hand_part2": {
					"rotation": [0, 40, 0],
					"position": [-1, 0, 1]
				},
				"hand_mini2": {
					"rotation": [0, 0, "-90-Math.sin(query.anim_time*90*4)*16"],
					"position": [1, -0.5, 0]
				},
				"head": {
					"rotation": ["-5+math.sin(q.anim_time*90*4)*6", "-10-math.sin(q.anim_time*90*3)*3", "0+math.sin(query.anim_time*90*4-90)*6"]
				},
				"hat_top": {
					"rotation": [-10, -20, 0]
				}
			}
		},
		"animation.mimejr.physical": {
			"animation_length": 1.4167,
			"bones": {
				"leg1": {
					"rotation": {
						"0.0": [0, 17.5, 0],
						"0.4167": {
							"pre": [5.41615, 16.66577, 18.29388],
							"post": [5.41615, 16.66577, 18.29388],
							"lerp_mode": "catmullrom"
						},
						"0.6667": {
							"post": [19.79695, 16.91529, 7.88099],
							"lerp_mode": "catmullrom"
						},
						"0.8333": {
							"post": [15.72045, 20.7441, -4.69681],
							"lerp_mode": "catmullrom"
						},
						"1.125": {
							"post": [22.8499, 12.35257, 19.91393],
							"lerp_mode": "catmullrom"
						},
						"1.25": {
							"post": [4.34361, 13.95549, 4.595],
							"lerp_mode": "catmullrom"
						}
					},
					"position": {
						"0.0": [0, 0, 0],
						"0.4167": {
							"pre": [-2, 0, -1],
							"post": [-2, 0, -1],
							"lerp_mode": "catmullrom"
						},
						"0.6667": {
							"post": [-1, -0.2, 0],
							"lerp_mode": "catmullrom"
						},
						"1.125": {
							"post": [-2, -0.2, 1],
							"lerp_mode": "catmullrom"
						},
						"1.25": {
							"post": [-1, 0, 0],
							"lerp_mode": "catmullrom"
						}
					}
				},
				"leg2": {
					"rotation": {
						"0.0": [5.23619, -14.0761, -20.6469],
						"0.3333": {
							"pre": [25.61364, -29.33994, -24.61247],
							"post": [25.61364, -29.33994, -24.61247],
							"lerp_mode": "catmullrom"
						},
						"0.5417": {
							"post": [13.9304, -35.98068, -3.71096],
							"lerp_mode": "catmullrom"
						},
						"0.6667": {
							"post": [30.08821, -25.19985, -34.92318],
							"lerp_mode": "catmullrom"
						},
						"0.8333": {
							"post": [-17.41179, -25.19985, -34.92318],
							"lerp_mode": "catmullrom"
						},
						"1.125": {
							"post": [-25.5421, -36.39397, -19.14664],
							"lerp_mode": "catmullrom"
						},
						"1.25": {
							"post": [19.65724, -39.53527, -87.29451],
							"lerp_mode": "catmullrom"
						},
						"1.4167": {
							"post": [-25.25995, -51.07585, -80.41644],
							"lerp_mode": "catmullrom"
						}
					},
					"position": {
						"0.0": [2, -0.5, 0],
						"0.375": {
							"pre": [2, -0.5, 0],
							"post": [2, -0.5, 0],
							"lerp_mode": "catmullrom"
						},
						"0.5417": {
							"post": [0, 0.13, 0],
							"lerp_mode": "catmullrom"
						},
						"0.6667": {
							"post": [2, 0.5, 0],
							"lerp_mode": "catmullrom"
						},
						"0.875": {
							"post": [2, -0.5, -2],
							"lerp_mode": "catmullrom"
						},
						"1.125": {
							"post": [1, 0.5, -3],
							"lerp_mode": "catmullrom"
						},
						"1.25": {
							"post": [5, 0.5, 1],
							"lerp_mode": "catmullrom"
						},
						"1.4167": {
							"post": [4, 1.5, -1],
							"lerp_mode": "catmullrom"
						}
					}
				},
				"torso": {
					"rotation": {
						"0.0": [5, -10, 0],
						"0.2917": {
							"pre": [29.7003, -26.25687, -6.68949],
							"post": [29.7003, -26.25687, -6.68949],
							"lerp_mode": "catmullrom"
						},
						"0.625": {
							"post": [30.06938, -16.11261, -11.30482],
							"lerp_mode": "catmullrom"
						},
						"0.7917": {
							"post": [6.47054, -35.99502, -9.8819],
							"lerp_mode": "catmullrom"
						},
						"1.0833": {
							"post": [-2.24079, -55.16442, -2.24751],
							"lerp_mode": "catmullrom"
						},
						"1.125": {
							"post": [-8.57924, -59.26658, -2.06777],
							"lerp_mode": "catmullrom"
						},
						"1.25": {
							"post": [32.9478, -68.67364, -16.51372],
							"lerp_mode": "catmullrom"
						},
						"1.4167": {
							"post": [155.55536, -68.23632, -124.91985],
							"lerp_mode": "catmullrom"
						}
					},
					"position": [0, 0, 0]
				},
				"torso2": {
					"rotation": {
						"0.0": [-5.07673, 9.96156, -0.88045],
						"0.2917": {
							"pre": [-5.3191, 19.92067, -1.81694],
							"post": [-5.3191, 19.92067, -1.81694],
							"lerp_mode": "catmullrom"
						},
						"0.5833": {
							"post": [-5.17544, -14.94159, 1.3378],
							"lerp_mode": "catmullrom"
						},
						"0.8333": {
							"post": [-5.76863, -29.8742, 2.88065],
							"lerp_mode": "catmullrom"
						},
						"1.125": {
							"post": [-8.17831, -52.21677, 6.48008],
							"lerp_mode": "catmullrom"
						},
						"1.25": {
							"post": [-8.33414, 33.6291, -0.35765],
							"lerp_mode": "catmullrom"
						},
						"1.4167": {
							"post": [-30.97954, 41.77773, -28.3113],
							"lerp_mode": "catmullrom"
						}
					},
					"position": [0, -0.4, 0]
				},
				"torso3": {
					"rotation": {
						"0.0": [0, -5, 0],
						"0.2917": {
							"pre": [-4.26876, 16.40518, -1.21965],
							"post": [-4.26876, 16.40518, -1.21965],
							"lerp_mode": "catmullrom"
						},
						"0.5833": {
							"post": [8.23444, -5.87673, 5.16241],
							"lerp_mode": "catmullrom"
						},
						"0.7917": {
							"post": [-7.36424, -19.87151, -3.04702],
							"lerp_mode": "catmullrom"
						},
						"1.125": {
							"post": [-7.53812, -4.03991, 2.50787],
							"lerp_mode": "catmullrom"
						},
						"1.25": {
							"post": [-6.45073, 31.28644, 3.22171],
							"lerp_mode": "catmullrom"
						},
						"1.4167": {
							"post": [-39.79207, 57.80304, -38.77904],
							"lerp_mode": "catmullrom"
						}
					},
					"position": [0, 0, 0]
				},
				"torso4": {
					"rotation": {
						"0.0": [0, -5, 0],
						"0.2917": [7.5, 0, 0],
						"1.0417": [5.38726, 13.5323, -8.53783]
					}
				},
				"hand1": {
					"rotation": {
						"0.0": [-20.5519, -13.00827, -24.93355],
						"0.2917": [-15.82136, -18.51357, -42.2071],
						"0.5417": [-18.13789, -5.48033, -24.93077]
					},
					"position": [0, 0, 0]
				},
				"hand_part1": {
					"rotation": {
						"0.0": [-50.99742, -42.80378, 61.17643],
						"0.2917": [-28.20122, -40.89375, 43.69789],
						"0.5417": [-8.74678, 1.67886, 15.86079]
					},
					"position": {
						"0.0": [0.5, -0.5, 0.5],
						"0.5417": [0, 0, 0]
					}
				},
				"hand_mini": {
					"rotation": {
						"0.0": [-12.5, 0, 47.5],
						"0.2917": [-21.43161, -14.30812, 77.7172]
					},
					"position": [0, -0.5, 0]
				},
				"hand2": {
					"rotation": {
						"0.0": [0, 0, 30],
						"0.3333": {
							"pre": [-9.36302, -31.26463, 47.62528],
							"post": [-9.36302, -31.26463, 47.62528],
							"lerp_mode": "catmullrom"
						},
						"0.5833": {
							"post": [-6.32485, -34.66946, 18.79559],
							"lerp_mode": "catmullrom"
						},
						"0.7917": {
							"post": [-6.96413, 6.70785, 29.35645],
							"lerp_mode": "catmullrom"
						},
						"1.0": {
							"post": [-0.77891, -29.20949, 7.00113],
							"lerp_mode": "catmullrom"
						},
						"1.25": {
							"post": [7.89359, -25.60953, -12.51435],
							"lerp_mode": "catmullrom"
						},
						"1.4167": {
							"post": [9.73435, -42.90821, -15.74654],
							"lerp_mode": "catmullrom"
						}
					},
					"position": {
						"0.0": [-1, 0, 0],
						"0.3333": {
							"pre": [0, 0, 0],
							"post": [0, 0, 0],
							"lerp_mode": "catmullrom"
						}
					}
				},
				"hand_part2": {
					"rotation": {
						"0.0": [0, 40, 0],
						"0.3333": {
							"pre": [0, 40, 0],
							"post": [0, 40, 0],
							"lerp_mode": "catmullrom"
						},
						"0.5833": {
							"post": [0, -2.5, 0],
							"lerp_mode": "catmullrom"
						},
						"0.7917": {
							"post": [0.95723, -2.30959, -22.5193],
							"lerp_mode": "catmullrom"
						},
						"1.0": {
							"post": [1.2506, -2.16489, -30.02363],
							"lerp_mode": "catmullrom"
						},
						"1.1667": {
							"post": [0.32652, -2.4786, -7.50706],
							"lerp_mode": "catmullrom"
						},
						"1.4167": {
							"post": [1.52251, -1.98315, -37.52635],
							"lerp_mode": "catmullrom"
						}
					},
					"position": {
						"0.0": [-1, 0, 1],
						"0.3333": {
							"pre": [-1, 0, 0.7],
							"post": [-1, 0, 0.7],
							"lerp_mode": "catmullrom"
						},
						"0.5833": {
							"post": [0, 0, 0],
							"lerp_mode": "catmullrom"
						},
						"1.1667": {
							"post": [0, 0, 0],
							"lerp_mode": "catmullrom"
						},
						"1.4167": {
							"post": [0, -0.4, 0],
							"lerp_mode": "catmullrom"
						}
					}
				},
				"hand_mini2": {
					"rotation": {
						"0.0": [0, 0, -90],
						"0.3333": {
							"pre": [-32.5, 0, -52.5],
							"post": [-32.5, 0, -52.5],
							"lerp_mode": "catmullrom"
						},
						"0.5833": {
							"post": [-9.76758, -2.15393, -64.81594],
							"lerp_mode": "catmullrom"
						},
						"0.7917": {
							"post": [-10.2364, 3.66142, -32.75564],
							"lerp_mode": "catmullrom"
						},
						"1.0": {
							"post": [-10.28103, 0.52448, -22.02773],
							"lerp_mode": "catmullrom"
						},
						"1.4167": {
							"post": [-9.85016, -3.00587, -41.72147],
							"lerp_mode": "catmullrom"
						}
					},
					"position": {
						"0.0": [1, -0.5, 0],
						"0.3333": {
							"pre": [0, -0.5, 0],
							"post": [0, -0.5, 0],
							"lerp_mode": "catmullrom"
						},
						"0.7917": {
							"post": [0, -0.2, 0],
							"lerp_mode": "catmullrom"
						}
					}
				},
				"head": {
					"rotation": {
						"0.0": [2.5, -10, 0],
						"0.2917": {
							"pre": [-4.98105, 17.18506, -0.75806],
							"post": [-4.98105, 17.18506, -0.75806],
							"lerp_mode": "catmullrom"
						},
						"0.7917": {
							"post": [-15.54765, -19.59131, 5.64845],
							"lerp_mode": "catmullrom"
						},
						"1.0": {
							"post": [-30.3394, -38.47878, 7.95664],
							"lerp_mode": "catmullrom"
						},
						"1.1667": {
							"post": [-9.00554, -26.15427, 5.47624],
							"lerp_mode": "catmullrom"
						},
						"1.3333": {
							"post": [-25.19797, 49.46734, -24.35866],
							"lerp_mode": "catmullrom"
						},
						"1.4167": {
							"post": [-30.48363, 63.51022, -48.20747],
							"lerp_mode": "catmullrom"
						}
					}
				},
				"hat_top": {
					"rotation": [-10, -20, 0]
				},
				"body": {
					"rotation": {
						"0.0": [0, 0, 0],
						"0.3333": [15, -19.68524, -10],
						"0.75": [-8, -120, -8],
						"0.9583": [-20, -315, -20],
						"1.1667": [-23.21429, -654.28571, -5.71429],
						"1.2083": [3.65984, -742.1058, -4.10901],
						"1.25": [0, -790, 0],
						"1.375": [0, -850, 0]
					},
					"position": {
						"0.0": [0, 0, 0],
						"0.3333": [1.73, 0, 1.49],
						"0.625": [-0.14, 0, 7.9],
						"0.8333": [-6.51, 0, 5.4],
						"0.9583": [-7.14, 0, 11.9],
						"1.125": [-8.35, 0, 5.59],
						"1.1667": [-6.88, 0, -1.99],
						"1.25": [-6.94, 0, -5.15],
						"1.3333": [1, 0, -9.65],
						"1.4167": [3, 0, -10.65]
					}
				}
			}
		},
		"animation.mimejr.blink": {
			"animation_length": 0.25,
			"bones": {
				"eyes": {
					"position": {
						"0.0": [0, 0, 1],
						"0.25": {
							"pre": [0, 0, 1],
							"post": [0, 0, 0]
						}
					}
				}
			}
		},
		"animation.mimejr.angry": {
			"loop": true,
			"bones": {
				"mouth": {
					"position": [0, 0, 1]
				},
				"smile": {
					"position": [0, 0, -2]
				},
				"ceja2": {
					"position": [0, 0, -1]
				},
				"ceja1": {
					"position": [0, 0, -1]
				}
			}
		},
		"animation.mimejr.happy": {
			"loop": true,
			"bones": {
				"eye1": {
					"position": [0, 0, 1]
				},
				"eye2": {
					"position": [0, 0, 1]
				},
				"mouth": {
					"position": [0, 0, 1]
				},
				"smile": {
					"position": [0, 0, -2]
				},
				"eye_happy2": {
					"position": [0, 0.5, -2]
				},
				"eye_happy1": {
					"position": [0, 0.5, -2]
				}
			}
		}
	}
}