{
	"format_version": "1.8.0",
	"animations": {
		"animation.mimejr_galarian.render": {
			"loop": true,
			"bones": {
				"leg1": {
					"rotation": [-27.5, 25, 0],
					"position": [-1, 1, -4]
				},
				"torso": {
					"rotation": [0.98448, -7.43547, -7.56397]
				},
				"torso3": {
					"rotation": [0, -5, 5]
				},
				"torso4": {
					"rotation": [0, -5, -7.5]
				},
				"hand1": {
					"rotation": [-4.19074, -27.0475, 13.8468],
					"position": [0, -1, 0]
				},
				"hand_part1": {
					"rotation": [0, 0, 7.5],
					"position": [1, 0, 0]
				},
				"hand_mini": {
					"rotation": [0, 0, 30],
					"position": [0, -0.3, 0]
				},
				"head": {
					"rotation": [1.3378, -14.94159, -5.17544]
				},
				"hat_top": {
					"rotation": [0, 25, 0],
					"position": [0.5, 0, 0]
				},
				"mouth": {
					"position": [0, 0, 1]
				},
				"smile": {
					"position": [0, 0, -2]
				},
				"hand2": {
					"rotation": [0, -12.5, 27.5]
				},
				"hand_part2": {
					"rotation": [0, 0, -35],
					"position": [0, -0.3, 0]
				},
				"hand_mini2": {
					"rotation": [0, 0, 30],
					"position": [-1, 0.5, 0]
				},
				"leg2": {
					"rotation": [6.8817, -24.09293, -16.47027],
					"position": [1, 0, 0]
				},
				"nails": {
					"rotation": [0, 0, -55],
					"position": [0, 2, 0]
				}
			}
		},
		"animation.mimejr_galarian.ground_idle": {
			"loop": true,
			"bones": {
				"leg1": {
					"rotation": [2.71994, 19.82169, 0],
					"position": [0, 0, 0]
				},
				"torso": {
					"rotation": ["0+math.cos(q.anim_time*90*3)*3", 0, "math.sin(q.anim_time*90*4+90)*2"],
					"position": [0, "0-math.sin(q.anim_time*180*12/6+30)*0.25", 1]
				},
				"torso2": {
					"position": [0, -0.25, 0]
				},
				"torso3": {
					"rotation": [2.5, 0, 0]
				},
				"torso4": {
					"rotation": ["5+math.cos((query.anim_time*2)*90*2-90)*2", 0, 0]
				},
				"hand1": {
					"rotation": [0, "-2.5-math.cos(query.anim_time*90*4+90)*1", "-20-math.sin(q.anim_time*90*4+90)*4"]
				},
				"hand_part1": {
					"rotation": [0, 0, "20-math.sin(q.anim_time*90*4+90)*3"],
					"position": [0, -0.2, 0]
				},
				"hand_mini": {
					"rotation": [0, 0, 17.5],
					"position": [0.5, -0.2, 0]
				},
				"head": {
					"rotation": ["-7.5+math.sin(query.anim_time*90*12/6+90)*4", 0, "0+math.sin(q.anim_time*90*4)*4"]
				},
				"hat_top": {
					"rotation": [-10, 0, 0]
				},
				"hand2": {
					"rotation": [0, "2.5+math.cos(query.anim_time*90*4+90)*1", "20+math.sin(q.anim_time*90*4+90)*4"]
				},
				"hand_part2": {
					"rotation": [0, 0, "-20+math.sin(q.anim_time*90*4+90)*3"],
					"position": [0, -0.2, 0]
				},
				"hand_mini2": {
					"rotation": [0, 0, -17.5],
					"position": [-0.5, -0.2, 0]
				},
				"leg2": {
					"rotation": [2.71994, -19.82169, 0],
					"position": [0, 0, 0]
				}
			}
		},
		"animation.mimejr_galarian.walkspeed": {
			"loop": true,
			"animation_length": 1,
			"bones": {
				"leg1": {
					"rotation": {
						"0.0": {
							"post": [-40, 0, 0],
							"lerp_mode": "catmullrom"
						},
						"0.2917": {
							"post": [1.21, 0, 0],
							"lerp_mode": "catmullrom"
						},
						"0.5": {
							"post": [20, 0, 0],
							"lerp_mode": "catmullrom"
						},
						"0.7917": {
							"post": [-4.93, 0, 0],
							"lerp_mode": "catmullrom"
						},
						"1.0": {
							"post": [-40, 0, 0],
							"lerp_mode": "catmullrom"
						}
					},
					"position": {
						"0.0": {
							"post": [-0.5, 0, -3],
							"lerp_mode": "catmullrom"
						},
						"0.25": {
							"post": [-0.19, 0, -0.12],
							"lerp_mode": "catmullrom"
						},
						"0.5": {
							"post": [0, 0.3, 1],
							"lerp_mode": "catmullrom"
						},
						"0.75": {
							"post": [-0.75, 0, 0],
							"lerp_mode": "catmullrom"
						},
						"1.0": {
							"post": [-0.5, 0, -3],
							"lerp_mode": "catmullrom"
						}
					}
				},
				"torso": {
					"rotation": ["0+math.sin(q.anim_time*90*4+90)*2", "0+math.sin(q.anim_time*90*4+90)*6", "0+math.sin(q.anim_time*90*4)*4"],
					"position": [0, "0-math.sin(q.anim_time*180*4+30)*0.25", 0]
				},
				"hand1": {
					"rotation": {
						"0.0": {
							"post": [0, 25, -32.5],
							"lerp_mode": "catmullrom"
						},
						"0.25": {
							"post": [0, 15, -32.5],
							"lerp_mode": "catmullrom"
						},
						"0.5": {
							"post": [0, -15, -32.5],
							"lerp_mode": "catmullrom"
						},
						"0.75": {
							"post": [0, -11.25, -32.5],
							"lerp_mode": "catmullrom"
						},
						"1.0": {
							"post": [0, 25, -32.5],
							"lerp_mode": "catmullrom"
						}
					}
				},
				"hand_part1": {
					"rotation": {
						"0.0": {
							"post": [0, -47.5, 0],
							"lerp_mode": "catmullrom"
						},
						"0.25": {
							"post": [0, -32.5, 0],
							"lerp_mode": "catmullrom"
						},
						"0.5": {
							"post": [0, -37.5, 0],
							"lerp_mode": "catmullrom"
						},
						"0.75": {
							"post": [0, -28.75, 0],
							"lerp_mode": "catmullrom"
						},
						"1.0": {
							"post": [0, -47.5, 0],
							"lerp_mode": "catmullrom"
						}
					},
					"position": {
						"0.0": {
							"post": [1, 0, 0.8],
							"lerp_mode": "catmullrom"
						},
						"0.5": {
							"post": [1, 0, 0.7],
							"lerp_mode": "catmullrom"
						},
						"1.0": {
							"post": [1, 0, 0.8],
							"lerp_mode": "catmullrom"
						}
					}
				},
				"hand_mini": {
					"rotation": {
						"0.0": {
							"post": [0, -52.5, 0],
							"lerp_mode": "catmullrom"
						},
						"0.5": {
							"post": [11.26653, -25.25199, -25.03149],
							"lerp_mode": "catmullrom"
						},
						"1.0": {
							"post": [0, -52.5, 0],
							"lerp_mode": "catmullrom"
						}
					},
					"position": {
						"0.0": {
							"post": [1, 0.2, 1],
							"lerp_mode": "catmullrom"
						},
						"0.5": {
							"post": [1, 0.5, 0.5],
							"lerp_mode": "catmullrom"
						},
						"1.0": {
							"post": [1, 0.2, 1],
							"lerp_mode": "catmullrom"
						}
					}
				},
				"head": {
					"rotation": ["5+math.sin(q.anim_time*90*4+90)*4", 0, "0-math.sin(q.anim_time*90*4)8"]
				},
				"hand2": {
					"rotation": {
						"0.0": {
							"post": [0, 15, 32.5],
							"lerp_mode": "catmullrom"
						},
						"0.25": {
							"post": [0, 6.25, 32.5],
							"lerp_mode": "catmullrom"
						},
						"0.5": {
							"post": [0, -25, 32.5],
							"lerp_mode": "catmullrom"
						},
						"0.75": {
							"post": [0, -15, 32.5],
							"lerp_mode": "catmullrom"
						},
						"1.0": {
							"post": [0, 15, 32.5],
							"lerp_mode": "catmullrom"
						}
					}
				},
				"hand_part2": {
					"rotation": {
						"0.0": {
							"post": [0, 37.5, 0],
							"lerp_mode": "catmullrom"
						},
						"0.25": {
							"post": [0, 30, 0],
							"lerp_mode": "catmullrom"
						},
						"0.5": {
							"post": [0, 47.5, 0],
							"lerp_mode": "catmullrom"
						},
						"0.75": {
							"post": [0, 54.06, 0],
							"lerp_mode": "catmullrom"
						},
						"1.0": {
							"post": [0, 37.5, 0],
							"lerp_mode": "catmullrom"
						}
					},
					"position": {
						"0.0": {
							"post": [-1, 0, 0.7],
							"lerp_mode": "catmullrom"
						},
						"0.5": {
							"post": [-1, 0, 0.8],
							"lerp_mode": "catmullrom"
						},
						"1.0": {
							"post": [-1, 0, 0.7],
							"lerp_mode": "catmullrom"
						}
					}
				},
				"hand_mini2": {
					"rotation": {
						"0.0": {
							"post": [11.26653, 25.25199, 25.03149],
							"lerp_mode": "catmullrom"
						},
						"0.5": {
							"post": [0, 52.5, 0],
							"lerp_mode": "catmullrom"
						},
						"1.0": {
							"post": [11.26653, 25.25199, 25.03149],
							"lerp_mode": "catmullrom"
						}
					},
					"position": {
						"0.0": {
							"post": [-1, 0.5, 0.5],
							"lerp_mode": "catmullrom"
						},
						"0.5": {
							"post": [-1, 0.2, 1],
							"lerp_mode": "catmullrom"
						},
						"1.0": {
							"post": [-1, 0.5, 0.5],
							"lerp_mode": "catmullrom"
						}
					}
				},
				"leg2": {
					"rotation": {
						"0.0": {
							"post": [20, 0, 0],
							"lerp_mode": "catmullrom"
						},
						"0.2917": {
							"post": [-4.93, 0, 0],
							"lerp_mode": "catmullrom"
						},
						"0.5": {
							"post": [-40, 0, 0],
							"lerp_mode": "catmullrom"
						},
						"0.7917": {
							"post": [1.21, 0, 0],
							"lerp_mode": "catmullrom"
						},
						"1.0": {
							"post": [20, 0, 0],
							"lerp_mode": "catmullrom"
						}
					},
					"position": {
						"0.0": {
							"post": [0, 0.3, 1],
							"lerp_mode": "catmullrom"
						},
						"0.25": {
							"post": [0.75, 0, 0],
							"lerp_mode": "catmullrom"
						},
						"0.5": {
							"post": [0.5, 0, -3],
							"lerp_mode": "catmullrom"
						},
						"0.75": {
							"post": [0.19, 0, -0.12],
							"lerp_mode": "catmullrom"
						},
						"1.0": {
							"post": [0, 0.3, 1],
							"lerp_mode": "catmullrom"
						}
					}
				},
				"body": {
					"position": [0, 0, "32-q.anim_time*90*0.5"]
				}
			}
		},
		"animation.mimejr_galarian.ground_walk": {
			"loop": true,
			"animation_length": 1,
			"bones": {
				"leg1": {
					"rotation": {
						"0.0": {
							"post": [-40, 0, 0],
							"lerp_mode": "catmullrom"
						},
						"0.2917": {
							"post": [1.21, 0, 0],
							"lerp_mode": "catmullrom"
						},
						"0.5": {
							"post": [20, 0, 0],
							"lerp_mode": "catmullrom"
						},
						"0.7917": {
							"post": [-4.93, 0, 0],
							"lerp_mode": "catmullrom"
						},
						"1.0": {
							"post": [-40, 0, 0],
							"lerp_mode": "catmullrom"
						}
					},
					"position": {
						"0.0": {
							"post": [-0.5, 0, -3],
							"lerp_mode": "catmullrom"
						},
						"0.25": {
							"post": [-0.19, 0, -0.12],
							"lerp_mode": "catmullrom"
						},
						"0.5": {
							"post": [0, 0.3, 1],
							"lerp_mode": "catmullrom"
						},
						"0.75": {
							"post": [-0.75, 0, 0],
							"lerp_mode": "catmullrom"
						},
						"1.0": {
							"post": [-0.5, 0, -3],
							"lerp_mode": "catmullrom"
						}
					}
				},
				"torso": {
					"rotation": ["0+math.sin(q.anim_time*90*4+90)*2", "0+math.sin(q.anim_time*90*4+90)*6", "0+math.sin(q.anim_time*90*4)*4"],
					"position": [0, "0-math.sin(q.anim_time*180*4+30)*0.25", 0]
				},
				"hand1": {
					"rotation": {
						"0.0": {
							"post": [0, 25, -32.5],
							"lerp_mode": "catmullrom"
						},
						"0.25": {
							"post": [0, 15, -32.5],
							"lerp_mode": "catmullrom"
						},
						"0.5": {
							"post": [0, -15, -32.5],
							"lerp_mode": "catmullrom"
						},
						"0.75": {
							"post": [0, -11.25, -32.5],
							"lerp_mode": "catmullrom"
						},
						"1.0": {
							"post": [0, 25, -32.5],
							"lerp_mode": "catmullrom"
						}
					}
				},
				"hand_part1": {
					"rotation": {
						"0.0": {
							"post": [0, -47.5, 0],
							"lerp_mode": "catmullrom"
						},
						"0.25": {
							"post": [0, -32.5, 0],
							"lerp_mode": "catmullrom"
						},
						"0.5": {
							"post": [0, -37.5, 0],
							"lerp_mode": "catmullrom"
						},
						"0.75": {
							"post": [0, -28.75, 0],
							"lerp_mode": "catmullrom"
						},
						"1.0": {
							"post": [0, -47.5, 0],
							"lerp_mode": "catmullrom"
						}
					},
					"position": {
						"0.0": {
							"post": [1, 0, 0.8],
							"lerp_mode": "catmullrom"
						},
						"0.5": {
							"post": [1, 0, 0.7],
							"lerp_mode": "catmullrom"
						},
						"1.0": {
							"post": [1, 0, 0.8],
							"lerp_mode": "catmullrom"
						}
					}
				},
				"hand_mini": {
					"rotation": {
						"0.0": {
							"post": [0, -52.5, 0],
							"lerp_mode": "catmullrom"
						},
						"0.5": {
							"post": [11.26653, -25.25199, -25.03149],
							"lerp_mode": "catmullrom"
						},
						"1.0": {
							"post": [0, -52.5, 0],
							"lerp_mode": "catmullrom"
						}
					},
					"position": {
						"0.0": {
							"post": [1, 0.2, 1],
							"lerp_mode": "catmullrom"
						},
						"0.5": {
							"post": [1, 0.5, 0.5],
							"lerp_mode": "catmullrom"
						},
						"1.0": {
							"post": [1, 0.2, 1],
							"lerp_mode": "catmullrom"
						}
					}
				},
				"head": {
					"rotation": ["5+math.sin(q.anim_time*90*4+90)*4", 0, "0-math.sin(q.anim_time*90*4)*8"]
				},
				"hand2": {
					"rotation": {
						"0.0": {
							"post": [0, 15, 32.5],
							"lerp_mode": "catmullrom"
						},
						"0.25": {
							"post": [0, 6.25, 32.5],
							"lerp_mode": "catmullrom"
						},
						"0.5": {
							"post": [0, -25, 32.5],
							"lerp_mode": "catmullrom"
						},
						"0.75": {
							"post": [0, -15, 32.5],
							"lerp_mode": "catmullrom"
						},
						"1.0": {
							"post": [0, 15, 32.5],
							"lerp_mode": "catmullrom"
						}
					}
				},
				"hand_part2": {
					"rotation": {
						"0.0": {
							"post": [0, 37.5, 0],
							"lerp_mode": "catmullrom"
						},
						"0.25": {
							"post": [0, 30, 0],
							"lerp_mode": "catmullrom"
						},
						"0.5": {
							"post": [0, 47.5, 0],
							"lerp_mode": "catmullrom"
						},
						"0.75": {
							"post": [0, 54.06, 0],
							"lerp_mode": "catmullrom"
						},
						"1.0": {
							"post": [0, 37.5, 0],
							"lerp_mode": "catmullrom"
						}
					},
					"position": {
						"0.0": {
							"post": [-1, 0, 0.7],
							"lerp_mode": "catmullrom"
						},
						"0.5": {
							"post": [-1, 0, 0.8],
							"lerp_mode": "catmullrom"
						},
						"1.0": {
							"post": [-1, 0, 0.7],
							"lerp_mode": "catmullrom"
						}
					}
				},
				"hand_mini2": {
					"rotation": {
						"0.0": {
							"post": [11.26653, 25.25199, 25.03149],
							"lerp_mode": "catmullrom"
						},
						"0.5": {
							"post": [0, 52.5, 0],
							"lerp_mode": "catmullrom"
						},
						"1.0": {
							"post": [11.26653, 25.25199, 25.03149],
							"lerp_mode": "catmullrom"
						}
					},
					"position": {
						"0.0": {
							"post": [-1, 0.5, 0.5],
							"lerp_mode": "catmullrom"
						},
						"0.5": {
							"post": [-1, 0.2, 1],
							"lerp_mode": "catmullrom"
						},
						"1.0": {
							"post": [-1, 0.5, 0.5],
							"lerp_mode": "catmullrom"
						}
					}
				},
				"leg2": {
					"rotation": {
						"0.0": {
							"post": [20, 0, 0],
							"lerp_mode": "catmullrom"
						},
						"0.2917": {
							"post": [-4.93, 0, 0],
							"lerp_mode": "catmullrom"
						},
						"0.5": {
							"post": [-40, 0, 0],
							"lerp_mode": "catmullrom"
						},
						"0.7917": {
							"post": [1.21, 0, 0],
							"lerp_mode": "catmullrom"
						},
						"1.0": {
							"post": [20, 0, 0],
							"lerp_mode": "catmullrom"
						}
					},
					"position": {
						"0.0": {
							"post": [0, 0.3, 1],
							"lerp_mode": "catmullrom"
						},
						"0.25": {
							"post": [0.75, 0, 0],
							"lerp_mode": "catmullrom"
						},
						"0.5": {
							"post": [0.5, 0, -3],
							"lerp_mode": "catmullrom"
						},
						"0.75": {
							"post": [0.19, 0, -0.12],
							"lerp_mode": "catmullrom"
						},
						"1.0": {
							"post": [0, 0.3, 1],
							"lerp_mode": "catmullrom"
						}
					}
				}
			}
		},
		"animation.mimejr_galarian.battle_idle": {
			"loop": true,
			"bones": {
				"leg1": {
					"rotation": [0, 17.5, 0]
				},
				"leg2": {
					"rotation": [5.23619, -14.0761, -20.6469],
					"position": [2, -0.5, 0]
				},
				"torso": {
					"rotation": ["5+math.sin(query.anim_time*90*12/6-90)*2.5", "-10+math.sin(query.anim_time*90*4+60)*4", "0+math.sin(q.anim_time*90*4)*4"],
					"position": [0, "0-math.sin(q.anim_time*180*4+30)*0.15", 0]
				},
				"torso2": {
					"rotation": [-5.07673, 9.96156, -0.88045],
					"position": [0, -0.4, 0]
				},
				"torso3": {
					"rotation": [0, -5, 0]
				},
				"torso4": {
					"rotation": [0, -5, 0]
				},
				"hand1": {
					"rotation": [-20.5519, "-13.0082678283-math.sin(q.anim_time*90*4)*8", "-24.9335493887-math.sin(q.anim_time*90*4+90)*8"],
					"position": [0, 0, 0]
				},
				"hand_part1": {
					"rotation": [-50.99742, -42.80378, 61.17643],
					"position": [0.5, -0.5, 0.5]
				},
				"hand_mini": {
					"rotation": [-12.5, 0, " 47.5+math.sin(q.anim_time*90*4-180)*16"],
					"position": [0, -0.5, 0]
				},
				"hand2": {
					"rotation": [0, "math.sin(q.anim_time*90*4)*8", "30+math.sin(q.anim_time*90*4+90)*8"],
					"position": [-1, 0, 0]
				},
				"hand_part2": {
					"rotation": [0, 40, 0],
					"position": [-1, 0, 1]
				},
				"hand_mini2": {
					"rotation": [0, 0, "-90-Math.sin(query.anim_time*90*4)*16"],
					"position": [1, -0.5, 0]
				},
				"head": {
					"rotation": ["-5+math.sin(q.anim_time*90*4)*6", "-10-math.sin(q.anim_time*90*3)*3", "0+math.sin(query.anim_time*90*4-90)*6"]
				},
				"hat_top": {
					"rotation": [-10, -20, 0]
				},
				"nails": {
					"position": [1, -1, 0]
				},
				"nail1": {
					"rotation": [0, 0, -42.5]
				},
				"nail2": {
					"rotation": [35, 0, 0]
				},
				"nails2": {
					"rotation": [0, 0, 35],
					"position": [0, 1, 0]
				}
			}
		},
		"animation.mimejr_galarian.cry": {
			"animation_length": 1.25,
			"bones": {
				"torso": {
					"rotation": {
						"0.0": {
							"post": [0, 0, 0],
							"lerp_mode": "catmullrom"
						},
						"0.375": {
							"post": [-5, 0, 0],
							"lerp_mode": "catmullrom"
						},
						"0.5": {
							"post": [-2.27, 0, 0],
							"lerp_mode": "catmullrom"
						},
						"0.5833": {
							"post": [-4.49, 0, 0],
							"lerp_mode": "catmullrom"
						},
						"0.7083": {
							"post": [-1.5, 0, 0],
							"lerp_mode": "catmullrom"
						},
						"0.9583": {
							"post": [1.88, 0, 0],
							"lerp_mode": "catmullrom"
						},
						"1.25": [0, 0, 0]
					}
				},
				"head": {
					"rotation": {
						"0.0": {
							"post": [0, 0, 0],
							"lerp_mode": "catmullrom"
						},
						"0.375": {
							"post": [-5, 0, 0],
							"lerp_mode": "catmullrom"
						},
						"0.5": {
							"post": [0, 0, 0],
							"lerp_mode": "catmullrom"
						},
						"0.625": {
							"post": [-2.5, 0, 0],
							"lerp_mode": "catmullrom"
						},
						"0.7083": {
							"post": [0, 0, 0],
							"lerp_mode": "catmullrom"
						},
						"0.7917": {
							"post": [-5, 0, 0],
							"lerp_mode": "catmullrom"
						},
						"0.9583": {
							"post": [0, 0, 0],
							"lerp_mode": "catmullrom"
						},
						"1.125": {
							"post": [-2.5, 0, 0],
							"lerp_mode": "catmullrom"
						},
						"1.25": [0, 0, 0]
					}
				},
				"mouth": {
					"position": {
						"0.0": [0, 0, 0],
						"0.375": {
							"pre": [0, 0, 0],
							"post": [0, 0, 1]
						},
						"0.5": {
							"pre": [0, 0, 1],
							"post": [0, 0, 0]
						},
						"0.625": {
							"pre": [0, 0, 0],
							"post": [0, 0, 1]
						},
						"0.7917": {
							"pre": [0, 0, 1],
							"post": [0, 0, 0]
						},
						"0.9583": {
							"pre": [0, 0, 0],
							"post": [0, 0, 1]
						}
					}
				},
				"smile": {
					"position": {
						"0.0": [0, 0, 0],
						"0.375": {
							"pre": [0, 0, 0],
							"post": [0, 0, -2]
						},
						"0.5": {
							"pre": [0, 0, -2],
							"post": [0, 0, 0]
						},
						"0.625": {
							"pre": [0, 0, 0],
							"post": [0, 0, -2]
						},
						"0.7917": {
							"pre": [0, 0, -2],
							"post": [0, 0, 0]
						},
						"0.9583": {
							"pre": [0, 0, 0],
							"post": [0, 0, -2]
						}
					}
				}
			},
			"sound_effects": {
				"0.125": {
					"effect": "pokemon.mime_jr.cry"
				}
			}
		},
		"animation.mimejr_galarian.blink": {
			"animation_length": 0.25,
			"bones": {
				"eyes": {
					"position": {
						"0.0": [0, 0, 1],
						"0.25": {
							"pre": [0, 0, 1],
							"post": [0, 0, 0]
						}
					}
				}
			}
		}
	}
}