{
	"format_version": "1.8.0",
	"animations": {
		"animation.clobbopus.ground_idle": {
			"loop": true,
			"bones": {
				"head": {
					"rotation": ["-5+math.sin(q.anim_time*90*4+90)*4", 0, 0]
				},
				"head2": {
					"rotation": [-32.5, 0, 0]
				},
				"torso": {
					"rotation": ["0+Math.sin(q.anim_time*90*4+90)*2", 0, "0-Math.cos(q.anim_time*90*12/6+90)*8"],
					"position": [0, 0, 0]
				},
				"tentacle_front": {
					"rotation": [-32.5, 0, 0]
				},
				"tentacle_front2": {
					"rotation": [-37.5, 0, 0]
				},
				"tentacle_front_left": {
					"rotation": [-32.5, 0, 0]
				},
				"tentacle_front_left2": {
					"rotation": [-37.5, 0, 0]
				},
				"tentacle_front_right": {
					"rotation": [-32.5, 0, 0]
				},
				"tentacle_front_right2": {
					"rotation": [-37.5, 0, 0]
				},
				"tentacle_back_right": {
					"rotation": [32.5, 0, 0]
				},
				"tentacle_back_right2": {
					"rotation": [37.5, 0, 0]
				},
				"tentacle_back_left": {
					"rotation": [32.5, 0, 0]
				},
				"tentacle_back_left2": {
					"rotation": [37.5, 0, 0]
				},
				"tentacle_back": {
					"rotation": [32.5, 0, 0]
				},
				"tentacle_back2": {
					"rotation": [37.5, 0, 0]
				},
				"arm_right": {
					"rotation": [-27.54948, "-10.54671-Math.sin(q.anim_time*90*4)*4", "-1.09912-math.sin(q.anim_time*90*4+90)*8"]
				},
				"arm_right2": {
					"rotation": [0, -2.5, 10]
				},
				"hand_right": {
					"rotation": [-18.29388, -16.66577, 5.41615]
				},
				"arm_left": {
					"rotation": [-27.54948, "10.54671+math.sin(q.anim_time*90*4)*8", "1.09912+math.sin(q.anim_time*90*4+90)*8"]
				},
				"arm_left2": {
					"rotation": [0, 2.5, -10]
				},
				"hand_left": {
					"rotation": [-18.29388, 16.66577, -5.41615]
				},
				"body": {
					"position": [0, -2, 0]
				}
			}
		},
		"animation.clobbopus.ground_walk": {
			"loop": true,
			"animation_length": 1,
			"bones": {
				"head": {
					"rotation": ["0+math.sin(q.anim_time*90*4)*8", 0, 0]
				},
				"head2": {
					"rotation": [-32.5, 0, 0]
				},
				"torso": {
					"rotation": ["0+math.sin(q.anim_time*90*4+90)*8", 0, 0],
					"position": [0, 0, 0]
				},
				"tentacle_front": {
					"rotation": ["-32.5+Math.sin((query.anim_time)*90*4+90)*6", 0, "0+math.sin(q.anim_time*90*4)*4"]
				},
				"tentacle_front2": {
					"rotation": [-37.5, 0, 0]
				},
				"tentacle_front_left": {
					"rotation": ["-32.5+Math.sin(q.anim_time*90*4+90)*4", 0, "0+math.sin(q.anim_time*90*4)*4"]
				},
				"tentacle_front_left2": {
					"rotation": [-37.5, 0, 0]
				},
				"tentacle_front_right": {
					"rotation": ["-32.5-Math.sin(q.anim_time*90*4+90)*4", 0, "0-math.sin(q.anim_time*90*4)*4"]
				},
				"tentacle_front_right2": {
					"rotation": [-37.5, 0, 0]
				},
				"tentacle_back_right": {
					"rotation": [32.5, 0, 0]
				},
				"tentacle_back_right2": {
					"rotation": [37.5, 0, 0]
				},
				"tentacle_back_left": {
					"rotation": [32.5, 0, 0]
				},
				"tentacle_back_left2": {
					"rotation": [37.5, 0, 0]
				},
				"tentacle_back": {
					"rotation": [32.5, 0, 0]
				},
				"tentacle_back2": {
					"rotation": [37.5, 0, 0]
				},
				"arm_right": {
					"rotation": [-17.81721, "33.5138-math.sin(q.anim_time*90*4+90)*8", "-43.198-Math.sin(q.anim_time*90*4+90)*2 "]
				},
				"arm_right2": {
					"rotation": [-0.54143, "-2.4407-Math.sin(q.anim_time*90*4+90)*4", 22.51153]
				},
				"hand_right": {
					"rotation": [-3.51036, 9.41975, 14.12822]
				},
				"arm_left": {
					"rotation": [-17.81721, "-33.5138476022+math.sin(q.anim_time*90*4+90)*8", "43.1979718233+Math.sin(q.anim_time*90*4+90)*2 "]
				},
				"arm_left2": {
					"rotation": [-0.54143, "2.4407037106+Math.sin(q.anim_time*90*4+90)*4", -22.51153]
				},
				"hand_left": {
					"rotation": [-3.51036, -9.41975, -14.12822]
				},
				"body": {
					"rotation": [0, "Math.sin(q.anim_time*90*4)*8", 0],
					"position": ["0+Math.sin(q.anim_time*90*4+90)*0.2", -2, "0+math.sin(q.anim_time*90*4+90)*0.5"]
				}
			}
		},
		"animation.clobbopus.recoil": {
			"animation_length": 1,
			"bones": {
				"torso": {
					"rotation": {
						"0.0": {
							"post": [0, 0, 0],
							"lerp_mode": "catmullrom"
						},
						"0.0833": {
							"post": [-7.5, 0, 0],
							"lerp_mode": "catmullrom"
						},
						"1.0": {
							"post": [0, 0, 0],
							"lerp_mode": "catmullrom"
						}
					}
				},
				"arm_right": {
					"rotation": {
						"0.0": {
							"post": [0, 0, 0],
							"lerp_mode": "catmullrom"
						},
						"0.0417": {
							"post": [0, 15, 0],
							"lerp_mode": "catmullrom"
						},
						"1.0": {
							"post": [0, 0, 0],
							"lerp_mode": "catmullrom"
						}
					}
				},
				"arm_left": {
					"rotation": {
						"0.0": {
							"post": [0, 0, 0],
							"lerp_mode": "catmullrom"
						},
						"0.0417": {
							"post": [0, -15, 0],
							"lerp_mode": "catmullrom"
						},
						"1.0": {
							"post": [0, 0, 0],
							"lerp_mode": "catmullrom"
						}
					}
				},
				"head": {
					"rotation": {
						"0.0": {
							"post": [0, 0, 0],
							"lerp_mode": "catmullrom"
						},
						"0.0833": {
							"post": [-7.5, 0, 0],
							"lerp_mode": "catmullrom"
						},
						"1.0": {
							"post": [0, 0, 0],
							"lerp_mode": "catmullrom"
						}
					}
				},
				"eye_right": {
					"position": {
						"0.0": [0, 0, 0],
						"0.0417": {"pre": [0, 0, 0], "post": [0, 0, 1]},
						"1.0": {"pre": [0, 0, 1], "post": [0, 0, 0]}
					}
				},
				"eyelid_right": {
					"position": {
						"0.0": [0, 0, 0],
						"0.0417": {"pre": [0, 0, 0], "post": [0, 0, -1.1]},
						"1.0": {"pre": [0, 0, -1.1], "post": [0, 0, 0]}
					}
				},
				"eye_left": {
					"position": {
						"0.0": [0, 0, 0],
						"0.0417": {"pre": [0, 0, 0], "post": [0, 0, 1]},
						"1.0": {"pre": [0, 0, 1], "post": [0, 0, 0]}
					}
				},
				"eyelid_left": {
					"position": {
						"0.0": [0, 0, 0],
						"0.0417": {"pre": [0, 0, 0], "post": [0, 0, -1.1]},
						"1.0": {"pre": [0, 0, -1.1], "post": [0, 0, 0]}
					}
				}
			}
		},
		"animation.clobbopus.blink": {
			"animation_length": 0.1667,
			"bones": {
				"eye_right": {
					"position": {
						"0.0": [0, 0, 1],
						"0.1667": {
							"pre": [0, 0, 1],
							"post": [0, 0, 0]
						}
					}
				},
				"eyelid_right": {
					"position": {
						"0.0": [0, 0, -1.1],
						"0.1667": {
							"pre": [0, 0, -1.1],
							"post": [0, 0, 0]
						}
					}
				},
				"eye_left": {
					"position": {
						"0.0": [0, 0, 1],
						"0.1667": {
							"pre": [0, 0, 1],
							"post": [0, 0, 0]
						}
					}
				},
				"eyelid_left": {
					"position": {
						"0.0": [0, 0, -1.1],
						"0.1667": {
							"pre": [0, 0, -1.1],
							"post": [0, 0, 1]
						}
					}
				}
			}
		}
	}
}