{
	"format_version": "1.12.0",
	"minecraft:geometry": [
		{
			"description": {
				"identifier": "geometry.drilbur",
				"texture_width": 64,
				"texture_height": 64,
				"visible_bounds_width": 3,
				"visible_bounds_height": 2.5,
				"visible_bounds_offset": [0, 0.75, 0]
			},
			"bones": [
				{
					"name": "drilbur",
					"pivot": [0, 0, 0]
				},
				{
					"name": "body",
					"parent": "drilbur",
					"pivot": [0, 0, 0]
				},
				{
					"name": "legs",
					"parent": "body",
					"pivot": [0, 0, 0]
				},
				{
					"name": "leg1",
					"parent": "legs",
					"pivot": [0, 0, -2],
					"rotation": [8.11003, 22.29711, 3.09472],
					"cubes": [
						{"origin": [-5.6, 1.4, -4], "size": [3, 4, 4], "inflate": 0.15, "uv": [18, 26]}
					]
				},
				{
					"name": "leg_part1",
					"parent": "leg1",
					"pivot": [0, 0, -2],
					"cubes": [
						{"origin": [-5, 0, -5], "size": [2, 2, 4], "uv": [52, 0]}
					]
				},
				{
					"name": "leg2",
					"parent": "legs",
					"pivot": [0, 0, -2],
					"rotation": [8.11003, -22.29711, -3.09472],
					"cubes": [
						{"origin": [2.6, 1.4, -4], "size": [3, 4, 4], "inflate": 0.15, "uv": [18, 26], "mirror": true}
					]
				},
				{
					"name": "leg_part2",
					"parent": "leg2",
					"pivot": [0, 0, -2],
					"cubes": [
						{"origin": [3, 0, -5], "size": [2, 2, 4], "uv": [52, 0], "mirror": true}
					]
				},
				{
					"name": "torso",
					"parent": "body",
					"pivot": [0, -1, 0],
					"cubes": [
						{"origin": [-4, 2, -3], "size": [8, 7, 6], "inflate": -0.1, "uv": [0, 0]}
					]
				},
				{
					"name": "tail",
					"parent": "torso",
					"pivot": [0, -1, 0],
					"cubes": [
						{"origin": [-1, 2, 2], "size": [2, 2, 2], "pivot": [0, 2, 4], "rotation": [-17.5, 0, 0], "uv": [10, 40]}
					]
				},
				{
					"name": "torso2",
					"parent": "torso",
					"pivot": [0, -1, 0],
					"cubes": [
						{"origin": [-2.8, 8, -2.3], "size": [6, 3, 5], "pivot": [-1, 9, -1], "rotation": [-10, 0, 0], "uv": [23, 12]}
					]
				},
				{
					"name": "hands",
					"parent": "torso2",
					"pivot": [0, -1, 0]
				},
				{
					"name": "hand1",
					"parent": "hands",
					"pivot": [-1, -1, 0],
					"cubes": [
						{"origin": [2.4, 9.4, -1.4], "size": [4, 1, 3], "inflate": -0.0001, "uv": [0, 60]}
					]
				},
				{
					"name": "hand_part1",
					"parent": "hand1",
					"pivot": [-2, -1, 0],
					"cubes": [
						{"origin": [4, 9, -2], "size": [5, 2, 4], "uv": [23, 21]}
					]
				},
				{
					"name": "hand_nail1",
					"parent": "hand_part1",
					"pivot": [-4, 1, 0],
					"rotation": [0, 0, 10]
				},
				{
					"name": "nail1",
					"parent": "hand_nail1",
					"pivot": [-4, 1, 0],
					"cubes": [
						{"origin": [6.8, 11.2, -2], "size": [3, 2, 2], "pivot": [8, 10, -1], "rotation": [0, -7.5, 0], "uv": [54, 60]}
					]
				},
				{
					"name": "nail2",
					"parent": "hand_nail1",
					"pivot": [-4, 1, 0],
					"cubes": [
						{"origin": [6.8, 11.2, 0], "size": [3, 2, 2], "pivot": [8, 10, 1], "rotation": [0, 7.5, 0], "uv": [54, 60]}
					]
				},
				{
					"name": "nail3",
					"parent": "hand_nail1",
					"pivot": [-4, 1, 0],
					"cubes": [
						{"origin": [6.75, 11.3, -1], "size": [4, 2, 2], "uv": [42, 60]}
					]
				},
				{
					"name": "hand2",
					"parent": "hands",
					"pivot": [1, -1, 0],
					"cubes": [
						{"origin": [-5.4, 9.4, -1.4], "size": [4, 1, 3], "inflate": -0.0001, "uv": [0, 60], "mirror": true}
					]
				},
				{
					"name": "hand_part2",
					"parent": "hand2",
					"pivot": [2, -1, 0],
					"cubes": [
						{"origin": [-9, 9, -2], "size": [5, 2, 4], "uv": [23, 21], "mirror": true}
					]
				},
				{
					"name": "hand_nail2",
					"parent": "hand_part2",
					"pivot": [4, 1, 0],
					"rotation": [0, 0, -10]
				},
				{
					"name": "nail4",
					"parent": "hand_nail2",
					"pivot": [4, 1, 0],
					"cubes": [
						{"origin": [-9.8, 11.2, -2], "size": [3, 2, 2], "pivot": [-8, 10, -1], "rotation": [0, 7.5, 0], "uv": [54, 60], "mirror": true}
					]
				},
				{
					"name": "nail5",
					"parent": "hand_nail2",
					"pivot": [4, 1, 0],
					"cubes": [
						{"origin": [-9.8, 11.2, 0], "size": [3, 2, 2], "pivot": [-8, 10, 1], "rotation": [0, -7.5, 0], "uv": [54, 60], "mirror": true}
					]
				},
				{
					"name": "nail6",
					"parent": "hand_nail2",
					"pivot": [4, 1, 0],
					"cubes": [
						{"origin": [-10.75, 11.3, -1], "size": [4, 2, 2], "uv": [42, 60], "mirror": true}
					]
				},
				{
					"name": "head",
					"parent": "torso2",
					"pivot": [0, 11, 0],
					"rotation": [-2.5, 0, 0],
					"cubes": [
						{"origin": [-2.2, 10, -3], "size": [5, 6, 6], "uv": [0, 13]}
					]
				},
				{
					"name": "nose",
					"parent": "head",
					"pivot": [0, 11, 0],
					"rotation": [2.5, 0, 0],
					"cubes": [
						{"origin": [-1.2, 12, -6], "size": [3, 3, 3], "pivot": [-2, 12, -4], "rotation": [-7.5, 0, 0], "uv": [0, 31]},
						{"origin": [-0.2, 13.25, -7], "size": [1, 2, 2], "pivot": [-1, 13, -6], "rotation": [-7.5, 0, 0], "uv": [11, 30]}
					]
				},
				{
					"name": "head_smile",
					"parent": "nose",
					"pivot": [0, 11, 0]
				},
				{
					"name": "smile",
					"parent": "head_smile",
					"pivot": [0, 11, 0],
					"cubes": [
						{"origin": [-0.6, 11, -5], "size": [2, 1, 3.2], "uv": [24, 34]}
					]
				},
				{
					"name": "eyes",
					"parent": "head",
					"pivot": [0, 11, 0]
				},
				{
					"name": "eye1",
					"parent": "eyes",
					"pivot": [0, 11, 0],
					"cubes": [
						{"origin": [2.81, 12, -3], "size": [0, 3, 3], "uv": [40, 19]}
					]
				},
				{
					"name": "eye_pupiled_m1",
					"parent": "eye1",
					"pivot": [0, 11, 0],
					"cubes": [
						{"origin": [2.82, 13, -2], "size": [0, 1, 1], "uv": [16, 31]}
					]
				},
				{
					"name": "brow1",
					"parent": "eye1",
					"pivot": [0, 11, 0],
					"cubes": [
						{"origin": [1.83, 13.4, -3], "size": [0, 1, 3], "uv": [30, 41]}
					]
				},
				{
					"name": "pupiled_eye1",
					"parent": "eye1",
					"pivot": [0, 11, 0],
					"cubes": [
						{"origin": [1.83, 13, -2.6], "size": [0, 1, 2], "uv": [60, -2]}
					]
				},
				{
					"name": "eye_pupiled_hurt1",
					"parent": "eye1",
					"pivot": [0, 11, 0],
					"cubes": [
						{"origin": [1.81, 11, -3], "size": [0, 2, 2], "uv": [0, -2]}
					]
				},
				{
					"name": "eye2",
					"parent": "eyes",
					"pivot": [0, 11, 0],
					"cubes": [
						{"origin": [-2.21, 12, -3], "size": [0, 3, 3], "uv": [40, 20], "mirror": true}
					]
				},
				{
					"name": "eye_pupilled_m2",
					"parent": "eye2",
					"pivot": [0, 11, 0],
					"cubes": [
						{"origin": [-2.22, 13, -2], "size": [0, 1, 1], "uv": [16, 31], "mirror": true}
					]
				},
				{
					"name": "brow2",
					"parent": "eye2",
					"pivot": [0, 11, 0],
					"cubes": [
						{"origin": [-1.83, 13.4, -3], "size": [0, 1, 3], "uv": [30, 41], "mirror": true}
					]
				},
				{
					"name": "pupiled_eye2",
					"parent": "eye2",
					"pivot": [0, 11, 0],
					"cubes": [
						{"origin": [-1.83, 13, -2.6], "size": [0, 1, 2], "uv": [60, -2], "mirror": true}
					]
				},
				{
					"name": "eye_pupiled_hurt2",
					"parent": "eye2",
					"pivot": [0, 11, 0],
					"cubes": [
						{"origin": [-1.81, 11, -3], "size": [0, 2, 2], "uv": [0, -2], "mirror": true}
					]
				}
			]
		}
	]
}