{
  "nationalPokedexNumber": 848,
  "name": "Toxel",
  "primaryType": "electric",
  "secondaryType": "poison",
  "maleRatio": 0.5,
  "height": 4,
  "weight": 110,
  "pokedex": [
    "cobblemon.species.toxel.desc"
  ],
  "labels": [
    "gen8",
    "baby"
  ],
  "aspects": [],
  "abilities": [
    "rattled",
    "static",
    "h:klutz"
  ],
  "eggGroups": [
    "undiscovered"
  ],
  "baseStats": {
    "hp": 40,
    "attack": 38,
    "defence": 35,
    "special_attack": 54,
    "special_defence": 35,
    "speed": 40
  },
  "evYield": {
    "hp": 0,
    "attack": 0,
    "defence": 0,
    "special_attack": 1,
    "special_defence": 0,
    "speed": 0
  },
  "baseExperienceYield": 48,
  "experienceGroup": "medium_slow",
  "catchRate": 75,
  "eggCycles": 25,
  "baseFriendship": 50,
  "baseScale": 1,
  "hitbox": {
    "width": 1,
    "height": 1,
    "fixed": false
  },
  "drops": {
    "amount": 1,
    "entries": [
      {
        "item": "cobblemon:shuca_berry",
        "percentage": 2.5
      }
    ]
  },
  "moves": [
    "1:belch",
    "1:tearfullook",
    "1:nuzzle",
    "1:growl",
    "1:flail",
    "1:acid",
    "egg:endeavor",
    "egg:metalsound",
    "tm:charm",
    "tm:encore",
    "tm:endeavor",
    "tm:endure",
    "tm:facade",
    "tm:metalsound",
    "tm:poweruppunch",
    "tm:protect",
    "tm:rest",
    "tm:sleeptalk",
    "tm:substitute",
    "tm:terablast",
    "tutor:endeavor",
    "tutor:rest",
    "tutor:sleeptalk"
  ],
  "evolutions": [
    {
      "id": "toxel_toxtricity_amped-form",
      "variant": "level_up",
      "result": "toxtricity punk_form=amped",
      "consumeHeldItem": false,
      "learnableMoves": [],
      "requirements": [
        {
          "variant": "level",
          "minLevel": 30
        }
      ]
    },
    {
      "id": "toxellonely_toxtricity_low_key-form",
      "variant": "level_up",
      "result": "toxtricity punk_form=low_key",
      "consumeHeldItem": false,
      "learnableMoves": [],
      "requirements": [
        {
          "variant": "level",
          "minLevel": 30
        }
      ]
    }
  ]
}